{"type":"FeatureCollection","features":[{"type":"Feature","properties":{"name":"India"},"geometry":{"type":"MultiPolygon","coordinates":[[[[84.7685819052308,19.08002272866605],[84.73910318166656,19.05780871240222],[84.73372746704905,19.037735470215807],[84.74610079571522,19.044952006230176],[84.73168860504512,19.0215838099449],[84.69563976016684,18.975437955397354],[84.6691703516305,18.947564675469437],[84.62472408804626,18.90796540158209],[84.60900230101544,18.88824998345001],[84.56931710050384,18.875733514190358],[84.58214231061919,18.86230163671121],[84.55359310473807,18.783314890969507],[84.50983532434083,18.7490682281163],[84.48890544822791,18.728154809596845],[84.45405244266618,18.688008644483432],[84.42996148553419,18.67086113972988],[84.41351017205687,18.664578555955643],[84.443347232289,18.65970952117749],[84.4097875615468,18.63364842553449],[84.38549462297851,18.606744115648496],[84.36526689165379,18.579487616860092],[84.35034073753508,18.573936633368987],[84.33312526561855,18.56928206711376],[84.31387975764477,18.559666611125238],[84.29745943390583,18.535846291473206],[84.27989137019063,18.51235670020162],[84.32105850594536,18.536605451480455],[84.34241042220327,18.541956351104773],[84.2813115256065,18.493371001870287],[84.25124098428404,18.4639993075221],[84.21204166948752,18.43161262162522],[84.19084795387005,18.410388317366994],[84.14344620417904,18.360020580185676],[84.09631830884291,18.347124697746665],[84.02658055794643,18.34774884523307],[84.01048985282449,18.344953127285066],[84.04196947441176,18.333880210203574],[84.09521393417577,18.337205317671305],[84.12556210970365,18.332891566592593],[84.09346672500942,18.288476003165044],[83.992053988301,18.23625912226072],[83.93868106218133,18.21967474509347],[83.93327140175387,18.212263219871772],[83.87891599147986,18.182962741037727],[83.78808783458595,18.14270483695873],[83.71537769932144,18.107978007179327],[83.65733401465309,18.08160534680934],[83.63016094507162,18.051755619626192],[83.59423231706785,18.02359514390082],[83.57404897807794,18.01551563284022],[83.55662918199124,18.014014280334834],[83.55891270635635,17.97110956265624],[83.48222216991729,17.914618566493687],[83.44830905212109,17.921618838038967],[83.45233617217667,17.89618415437525],[83.42337449044044,17.85311108630765],[83.40389258577426,17.844270997008948],[83.41626175687463,17.807350949187025],[83.38606674938103,17.776429249010675],[83.35578931362596,17.7529812181088],[83.3327012813391,17.708682333622846],[83.2945361877949,17.670676068445857],[83.2600670506539,17.64197258027042],[83.23256668090767,17.626165708380768],[83.21440684709836,17.64646949357234],[83.21381907449074,17.617352961170297],[83.22545741962426,17.59736074700095],[83.1823165354798,17.572745583142193],[83.1117971972829,17.54064497248754],[83.096577690608,17.54407450833196],[83.04452869694188,17.516566179585595],[83.00534265613874,17.49067455668552],[82.96869607056726,17.4626069161763],[82.9101751822389,17.43448411485008],[82.810382240548,17.390047547756183],[82.72319325956136,17.34955884076794],[82.62992587777711,17.299151366142667],[82.56019764980175,17.256106810181222],[82.51749298990961,17.222415065902624],[82.4294488193076,17.147613227168733],[82.36706044958015,17.0893878506688],[82.34915923381163,17.069329302505366],[82.2962079377462,17.01377791441928],[82.2723923773064,16.951410483606992],[82.25113247248566,16.912029962612735],[82.26663722522784,16.871874410375767],[82.31947654580603,16.83869562140586],[82.3405488835242,16.850464428490625],[82.35842741299479,16.815209520403073],[82.36687009997519,16.89195491638634],[82.35086888549074,16.95783163582138],[82.34353014869748,16.980160420866753],[82.37275880767288,16.90834980459988],[82.37171580903743,16.825621276600657],[82.35116432897064,16.757255821898696],[82.344847122197,16.72102427345152],[82.34156586926952,16.710443424024845],[82.35259566026156,16.689221859101565],[82.3639763990916,16.70579830784567],[82.35427523051754,16.682935386658812],[82.32763947977821,16.656493976715694],[82.33619923420736,16.61173923307922],[82.32722090831834,16.572571041120682],[82.32802213771157,16.58640913877076],[82.31798059642745,16.627486008672406],[82.30941496313011,16.605371718230288],[82.28978294632594,16.620387337805425],[82.30458776481356,16.59136796905659],[82.29775985553295,16.570002125897417],[82.26347196865646,16.558165823793786],[82.31432598995252,16.55633823322296],[82.27186421626061,16.546724725165973],[82.19829915128486,16.512886763713198],[82.15582890687858,16.491476762942284],[82.15797029789098,16.49834862209127],[82.19763581943755,16.56475001050461],[82.14078256916031,16.498046314086196],[82.10389687544051,16.46930561556178],[82.0305200808371,16.433506813688552],[81.97027622366886,16.397694250389407],[81.96893875551922,16.437080721298287],[81.95033819994802,16.398439502381166],[81.86748654127092,16.373378421377083],[81.79951561375464,16.342782747026206],[81.75026983568443,16.316806567169408],[81.72805811988638,16.324284886838086],[81.72442825555959,16.33204401082247],[81.69705617949916,16.321976226421782],[81.61984825948963,16.339638452752467],[81.57074087089455,16.349762540109168],[81.56438210465046,16.370230367037834],[81.55124724716279,16.377993836546352],[81.50352880570989,16.34997027270998],[81.43412714675048,16.341988502667334],[81.40386250744882,16.342643732522276],[81.39360357844242,16.357612885026697],[81.41375053805695,16.37552284400408],[81.39327248044066,16.368256594366414],[81.36967299651161,16.356736110782947],[81.3308591626203,16.364475933517554],[81.3112086350705,16.351601143777827],[81.31709931947807,16.345170386803943],[81.30012000233631,16.331146730237435],[81.24554855692043,16.302452312624155],[81.25313963898321,16.263811424657547],[81.24546014726803,16.248351845761135],[81.22785739130563,16.232245514019326],[81.20717714001307,16.182346513380935],[81.1862833015332,16.089662690880516],[81.15576481509419,16.039414094984522],[81.15307731886321,15.97931326509513],[81.12484799733727,15.988494730747277],[81.08724931660271,16.004561197341445],[81.1106648828781,15.994992113095577],[81.12504199908904,15.97569584468755],[81.11089024129166,15.943320802313224],[81.06310308623847,15.908206907922533],[81.03437454924608,15.879650182809712],[81.00997917250089,15.849202446935408],[81.00206843181275,15.796309323516539],[81.00871517806308,15.763731829360495],[80.97694120477286,15.786250485571486],[80.96158156303875,15.803344602071775],[80.95458472060841,15.79856546982063],[80.98881280526683,15.760072480760414],[80.96301553473921,15.738437704336661],[80.9360508021029,15.731483112955345],[80.9229381515745,15.745602407924821],[80.89639256686354,15.771509393943404],[80.87695095991893,15.803682993575364],[80.86104516260423,15.820168081991426],[80.87123210267947,15.80004196326604],[80.89603778701434,15.754799381486293],[80.91552441851718,15.734560886175984],[80.85990712181626,15.715933648619057],[80.82388921271706,15.71339130026837],[80.80556432183602,15.742686413747037],[80.81846363159138,15.741688265201333],[80.81421423150164,15.780718323092174],[80.79938055017232,15.84387630564703],[80.77713255392428,15.866434927729756],[80.69138958206361,15.883369344419748],[80.62165711288549,15.872603364153974],[80.55924275544885,15.859257362037681],[80.54383089368088,15.859477773280673],[80.54681331718092,15.863669517834012],[80.49657275582808,15.856470542881311],[80.52000148637956,15.85249392605391],[80.48177386657073,15.824609889334965],[80.41689111473323,15.796100724868609],[80.34210652769417,15.748143637518922],[80.28755984690946,15.689591393428088],[80.26512851396978,15.660322495187074],[80.24771432965264,15.632024284693046],[80.23026365984009,15.57499958046634],[80.20571287125205,15.549852861520378],[80.18138302090972,15.567409826702203],[80.16828266141573,15.559712032884079],[80.13720161845998,15.551554775432578],[80.17852258145206,15.560242497992931],[80.20092681332181,15.545324624831608],[80.21349251686621,15.531207495429612],[80.20090908678497,15.50448515886302],[80.18763904770395,15.489472661733998],[80.20547852771193,15.491016984746125],[80.18925243685055,15.454285172222967],[80.15660459232811,15.410617170246269],[80.1304922910864,15.38048743734538],[80.11188825513892,15.350315381449718],[80.09504301971964,15.308509317850792],[80.08237544726916,15.23333701868853],[80.0788223742532,15.192097979438245],[80.05152965616878,15.209532885034662],[80.03206970934968,15.207146479126777],[80.06038464993173,15.189300374712559],[80.06614878713685,15.165848875125562],[80.05538897172374,15.122186934579418],[80.04674860206637,15.073729998640601],[80.05655121326794,14.995521760920553],[80.07839855524918,14.907008231444763],[80.09009931423202,14.825598577212645],[80.0865996393619,14.804082946570759],[80.1083935148489,14.746482745482353],[80.12112591043245,14.725833090924482],[80.13016341530943,14.69275788766646],[80.1364071717536,14.688741205142549],[80.15412037075856,14.671058091158045],[80.18191970572991,14.595837440845287],[80.16319001021088,14.574584856505965],[80.12591897767874,14.553061862215202],[80.10294543718226,14.531857575966399],[80.17062065322062,14.56670026990156],[80.18839225959516,14.53309734176895],[80.17299117800053,14.346551382540326],[80.14455838755958,14.262039142792275],[80.12546708813568,14.24029255905441],[80.1295763324818,14.14112723353503],[80.1528502024749,14.022592642536495],[80.15307931286003,14.006907827534235],[80.18466011717072,13.953028211682692],[80.20572509303867,13.90158076913724],[80.23064290754422,13.8449726740497],[80.23850232482249,13.814572046462843],[80.24849222973268,13.786768383054493],[80.23621480027288,13.691467965074594],[80.25602082330244,13.589832506764822],[80.269692968156,13.563152697339149],[80.29563997760295,13.489135712243353],[80.31787000539651,13.458288169263653],[80.31178634806156,13.443715196898893],[80.29621166223848,13.436015393995262],[80.2839195720307,13.43128897280792],[80.28789312486788,13.41257198381004],[80.32512185598893,13.383171376258076],[80.327740262703,13.40553524565513],[80.32689010659323,13.440582997607294],[80.33714837459786,13.370418953671845],[80.33840788141868,13.262919562188074],[80.30771382843051,13.15189460255391],[80.3010101407055,13.101707089510626],[80.29138239368257,13.072197564166288],[80.27325985295988,12.994747293053194],[80.25179410141669,12.87753345360602],[80.25554479325768,12.781417472838143],[80.23181588519498,12.710146207881223],[80.21927082828614,12.675286388156337],[80.18752098020911,12.571697767837748],[80.16292922120664,12.50845518246075],[80.15046171193853,12.461444472384528],[80.14345942860979,12.453243587921293],[80.13105823534931,12.447088269008475],[80.12615534829075,12.416606608008578],[80.10482801769894,12.390971435783172],[80.06787245205209,12.348713790209274],[80.02403051129909,12.286904794320833],[80.00323791579723,12.253711174631064],[79.96054520429777,12.183496446703714],[79.93815396043698,12.150525822009115],[79.90803265238503,12.10080165407311],[79.88821102881599,12.070091104820676],[79.86127791274555,12.015206014545981],[79.85339720221918,11.99284533954085],[79.83407230569242,11.933878299344087],[79.79509635641176,11.784856591158814],[79.78598766389962,11.738870687332394],[79.7670663678187,11.741922897323889],[79.78516768364176,11.726132554074184],[79.76487462376491,11.647324688883316],[79.76320304218672,11.53752572373321],[79.77766364426185,11.509402163379207],[79.80140005536833,11.458255291348678],[79.81416799845442,11.420641832954288],[79.81426739602358,11.370219580669186],[79.80067266301302,11.373197883475598],[79.81227785463932,11.349797567004146],[79.82233205388121,11.355364278738534],[79.83420137459382,11.328096717389656],[79.85393807608142,11.195248602141305],[79.85451530054075,11.085694220212133],[79.85248976109364,10.987980570447007],[79.84525375655568,10.903853412305182],[79.83751206143256,10.871075924214608],[79.84948038850916,10.82700441082494],[79.83655654075181,10.809593346255951],[79.85098065823087,10.742966375497872],[79.85345710426202,10.680994816357725],[79.85720872330398,10.66924991505158],[79.85813873021829,10.571812081962037],[79.85948295677309,10.55653477585929],[79.86150047067025,10.492634190715364],[79.86462977864142,10.455797343672543],[79.86857869545048,10.371482999740692],[79.87444028499124,10.322188878613929],[79.87811917046338,10.305488522177598],[79.87871240375449,10.287313482631191],[79.86865622420544,10.286400606902532],[79.85159667224866,10.282026839567038],[79.83016920484499,10.27881030365262],[79.81213864768051,10.2751091842415],[79.79778122662236,10.271361000609716],[79.7857453829431,10.288601711999434],[79.76986211904159,10.301192396012311],[79.74323491545903,10.315179228038971],[79.73543535166021,10.32326645078615],[79.7235124358503,10.328743861639964],[79.70393759434455,10.327412434236521],[79.72165852122384,10.313703244509156],[79.69477938336189,10.315934430129914],[79.67549090488143,10.325560793995521],[79.63469597783717,10.336071472020876],[79.61486766780865,10.32320778621039],[79.64840602371908,10.316147725037524],[79.6999584783012,10.295174639198308],[79.73369228297253,10.293511933928642],[79.75097424806313,10.290651029521428],[79.76559502389131,10.28655103650118],[79.7749709445535,10.278017008977827],[79.74098820843915,10.277422589480977],[79.687548045406,10.286700412094376],[79.6518460123836,10.2900326116158],[79.6282039815286,10.29834814884805],[79.58445375633585,10.305275283927244],[79.54766057137834,10.306927248593695],[79.55435331075677,10.327658465365914],[79.61115637886383,10.329604347362817],[79.60024878775141,10.347793079087353],[79.58191272729061,10.342497060590915],[79.53277342085676,10.355773576589343],[79.53639417505121,10.339640863235275],[79.52826258245227,10.317802639480249],[79.51773509699717,10.311587156821872],[79.50141429673249,10.314192192415817],[79.39552406128644,10.323693512745479],[79.36483111986036,10.298068792440858],[79.32245037508483,10.276917496944975],[79.29900585153888,10.264468195350958],[79.27283023442783,10.23262647792967],[79.27799434846048,10.213951015127293],[79.25406968946464,10.191310797555332],[79.24018310126917,10.174723105486976],[79.22883405095075,10.145037139452484],[79.2263215780784,10.101699153593131],[79.24562169918215,10.06341887937782],[79.26171658075566,10.044635045570942],[79.23312188536676,10.015087481602052],[79.20806811225361,9.980386534311151],[79.17212969243144,9.947450097344188],[79.12251551607824,9.865157575961405],[79.10518648496839,9.838978098060807],[79.0775924265493,9.80014050947699],[79.03726720012122,9.760604929174178],[79.009407516144,9.727818203247523],[78.97424370308448,9.66505741526754],[78.95572845810193,9.628218693138251],[78.93620132113409,9.603069523539716],[78.91878459353421,9.564609297680988],[78.9151731158467,9.508952059390083],[78.89888907087396,9.460090374571166],[78.9089171358172,9.445589305701958],[78.93736383157562,9.409273487181736],[78.97463131808092,9.367769998686526],[79.03422036178034,9.314407005578914],[79.07196086650083,9.29443753796204],[79.1209814939009,9.293068308455702],[79.16073428206153,9.288336089339111],[79.17942962078041,9.278651693121162],[79.0646000621432,9.261194544592627],[78.98549931923827,9.275144176162826],[78.90489477947057,9.248235839112738],[78.81485455099681,9.237478588566034],[78.7272251054543,9.209449935466182],[78.672888152866,9.193747994674254],[78.64935684833995,9.161436084707589],[78.61107415225041,9.1510743964663],[78.56877561989899,9.128776647923985],[78.49144849924892,9.12906839429104],[78.39127755271693,9.093857590755249],[78.34692100819802,9.062593568138709],[78.30792358130827,9.037201385535582],[78.2966584889981,9.025165869209559],[78.27015164348364,9.013823597081398],[78.2615039083787,9.024324102875084],[78.2235237658092,9.032742314806057],[78.21464011245126,9.032512457084295],[78.25822736520081,9.018582488291258],[78.26716454171032,9.006984155794214],[78.23737813489305,8.980912360017442],[78.19968896257564,8.941310771275141],[78.18575340089876,8.913596334103602],[78.16858274669647,8.831284527658852],[78.16878187728184,8.758440748641704],[78.1890545702123,8.761998946893925],[78.19846068291423,8.786290303554722],[78.20496617355013,8.774734767095879],[78.18977410788881,8.74547867250277],[78.15862813028406,8.714039976363892],[78.13544796065491,8.666727872893091],[78.13248869829482,8.613328369109013],[78.14174476361,8.584465942849022],[78.12753609491489,8.511413907825613],[78.09764900539733,8.453179378025936],[78.061555809553,8.3788196954726],[77.98733517567786,8.340189264822754],[77.95430013794106,8.312692045401604],[77.89534015832169,8.275780167920459],[77.79864057959912,8.233736806508489],[77.78730504069512,8.206271272900949],[77.75554287190607,8.18265900960563],[77.57897240235457,8.132929805466176],[77.56169512632908,8.117786563099457],[77.56417146893818,8.088279598124984],[77.50461184116358,8.080010051322859],[77.40571250812582,8.104232790610865],[77.37374335497191,8.115466586513833],[77.34059396304104,8.125280717131432],[77.30697585345291,8.134287663045257],[77.27676087921128,8.163988112661343],[77.22323103038781,8.197962524650848],[77.17934710388579,8.228027040515542],[77.1572940995431,8.246813046185196],[77.10005572719012,8.29135591674219],[77.07797133560871,8.30765064206355],[77.0439671416703,8.336400860811125],[77.01251184854306,8.357246327456096],[76.9949614376203,8.378138306137942],[76.9737639475482,8.391677268591138],[76.9613452076153,8.42401455292935],[76.93819138182687,8.446844082288635],[76.91071662477248,8.479878000369467],[76.88580902476673,8.508598758226185],[76.87117476540317,8.526798664027183],[76.84610683516235,8.56261318155316],[76.82179320499245,8.592718871079057],[76.79530823728538,8.629147334182164],[76.77363888282821,8.650863168300646],[76.70309989894122,8.743302319446514],[76.68267115834732,8.768133607480024],[76.66336903445341,8.795877739366233],[76.64735136777148,8.814267163798604],[76.62849178946459,8.837412744602545],[76.61991153588872,8.849215412960973],[76.604012594106,8.867027599444214],[76.56998151133774,8.881172978350321],[76.55033467100833,8.896788334214307],[76.53919294859577,8.936512889957953],[76.51449035354705,9.018997658515161],[76.49430445868387,9.069563608074077],[76.47576124658434,9.103465802704704],[76.45812857467405,9.142931742206201],[76.43388747932374,9.191888457486357],[76.42219158747184,9.218850812315168],[76.39380742966921,9.290868551442543],[76.37952110451539,9.321191319323987],[76.36728500070228,9.344323460659211],[76.35010375968085,9.383840817999385],[76.33616732566162,9.430681652436363],[76.32015769532143,9.497257529111721],[76.30721054163325,9.574861798333359],[76.28515275919256,9.74492450106493],[76.25847321686553,9.902221887630049],[76.24825089296439,9.928352728395737],[76.22989684786131,9.989397508288448],[76.21339881999961,10.026287080784186],[76.19727337406704,10.066365904662803],[76.1812829784268,10.134081758366506],[76.16055927279228,10.193112779930914],[76.14053894581576,10.232396736220437],[76.13366849140783,10.264140968031313],[76.11008175986541,10.34344595596616],[76.0933192521818,10.394062973527468],[76.08192667377705,10.419069604178958],[76.06669973870203,10.455342391038585],[76.04950620035095,10.480533451957285],[76.04905648986517,10.48999841179733],[76.05357576301111,10.49277495260202],[76.04633919279956,10.5047100380379],[76.05755352377616,10.523208067298526],[76.06545904300049,10.529046359002336],[76.05401706393639,10.54033509808636],[76.04989067131748,10.56063088920422],[76.03756036621797,10.557766600648165],[76.0459495363421,10.540600723644502],[76.03499467506424,10.521357879462641],[76.02237701228933,10.539905841781206],[76.00069581825744,10.58979056208483],[75.98133532206754,10.630012882688447],[75.96490171983856,10.668704674980802],[75.95219782197194,10.693509733387543],[75.91914861811426,10.770624310963228],[75.89541038947795,10.842954321684658],[75.86683769240562,10.984342573550975],[75.84017782094975,11.090149092007039],[75.82495358743819,11.131790389015293],[75.82381429479392,11.159112162396411],[75.8030541639186,11.16907432502012],[75.77397861002487,11.251834841904497],[75.75633729922703,11.298048388422444],[75.74362492435085,11.320817310670407],[75.73157027764626,11.365958635083018],[75.71897544416146,11.384878467067665],[75.7078264066634,11.404634972526026],[75.69849804664761,11.424347872556325],[75.67669827250734,11.450297387514468],[75.63159460630607,11.463216589374156],[75.6207329210875,11.477323066306496],[75.60065009572537,11.541698106782235],[75.59374474222614,11.557337312666903],[75.57120320096703,11.616959880394234],[75.54421658872462,11.680607435884497],[75.53121905591473,11.702682981734256],[75.51673592312443,11.719818409492063],[75.4812517427738,11.75172826674617],[75.47365696449737,11.768473437299349],[75.46063079907219,11.76997105581961],[75.45453636066458,11.783380149874063],[75.42248122512848,11.814828457067676],[75.41095418009138,11.833242213557355],[75.39394026603048,11.848803485992107],[75.3708645886299,11.854137254430782],[75.35466488657534,11.867681575944005],[75.32301487943317,11.907195389955348],[75.31053500538627,11.934661410096055],[75.32975624515467,11.936371461973465],[75.35056096711497,11.929562281074482],[75.31005948525711,11.967297616491862],[75.28810258876354,11.985243397265037],[75.29623845314217,11.965250096714612],[75.28431991703059,11.962758308249363],[75.25411603502704,12.008049110777904],[75.23344780946888,12.023004369656007],[75.211984530162,12.006119342833472],[75.19847220382923,12.027066563271319],[75.17406283812954,12.083257611249792],[75.16139707601428,12.110413117971063],[75.12995518008756,12.1870401973473],[75.08617977657548,12.297040762621123],[75.06030747740823,12.350151682054559],[75.04535322756948,12.384180118118024],[75.02700725028444,12.406116978615728],[75.01550726045178,12.424723574933068],[75.00381182275748,12.446046192178073],[74.99485566875416,12.479975707313088],[74.97888112456428,12.49505131076944],[74.94453952208136,12.577163666470085],[74.92893489962597,12.617820551177545],[74.8959847893666,12.694164330619401],[74.86079062958396,12.76978394087621],[74.84825743113561,12.787906859314148],[74.83664550988243,12.813706409623137],[74.82401511360666,12.848835702205918],[74.80260820110766,12.93135364585413],[74.78262679858796,13.040613959366794],[74.77328917825304,13.077636546989083],[74.78350900743482,13.070115590462194],[74.78764469094978,13.097240838593848],[74.77679408987541,13.102065625828004],[74.76711450143313,13.089716469139773],[74.74773789478809,13.186902073871636],[74.73633560640314,13.21422504604908],[74.71728222509466,13.279316705901294],[74.70537529923075,13.328723800762816],[74.7116039209842,13.329782961114802],[74.72502460819919,13.285716358023535],[74.72340679798538,13.324435898897661],[74.71016437258777,13.344732004778223],[74.69489419091423,13.383910625275178],[74.69084765089843,13.450975126101241],[74.70937185132993,13.404390959974876],[74.72155239502706,13.402601809126224],[74.74302654623818,13.38702042695121],[74.72385726030438,13.416183107164727],[74.71282425243737,13.438052397100478],[74.72236185051906,13.458575201384463],[74.74879396417015,13.460554063319421],[74.72229926759718,13.471166736156022],[74.70911128086095,13.45157524819922],[74.695408408871,13.481299806840639],[74.68307724042239,13.489146683072988],[74.668823203628,13.610871774612747],[74.67255117229882,13.630348759987328],[74.67854183433826,13.608541641083946],[74.68112766311123,13.63502858640021],[74.69812419327695,13.629867102884532],[74.7117246990357,13.619002133341837],[74.7043764654016,13.638452676849624],[74.73921093773464,13.636599219078732],[74.75819099461876,13.639452308377372],[74.71147455800451,13.648969240937788],[74.70728225497214,13.672344650685147],[74.67950614769063,13.675141962231805],[74.695962501868,13.697214250737147],[74.68063032183193,13.702778836474181],[74.66007624362379,13.650865804113607],[74.65305359424804,13.65954705515253],[74.63996991537937,13.701287443960439],[74.62802232037382,13.778719233106187],[74.61231017767261,13.841174783989118],[74.62117712252626,13.848111078663408],[74.62635758443503,13.858920906274875],[74.61186184854552,13.863370227454084],[74.60319306031153,13.872291027309132],[74.57954213246347,13.927340843704997],[74.57107923861605,13.945093893468481],[74.53863740179469,13.967589971300185],[74.5225634798208,13.980391287328075],[74.51580271302487,13.989453236677605],[74.52258818149943,14.024816508575043],[74.51738303589843,14.034161532129076],[74.51009516745808,14.034545727003774],[74.49658902756164,14.068550221315718],[74.48405380473935,14.119865771088541],[74.47459204198918,14.169339067743806],[74.44557434867733,14.223957276107456],[74.43269313328153,14.266209121054146],[74.45815854677954,14.25000981560055],[74.49798559106222,14.243421443444902],[74.50922463361002,14.253307045883503],[74.48728049489898,14.27911958510083],[74.43563987528006,14.287582626437086],[74.42599128107281,14.280742348780393],[74.40347472028219,14.367488609711643],[74.3944959240477,14.419411613755017],[74.37072710946859,14.474125068417209],[74.3622924102666,14.48694240406877],[74.36432108475032,14.520688778564306],[74.37813796019879,14.514704303860583],[74.37815266951014,14.478432727488439],[74.39015815477507,14.450257776275407],[74.41029672911083,14.459295545553061],[74.4324200721287,14.465064468050798],[74.42128336253722,14.477978543774839],[74.39783437565598,14.501832674338516],[74.38690412522527,14.521879201264198],[74.37708387562043,14.535519286186172],[74.36952278594788,14.55709277920846],[74.35230217080857,14.535975768566914],[74.33082342765914,14.514176435993761],[74.31181663752784,14.525765005450694],[74.31209098111395,14.556226437100463],[74.30083254288758,14.575323884289901],[74.30144874846104,14.592331414962871],[74.3149060434792,14.59695620916176],[74.35125005124894,14.595742205338581],[74.42583590610224,14.622055476279229],[74.36982990622522,14.599482864342747],[74.34765333143616,14.608708888704314],[74.3254929984032,14.610914202628408],[74.30821958946257,14.602213393133638],[74.28057459074483,14.61490871956181],[74.27515827173693,14.629673956188185],[74.28199973200208,14.650422887806087],[74.27946643982438,14.673135811068903],[74.25555681569455,14.707255593071238],[74.26253756205892,14.722413403555777],[74.24937058528434,14.735480907218118],[74.22486447951218,14.745112445782809],[74.20364665396994,14.730315850696002],[74.18319370902253,14.738617798272799],[74.17132827248184,14.757730111255682],[74.16258160385797,14.765043400832326],[74.15121193478302,14.765128679944667],[74.13211701199054,14.778193883141228],[74.12009883729155,14.782561914600706],[74.10048651564023,14.79424755777859],[74.11464904821509,14.7989125732567],[74.12793019032608,14.834593818450003],[74.16163980233506,14.83389806874095],[74.1677385053278,14.821836756261348],[74.1766690358474,14.842387133759246],[74.18148725982923,14.85664498997437],[74.22343774465622,14.862634795859208],[74.25014549242059,14.871297338301588],[74.20917350775125,14.883961851258505],[74.18499766720862,14.880377700370616],[74.14643441681494,14.857792532999042],[74.11431825868073,14.843070792083438],[74.0960888820963,14.884404898667185],[74.08186633056675,14.9033241200122],[74.0642655387237,14.905700030831781],[74.04234372118583,14.915120975152945],[74.04675983939512,14.950658697540916],[74.03955875823016,14.976515433040845],[74.02536485460439,15.000608698732492],[73.99807410783387,15.013234432922786],[73.98737686814798,15.039803125713718],[73.98400009103142,15.054778960180897],[73.96254227690463,15.069383846787161],[73.9139144895621,15.083739171525622],[73.9160318632799,15.107034190875254],[73.93836795171967,15.131585455204629],[73.95831183722157,15.144364167672222],[73.94911919929166,15.175685410553285],[73.9500626852448,15.145340164117329],[73.9417248996844,15.166596389811616],[73.9228503737458,15.237431685923639],[73.89223339265698,15.336527773537966],[73.87808755869395,15.364280651331057],[73.85818427488442,15.363473914489589],[73.84306535018584,15.361053947681569],[73.8040331734922,15.393399405058574],[73.78705534562778,15.412300690324628],[73.81545870755338,15.400381747719507],[73.82988571455417,15.404828476153284],[73.84402623172525,15.401352078435707],[73.86520550513,15.404870051811486],[73.90797783540881,15.407333080857029],[73.92678272144548,15.405641274425307],[73.9262597863601,15.415602684316468],[73.93605166685103,15.436138907384702],[73.91014998773181,15.41864181996408],[73.86954556767387,15.430628399680927],[73.85733549563668,15.443851819705742],[73.84283653477831,15.451850747913738],[73.79496562856099,15.458159128740874],[73.80865447022768,15.468110086711192],[73.81840271111628,15.493887975050086],[73.82447158449611,15.506279234399187],[73.80607073687509,15.494206796406559],[73.77270162438055,15.491278123586596],[73.75542237164518,15.544660127462976],[73.74089719195189,15.569441514814116],[73.74553901121647,15.604727549336985],[73.76016520635926,15.629972239527262],[73.74710002744439,15.632547031820138],[73.73049552974499,15.619285926604277],[73.71485035955652,15.651746410868213],[73.69826988274895,15.694190125274133],[73.69197461673525,15.718397010413753],[73.67804023676757,15.725011298332788],[73.68534312658409,15.753635209997014],[73.64613773596778,15.811014973762099],[73.61575396527331,15.86667946598459],[73.5746321607457,15.91291962613991],[73.53729408015772,15.937253653833125],[73.50617212884072,15.948268695044305],[73.48917328382004,15.992017389590899],[73.46025585142644,16.05595088362645],[73.4741212623864,16.095991431459424],[73.4647905983075,16.153942796223134],[73.45878662450315,16.11432273450663],[73.44172832710069,16.196354681823152],[73.39822298010648,16.30396976119556],[73.39216460990889,16.35638097570154],[73.41066066245963,16.361372880354168],[73.39389057259189,16.365949223577843],[73.3744723525171,16.385169684533366],[73.45660949083538,16.411435656530386],[73.45299773795529,16.413661207898485],[73.41115393340738,16.410716050505357],[73.36976099767196,16.393796814371512],[73.34439272804201,16.475033928273206],[73.31385275769867,16.5351034977283],[73.34420866289952,16.57455430613635],[73.3242425236736,16.603401832428688],[73.34293411221955,16.607762674707715],[73.37880294969642,16.61105915405676],[73.3860741168271,16.596933413646184],[73.39236645644684,16.626678305959103],[73.34192354853298,16.62628638500871],[73.33083574857102,16.664338653206357],[73.34541516817552,16.690568828588596],[73.31176315684428,16.716253606518762],[73.31196457080836,16.80573417968867],[73.29412058699558,16.885485732280756],[73.2861587117552,16.891784725984394],[73.2849775475758,16.944908627131497],[73.3110572304069,16.954472053742336],[73.33121720411071,16.968070299504745],[73.3111219402254,16.973980834647875],[73.28112405333246,16.99028806774021],[73.2842055344579,17.00234364614238],[73.25896637599749,17.025522991992545],[73.26714469916857,17.047950343633488],[73.31239406273585,17.076780430272663],[73.28947555535268,17.090590694804746],[73.27363466121068,17.119665763963894],[73.2774656625104,17.155342030510326],[73.23887472378954,17.200096354163463],[73.22846246217296,17.248986834374932],[73.18955685426545,17.302590805321472],[73.24604906811004,17.317149309393187],[73.23019501688657,17.333389927003566],[73.21909028718704,17.35933600565221],[73.20588368718245,17.387458663086875],[73.1685970037488,17.403738978571027],[73.19005135728435,17.42276378572018],[73.19623685114982,17.443686574276057],[73.18361264041107,17.508109133130063],[73.14461757334237,17.5491464724318],[73.14546465377083,17.60388450736417],[73.13098061626249,17.658131680632607],[73.13270870404352,17.70247946125818],[73.09623393664691,17.822785334475668],[73.12508141527513,17.833361935504968],[73.07943887620326,17.89028235524654],[73.0559600938833,17.90733813454733],[73.0281085622604,17.98675033336127],[73.02464984251628,18.021505356886735],[73.03633037754497,18.047503336309944],[73.00933944855677,18.04876832359929],[72.99997157592753,18.067796523890536],[72.97640968186141,18.133164872760744],[72.94771138906941,18.21852774885656],[72.94123633329019,18.233583883789265],[72.94720047252383,18.28494683502845],[72.95354427854568,18.332321409005885],[72.91420590877573,18.35862855016751],[72.91222316356823,18.39208109726485],[72.89213014978662,18.456557545294515],[72.90759035730918,18.497782255646655],[72.90473930587433,18.53616954558811],[72.92769557489095,18.54246334930417],[72.90490165149009,18.582989692020703],[72.86632747793084,18.622632434639172],[72.86167413385425,18.678597767173244],[72.86553275513262,18.75949807957278],[72.80958980312698,18.89405796080632],[72.82199138399523,18.934327335737976],[72.79447698752301,18.938605518629856],[72.79956457554476,18.964715052657596],[72.81786305243799,19.048397865669017],[72.82633440171134,19.1116618135419],[72.79976678450953,19.13748618424006],[72.78023845324208,19.154058867522792],[72.7888916238494,19.192083955510213],[72.78223334829045,19.25785348295193],[72.78419965748827,19.298201705044676],[72.76597601857844,19.363260536044947],[72.74580200915545,19.464035867461348],[72.71827754567227,19.53072395794436],[72.71173776478605,19.58114353474639],[72.72117617214269,19.609668485012605],[72.6948063185568,19.662139454072587],[72.70371043149129,19.68236400539456],[72.70672915522641,19.705710766338825],[72.67846052073651,19.713664213132972],[72.67092226035408,19.761884990699798],[72.68676873748728,19.79374020334774],[72.69941273690836,19.80995559677342],[72.67735462351709,19.806317857083513],[72.65500517384976,19.812126368637053],[72.65154310233237,19.862948330001473],[72.6691135789286,19.894067880128603],[72.65044803924565,19.942412394516452],[72.68022778658315,19.949751171779212],[72.70796702795604,19.968361277251176],[72.72065092490033,19.94366680667781],[72.7365046118984,19.92258700818394],[72.74533255765147,19.912729105763674],[72.75673876348321,19.88380045612621],[72.77074497859792,19.907178785972235],[72.76950103454516,19.937744250296987],[72.7549037957736,19.948772633850012],[72.76760901744228,19.966970162742882],[72.74722691568968,19.972041203238973],[72.72562931094399,19.983333721274278],[72.71923822486423,19.992404179109656],[72.7179693570003,20.024131091776496],[72.71177925680729,20.036688312016054],[72.71330116691536,20.095986649864074],[72.73205333109638,20.146073308436485],[72.73752586402748,20.19015358571943],[72.7507323848917,20.202988566069507],[72.76944581347357,20.212476428044795],[72.7434971537707,20.22151007662876],[72.74457325645068,20.26252999516322],[72.75879484030969,20.307628634154185],[72.77645284342407,20.357655892505477],[72.81306160081226,20.402125980030007],[72.81945623112023,20.430365411734442],[72.8518783754867,20.483849670326094],[72.87121376440376,20.529264793335585],[72.88267951794546,20.61017978986547],[72.83563253191585,20.74943413038085],[72.8123071055885,20.83700951857446],[72.7964435692154,20.868657296297215],[72.78408422590638,20.932021697543348],[72.81468713890041,20.94403595029894],[72.8437134675026,20.944419458091545],[72.81859488474618,20.955770548072394],[72.77418135918242,20.935965917193357],[72.77091574186807,20.917678281627445],[72.74681783567462,20.950163004419153],[72.72843981644445,21.006482467491935],[72.73022588531643,21.05240662206802],[72.7453344669122,21.060365369466297],[72.69688026311371,21.061986514366197],[72.70403479896686,21.08542061027299],[72.70263862127541,21.091249466289867],[72.7026424344009,21.095022201413542],[72.70083045336281,21.09792137197377],[72.7004184676382,21.10153007525281],[72.7023639629266,21.1051425943553],[72.70458411566449,21.106809616370754],[72.70569419203338,21.109582901629665],[72.70652961185215,21.114580154550538],[72.70569419383202,21.121812821704395],[72.70652961095283,21.127363205347706],[72.70874976638868,21.13236045826858],[72.71264075696541,21.136251450643954],[72.71514319879964,21.140142441220746],[72.719583506074,21.14046668998583],[72.71875190117936,21.143751144499788],[72.70652961185215,21.146806717056393],[72.69347571763029,21.154584885983752],[72.68347358283961,21.157644271665845],[72.67069434606725,21.15736198436815],[72.66569709224706,21.154027938538604],[72.66263770476633,21.149030684718355],[72.66124915602381,21.14542198323801],[72.65986060638193,21.138750075755468],[72.66124915602381,21.12681007462527],[72.65819739749196,21.123472212972274],[72.6590290023866,21.113752365479343],[72.66042136515392,21.111532210942812],[72.66014289278036,21.106809616370754],[72.65875434403779,21.101804733601625],[72.65680884785013,21.099584579065095],[72.65708350619889,21.094312667795407],[72.65846824181597,21.0876407639102],[72.65625953025318,21.08570289667142],[72.6526431980252,21.07903480591159],[72.6504154145398,21.077085495699123],[72.64514350416943,21.080694199877485],[72.63553809540684,21.08035850634002],[72.63347053064052,21.082086563544124],[72.62986182646216,21.08708000244019],[72.62486457264197,21.091531753587617],[72.6262531222838,21.09430503794721],[72.62569617753661,21.097639083776755],[72.62652778063261,21.102361680147453],[72.62568854678904,21.106252671623565],[72.6231937366017,21.107362747093134],[72.62319373570239,21.113752366378662],[72.62625312318312,21.115690230919483],[72.6262531222838,21.11986350969329],[72.6237506813489,21.120420457138437],[72.62346839315188,21.12347221387165],[72.62542151828848,21.128751754989537],[72.62375068224827,21.13236045736926],[72.62319373480307,21.135141373375745],[72.62486457354129,21.137640000285842],[72.62208747155961,21.14041710046888],[72.62069892371642,21.1451396932423],[72.61985968897352,21.14875221234479],[72.62153052681242,21.148469925946358],[72.62014197806991,21.150697707633128],[72.62097358296455,21.15514182983162],[72.6195812165999,21.162916184734172],[72.61792182353338,21.164030076027245],[72.61958121570058,21.1656970980427],[72.61985969077216,21.175416947334327],[72.61931037317521,21.184320450528446],[72.61792182353338,21.187921523959233],[72.61875342842802,21.192361832132917],[72.61902808587752,21.200140000160957],[72.61847113933169,21.205419541278843],[72.62097358296455,21.207361220743792],[72.62153052681242,21.210702895522275],[72.62403296864665,21.21208381621517],[72.62040900746979,21.21292304915943],[72.62041663641867,21.21847343460138],[72.61985968987284,21.220422745713222],[72.62180137023711,21.22292137262332],[72.63041877210873,21.224313737189277],[72.63292121304363,21.22263908442625],[72.63485907938309,21.220422744813845],[72.63764380851501,21.219030381147206],[72.63930701650565,21.217084884959547],[72.64930915309498,21.218198776252564],[72.651803965081,21.21986198424321],[72.65236090982819,21.226251602629418],[72.64875220654915,21.22005190756954],[72.64541816251824,21.220422744813845],[72.64236640398639,21.222085952804548],[72.64041709377392,21.224313737189277],[72.63708304794437,21.225973129356476],[72.62930488081565,21.229032515937888],[72.6251392318901,21.229581832635517],[72.62208747335825,21.233472825010892],[72.61902808587752,21.23125267047442],[72.61458777860315,21.229585648458965],[72.61097144547591,21.229028702812457],[72.60901832033926,21.230970384075988],[72.60930823838453,21.233751297384515],[72.60515021840791,21.23624992339529],[72.60375403801851,21.237924575259],[72.60291480417493,21.24041938814429],[72.60125159618428,21.242086411059063],[72.60041617726483,21.246530533257555],[72.59708594725873,21.25458335963441],[72.59792518110226,21.26014137312592],[72.59764289200592,21.26458549442509],[72.59819983855175,21.267641068780335],[72.59792518200163,21.270139694791112],[72.59680365996098,21.271806718605205],[72.60263633090199,21.274862290262547],[72.60291480417493,21.277360917172643],[72.59348105890382,21.27792167684396],[72.58902930595775,21.27625083900506],[72.58790778661512,21.277639389546266],[72.58930396430657,21.282365799941772],[72.59708594725873,21.280416489729248],[72.59736060650687,21.2812519086487],[72.5948657927222,21.282918929764833],[72.59124945959496,21.283197403937095],[72.58902930775639,21.284585953578926],[72.58819770196243,21.289304734126233],[72.58847236121056,21.29319572380365],[72.58957862265538,21.295690535789618],[72.58930396520589,21.298482894769847],[72.59097480124615,21.300695420357386],[72.5937519023285,21.308469773461354],[72.59347724308037,21.31236076403809],[72.60180854183079,21.32236289972809],[72.60763739964631,21.325418473184016],[72.60930823748521,21.330972672650773],[72.6137485456589,21.336530685242963],[72.61624717256899,21.33847236650655],[72.62236213170706,21.345693589787402],[72.62291907645425,21.347917556550044],[72.62458228534427,21.350690841808955],[72.6237506813489,21.354860306557953],[72.62819861847152,21.35819435148818],[72.63540839608066,21.36236000131305],[72.63485907848371,21.369859695168827],[72.63633536688371,21.37180900717999],[72.63791846686382,21.373193740099055],[72.64013480647617,21.374032973942633],[72.64402961287641,21.373193740998374],[72.64792060345314,21.371252059734843],[72.64347266633052,21.358472824761122],[72.64514350416943,21.36000251850146],[72.64906882726461,21.36736106915805],[72.64958381234311,21.37097358736122],[72.64819144597851,21.374860764812524],[72.64541816251824,21.375417710459033],[72.64235877413819,21.374860764812524],[72.63958167395515,21.375692367908528],[72.63569831232729,21.374307632291448],[72.63125037610405,21.366250991889842],[72.62930488081565,21.365419387894462],[72.62346839315188,21.366250990990466],[72.62403296954596,21.36819648717818],[72.62291907645425,21.373762131417266],[72.62486457354129,21.38014030593041],[72.627641672825,21.384313583804897],[72.63597297157543,21.392084122884],[72.63875007175847,21.39624977091023],[72.64235877503751,21.399034500042205],[72.64430427032585,21.401811599325924],[72.64679908141255,21.402921677493453],[72.64763831525607,21.40458488458478],[72.65069770363618,21.406530379873175],[72.65319632874764,21.412916183335255],[72.65513801001123,21.41403007552759],[72.65573310399958,21.415140152795857],[72.65957831818491,21.418470382801956],[72.6618022867462,21.42319679319752],[72.66430854260523,21.426736832338975],[72.66764258843477,21.428476333416086],[72.67514228229055,21.430414200654866],[72.68042182430781,21.43430519033234],[72.68263816392016,21.439863206521807],[72.68596839392632,21.44514274494179],[72.68792151816359,21.452360153298514],[72.68958472615424,21.455972671501627],[72.69346499411427,21.461974063352386],[72.69625281691401,21.465139389171497],[72.69403266327686,21.46597480719163],[72.69029044484819,21.46319389298384],[72.6843051850363,21.455419539879927],[72.68319892269216,21.453470229667403],[72.68208503139914,21.4490413662661],[72.67986487686261,21.447641372751207],[72.67763327935239,21.4470844271047],[72.67096900351675,21.447362899478264],[72.6526431980252,21.436807633065882],[72.64792060255382,21.43652915889362],[72.64597510726543,21.434579848681096],[72.64457892777534,21.436105727497363],[72.64402961107777,21.442083358360378],[72.64819144687783,21.445692062538683],[72.64986228381741,21.448194503473587],[72.6526431980252,21.462362289887835],[72.65597724385475,21.465696334818062],[72.65207862253044,21.465139389171497],[72.65430640511659,21.466527937914066],[72.65764045094613,21.47015190088956],[72.65930365893678,21.47236061065371],[72.66041755112911,21.475141524861556],[72.66458320005472,21.477640152670972],[72.66902732225316,21.500974654956394],[72.67041968681917,21.503194809492925],[72.67069434516793,21.509031296257376],[72.67152594916325,21.512361526263476],[72.68069648175731,21.514860153173572],[72.68208503049982,21.51764106738142],[72.67986487686261,21.515970230441837],[72.67133139972435,21.514787674111915],[72.67292212775408,21.516530990113154],[72.67402839099748,21.52042198158921],[72.68152808575263,21.52597236613184],[72.6881961765124,21.528310775222167],[72.69264411363497,21.52736091577367],[72.69930457544586,21.52724647524468],[72.7056941929327,21.527917861420235],[72.70707511362565,21.529310226885514],[72.71457862240555,21.531530380522668],[72.7215290013624,21.534311293831195],[72.73633573720457,21.5381984712825],[72.74153327364172,21.543195724203372],[72.74236487763704,21.548749923670073],[72.739587777454,21.552640915146185],[72.73597144522608,21.553472519141508],[72.73652839087259,21.555974960076412],[72.7345828955842,21.55569648770279],[72.73319434594237,21.55208015367623],[72.73937983441186,21.550142289135408],[72.73986243670214,21.544862747118145],[72.7370777066709,21.54042243984378],[72.7259845674339,21.537641524736614],[72.71930884772519,21.537084579090106],[72.70791816059472,21.53320121746225],[72.70597266620564,21.532083511245105],[72.70181464532965,21.532640456891613],[72.68958472615424,21.53597450272116],[72.68736457161776,21.537641524736614],[72.68653296852176,21.539308547651387],[72.6829051915214,21.542631149607928],[72.68189811090917,21.540700913116723],[72.67069434516793,21.536531448367725],[72.66541480405004,21.532640456891613],[72.66236304641751,21.528749465415558],[72.66041755112911,21.52736091577367],[72.6434792070998,21.530936055454617],[72.62072496358627,21.54776796112253],[72.60846900274231,21.58402824380846],[72.61429404653308,21.591531753487686],[72.61680793224036,21.593481063700153],[72.62153052771174,21.600423812808742],[72.62291907645425,21.604310989360727],[72.6262531222838,21.609582900630414],[72.62708472627918,21.613470077182342],[72.6287555632187,21.61708259538551],[72.63513373773185,21.620420456139186],[72.64125251179405,21.619028091573227],[72.6434726654312,21.617650985804403],[72.64875220654915,21.61792182922909],[72.65180396418168,21.623193740498778],[72.65319632874764,21.623193740498778],[72.65680884785013,21.62457847521648],[72.65791511019421,21.627641677621398],[72.66485404347935,21.627740859353253],[72.67347144535097,21.628751754889606],[72.67653083193238,21.630140304531494],[72.67764472322546,21.631532669097453],[72.69180488069077,21.640695571843196],[72.69680976256058,21.648469924947108],[72.69957923379468,21.650972365882012],[72.70236396202728,21.652082443150277],[72.7056941929327,21.651471056144374],[72.70708655749871,21.650682448736063],[72.70986365678237,21.64819526659835],[72.71290778546597,21.643751143500538],[72.71763419496216,21.639860152923745],[72.72625159683378,21.63903236385255],[72.73597144432676,21.640138625297368],[72.74041938234865,21.642084121485084],[72.74458503127426,21.642084121485084],[72.74819373545256,21.642915725480407],[72.75096701981215,21.64628410292903],[72.75097083473628,21.6490306855178],[72.75235938437817,21.649862289513123],[72.75903510408682,21.649309157891366],[72.77097510701566,21.64597129803701],[72.78430365958627,21.64513969404169],[72.78875159580957,21.645654678220865],[72.79319953383146,21.646528243683576],[72.80542182315867,21.65041923515963],[72.81236457316658,21.65374946606505],[72.82930945796517,21.664861679023318],[72.83403205253722,21.66708183266047],[72.83458899818379,21.669309616145938],[72.83319281959302,21.67252159069892],[72.83125495325356,21.672426223891193],[72.81958197972466,21.668195723953545],[72.7993106780454,21.66208457884028],[72.79374884962976,21.661806106466713],[72.77903174741726,21.663473128482167],[72.76930427007608,21.6665325159629],[72.76264380826518,21.66930961524662],[72.75514411351008,21.673749924319623],[72.7512493071099,21.67708396924985],[72.74764441875499,21.68457984908082],[72.74375342817825,21.68764305058636],[72.74096869904628,21.68903160022819],[72.73486518288195,21.688753127854625],[72.72931098341519,21.685972213646778],[72.72097205571583,21.683469771812554],[72.71902655952817,21.681806563821908],[72.71124839239945,21.67847251889168],[72.69846915652641,21.6812496181754],[72.68653296852176,21.679582596159946],[72.6793041171913,21.680421829104205],[72.67597388628587,21.681806563821908],[72.6695880828238,21.683202744211314],[72.66402243948403,21.682081223070043],[72.66097449677568,21.679861068533512],[72.65736579349664,21.67819404561874],[72.65291404144989,21.677362441623416],[72.65014075619098,21.67819404561874],[72.61374854475957,21.680971144902458],[72.60847663259057,21.682081222170723],[72.60069465053778,21.6812496181754],[72.59680365906166,21.6803531640673],[72.58875464760894,21.67486381561264],[72.58264350249573,21.67208290140485],[72.58130073014462,21.672361373778415],[72.57930945756544,21.67069435086364],[72.56541633039939,21.664583206649695],[72.56263923111567,21.65903282210712],[72.55986213093263,21.660417555925505],[72.55853461558013,21.659311294480688],[72.54985999524263,21.658472060637166],[72.54429816592767,21.66014289847601],[72.53735923174321,21.664861679023318],[72.53235434897408,21.67125129651015],[72.5326404511959,21.67347145014736],[72.5292987773168,21.67514228798626],[72.52569770208731,21.67819404651806],[72.52430915244548,21.680139541806454],[72.52401923529953,21.687360763288666],[72.52208899880833,21.689584731849948],[72.52319526115241,21.69597434933678],[72.52124976586407,21.69680595423148],[72.52041816096943,21.700139999161706],[72.51875495297878,21.702081680425238],[72.51957511310104,21.70458030733539],[72.51764106168571,21.70681190484561],[72.51791572003452,21.713472366656447],[72.51930426967635,21.711252213019293],[72.51957511310104,21.707929611962072],[72.52179526673825,21.708471298811446],[72.52041816186875,21.710702896321664],[72.52069281931819,21.71236228938818],[72.52348517829842,21.717359543208374],[72.52514075554149,21.71875190687507],[72.5265293060827,21.720972061411544],[72.52958869356343,21.727361678898433],[72.5326404511959,21.73153114274811],[72.53735923174321,21.734853744704594],[72.54319953343179,21.74252891517733],[72.54291724523472,21.745695114238174],[72.54403113652779,21.748994826650005],[72.54403113742711,21.758752822484837],[72.54470633852674,21.761804580117314],[72.54763984070615,21.767919540154708],[72.54763984160547,21.769552230551028],[72.54957770794493,21.77514076253624],[72.55208777782872,21.792360305683587],[72.55719565725383,21.80264091464653],[72.56118964538587,21.807104110566286],[72.56730460542326,21.81820106472742],[72.57076804750744,21.823125703688333],[72.57360267012717,21.823877334571364],[72.57917212839106,21.827066421378277],[72.58444136237904,21.831721161202665],[72.58790015586754,21.83741569447875],[72.59673499492413,21.8474216459922],[72.60157203092456,21.855268478157768],[72.60465792412396,21.855928499600623],[72.60983085061332,21.8603763584822],[72.61297992568308,21.863441188659976],[72.61706085487464,21.8691668402775],[72.6211147243651,21.883787154753463],[72.62130884033076,21.898880441579138],[72.62722587037769,21.906740188908657],[72.6248358707789,21.919651351728533],[72.6143721625453,21.92091725902435],[72.61167716416986,21.936841965484348],[72.62736324451816,21.94783844199054],[72.63430976268546,21.956430434417086],[72.62038010685649,21.949302751420873],[72.61096695785886,21.94221815044733],[72.58940257586823,21.923648104376582],[72.58597373340115,21.917810440399535],[72.5855463989472,21.908730737533574],[72.5869760979686,21.902297171976954],[72.58574102662715,21.89529519891437],[72.58309438479807,21.8883865449032],[72.57636832553783,21.88273429864904],[72.55222732922789,21.880111003220293],[72.54523230792472,21.87740000320764],[72.5268093019078,21.878709327973183],[72.51837887538483,21.878291340173234],[72.51557349602007,21.885808944027588],[72.51625251204388,21.889585494974654],[72.50818824179396,21.89735221823031],[72.50680732200038,21.901250838655358],[72.50653266365157,21.905141830131413],[72.50514411400974,21.90902900668334],[72.50596427323268,21.913751602154775],[72.50458335343905,21.925695419108365],[72.50319861782202,21.932638168216954],[72.50264167217551,21.948461532773592],[72.50290870067607,21.955972671401696],[72.50459479641279,21.967359542708778],[72.50514411311036,21.979310989510623],[72.50903510458647,22.000421524134083],[72.5145816751043,22.020139694191585],[72.51735877348864,22.027921676244432],[72.52014350262061,22.04042243974385],[72.5265293060827,22.07764244114577],[72.53486060663175,22.107641221065535],[72.53763770591547,22.114587784198932],[72.53875159720849,22.120973587661013],[72.54014014685038,22.124032975141745],[72.54347419267992,22.136529923717035],[72.54597663451415,22.143194199552738],[72.54763984160547,22.150693894307835],[72.55636405415783,22.16875267129882],[72.56875037622893,22.187559128451085],[72.58208655774848,22.200971604855738],[72.5915317486913,22.207921982913206],[72.59829144799198,22.211804460507494],[72.61358573059704,22.217084000726118],[72.63874345005024,22.217907409199597],[72.64848517804859,22.21681022731019],[72.65902900148728,22.212080002889877],[72.67151832021437,22.20236015359825],[72.6759738871852,22.200143814885223],[72.6806888537077,22.19874763449576],[72.6856937355775,22.195974350136225],[72.69014167270007,22.192922591604372],[72.69346427375729,22.189310074300522],[72.69625281781333,22.187364579012183],[72.70347785511899,22.184030532283316],[72.70736121674679,22.185140609551524],[72.71486091060262,22.185140609551524],[72.72764014647561,22.18124961807547],[72.73291968759355,22.17791938806937],[72.7434711408805,22.17430686896688],[72.75403022221701,22.173196792597935],[72.75875281768845,22.174585343139142],[72.76209449246693,22.177640914796427],[72.76236152186681,22.179582596060015],[72.7701435039196,22.188753127754694],[72.77735709645287,22.19902992269283],[72.78291129502031,22.212919235834136],[72.79014014725004,22.22347068822171],[72.79319953473077,22.22930717498616],[72.8004245702378,22.238752365029654],[72.80847358258984,22.24542045578943],[72.8112506818735,22.24680519140651],[72.81709479758689,22.24764060942664],[72.81986426792167,22.246530532158374],[72.82486152174187,22.24208259593513],[72.82792853817153,22.240419387045108],[72.84625434366308,22.236810684665443],[72.85041999348795,22.23513984682654],[72.85514258895938,22.232362747542822],[72.86264228371448,22.22653007480318],[72.86958503282307,22.22347068732239],[72.87930488121538,22.224859236964278],[72.88263892704492,22.22708320642488],[72.88625526017216,22.23069572462805],[72.89985847019233,22.232362747542822],[72.91124915642348,22.245141983415863],[72.91681098483912,22.25458335853523],[72.91958426919871,22.262639998936834],[72.91874885027926,22.271249770960196],[72.9159717509956,22.277639388447085],[72.91401862585894,22.277360916972782],[72.91263770516599,22.27569389315869],[72.91180610117067,22.267084121135326],[72.90957831858458,22.259309768930734],[72.90403174806676,22.252084731625132],[72.90097236058602,22.24931144726554],[72.89624976601397,22.246522904108815],[72.88347053104025,22.242361068308696],[72.86514472464938,22.244031906147598],[72.86347388681048,22.246530533057694],[72.86207770821972,22.250143050361544],[72.86042213007732,22.252084731625132],[72.85597419205538,22.264310836775735],[72.85514258806006,22.27182985886094],[72.85291480547397,22.281251906650198],[72.84319495618234,22.281805038271955],[72.83486365743192,22.277639388447085],[72.82625007138375,22.272085189879647],[72.81625556464263,22.267919540054777],[72.8112506818735,22.265142440771058],[72.80903052733703,22.2637500762051],[72.8070812171245,22.261526107643817],[72.79902839164703,22.257360458718267],[72.78958320070421,22.251531600902695],[72.78152656030255,22.244306564496412],[72.77375220809796,22.240140914671542],[72.76264381006382,22.233194351538145],[72.75930976423427,22.231809616820385],[72.74958228599377,22.231519699674436],[72.74402808652701,22.232080459345752],[72.73513984213008,22.23431205685597],[72.72041511096864,22.235971451721184],[72.68931006870474,22.238191605358338],[72.68708228611865,22.239583969924297],[72.68097114010607,22.246812821254764],[72.67292212955272,22.252920151443902],[72.66375159785804,22.26403236440217],[72.65846824091665,22.26936912578458],[72.65819739749196,22.27569389405801],[72.65680884785013,22.27791786351861],[72.65458869421292,22.279584885534064],[72.64736365780664,22.282083511544897],[72.63292121394295,22.284582138454994],[72.6104221296776,22.279863357907686],[72.6068057965503,22.278474808265855],[72.60236548927594,22.27569389405801],[72.59736060650687,22.274030686966682],[72.59292029833318,22.271249772758836],[72.5748615213422,22.255697251626884],[72.57125281806316,22.25486183270749],[72.57042121406784,22.25597190907638],[72.5676441138848,22.254304887060925],[72.56041526255439,22.246522904108815],[72.5601444191297,22.249589920538426],[72.56125068147384,22.25625038234932],[72.5601444191297,22.259309769830054],[72.55319022614805,22.255422593278126],[72.54597663361483,22.245695115037563],[72.5434741917806,22.243463516628026],[72.54097175174502,22.244859696118112],[72.54069709249688,22.248472214321282],[72.53486060573243,22.245695114138243],[72.5340251877123,22.247915269574094],[72.53624915537426,22.249860763963113],[72.53624915627358,22.25125312852913],[72.53347205609055,22.250417710508998],[72.53375434428762,22.252653122943343],[72.53514289392945,22.25403022781279],[72.5401401477497,22.25625038234932],[72.54014014685038,22.25819206271359],[72.53735923264253,22.258462906138277],[72.53514289392945,22.262361527462588],[72.53763770591547,22.270692826213008],[72.53791999321317,22.274305344416177],[72.54985999614195,22.276533127901587],[72.55319022704742,22.27791786351861],[72.55042457073739,22.280420304453514],[72.539579387179,22.28014183118063],[72.53291511044404,22.276533127002267],[72.53208350644871,22.274312973365056],[72.52874946061917,22.271532060056586],[72.52514075734013,22.267362596206908],[72.52374839277417,22.262361527462588],[72.52374839367349,22.24486351104224],[72.52124976676339,22.241529466112013],[72.5162525129432,22.236806870640635],[72.5076351119709,22.230970382976864],[72.50625037635382,22.22930717498616],[72.50486182671199,22.226800920026506],[72.50403022271666,22.22042274551336],[72.50097083523593,22.219312669144415],[72.49096869954593,22.20625114507436],[72.49180411846532,22.204584122159588],[72.4890308323071,22.20153999437531],[72.48819922921109,22.19931221178922],[72.48513984173036,22.197919847223204],[72.47569465168687,22.20070457545586],[72.47458838934273,22.20319557341702],[72.47931098391484,22.208471298711515],[72.480699534456,22.21096992562161],[72.47986030061242,22.21458244382478],[72.48179816695188,22.216249466739555],[72.48457908205904,22.22152519293337],[72.4837474771644,22.22375297641878],[72.47902869751641,22.2265300757025],[72.48208808409788,22.227922440268458],[72.48958777885298,22.22930717588548],[72.49180411846532,22.232362747542822],[72.49097632939413,22.237363816287143],[72.48930549065591,22.235971451721184],[72.47986030061242,22.234582902079296],[72.47958564316298,22.235418320998747],[72.48652839137225,22.23624992499407],[72.49263953738478,22.239030838302597],[72.49375724360198,22.241811753409763],[72.49347114048078,22.246530533957014],[72.491804117566,22.246845514309086],[72.48819922921109,22.244031907046917],[72.4840183214884,22.24263954248096],[72.48264502974439,22.24125480686388],[72.47708320132875,22.23985862827311],[72.47041510966966,22.239583969924297],[72.46958350567428,22.24347114647628],[72.46819495603245,22.246252061583448],[72.45958899893321,22.258462907037597],[72.4540271714169,22.269029618222362],[72.44457816644928,22.284311295030307],[72.44486426777178,22.28708076536509],[72.44208716848811,22.291807175760596],[72.43514441937953,22.30070304910646],[72.4318103744493,22.302362443072354],[72.42125129221341,22.305139542356073],[72.41681098403973,22.30569648800258],[72.41458320055432,22.307085037644413],[72.40598105837921,22.30986213782745],[72.40235709720235,22.308752060559186],[72.40014075758995,22.307363510917355],[72.39541816211852,22.30764198419024],[72.39208030226422,22.3084735872863],[72.38958167535407,22.30986213782745],[72.38819312571223,22.312086106388733],[72.38847541300999,22.31458473329883],[72.39264106283485,22.319311142795073],[72.40014075669063,22.32569313133297],[72.40513801051083,22.333059311837815],[72.41179847232172,22.34986305343722],[72.41236304691716,22.35625957052281],[72.41124915562409,22.359582901829526],[72.40986060598226,22.360971451471357],[72.3993053386705,22.368749619499397],[72.39715826484212,22.37235832277844],[72.39375114010306,22.382642747564773],[72.39153480049072,22.381532670296565],[72.38458442153387,22.384309769580227],[72.37623786398632,22.3851375595508],[72.36181067891977,22.375386952545853],[72.36097144597551,22.372083664429624],[72.36958503202368,22.373472214970775],[72.3765048933862,22.373468400046647],[72.37874793476942,22.37486457953679],[72.38237189774492,22.375143051910356],[72.3870868633681,22.369306565145905],[72.38847541300999,22.3662509925893],[72.39347266683018,22.363470078381454],[72.39848517854819,22.356809616570615],[72.4018039655806,22.355417252903976],[72.403749460869,22.353200913291573],[72.40347480252018,22.34986305343722],[72.40152930723178,22.347917557249502],[72.39958381194344,22.3465328225318],[72.39597510776508,22.34514045796584],[72.38791846736342,22.34320259162638],[72.38125037660365,22.338193893933123],[72.37846946239586,22.33514213719991],[72.37568854728869,22.33041954082921],[72.37317847740485,22.324029923342323],[72.37264441950441,22.315141678046075],[72.37681006842996,22.305139542356073],[72.38208197969965,22.300973893430466],[72.38541602642852,22.299585343788635],[72.41236304781648,22.298196793247484],[72.41430854310482,22.295141221590143],[72.41569709274671,22.287363052662784],[72.41597175109547,22.27097129948595],[72.41319465091249,22.257085801268772],[72.41348456715912,22.250421524533806],[72.41569709184739,22.233194352437465],[72.41153144292178,22.2270832073242],[72.41263770526592,22.221250535483875],[72.41124915472477,22.215692520193727],[72.40542029780858,22.21375084072878],[72.40235709630304,22.20903205928215],[72.3995838101448,22.199308395965772],[72.39679908191215,22.20625114507436],[72.39402961157737,22.209863663277474],[72.39264106193554,22.212640762561193],[72.39097785394483,22.214307785475967],[72.38847541211061,22.215696336017118],[72.38208197880033,22.21846962037671],[72.37791632987478,22.22514152695993],[72.37681006842996,22.228631973886536],[72.37597083368706,22.235971450821864],[72.37735938422827,22.23930931157554],[72.38263892534616,22.244859696118112],[72.38180732135083,22.247362137952337],[72.38208197880033,22.25264167817096],[72.37903022116785,22.25819206271359],[72.37764167152596,22.260141372926057],[72.37513922969174,22.26180839674015],[72.36680793184064,22.264589310048677],[72.3615283907227,22.267652512453537],[72.35930442216142,22.267652512453537],[72.35763739924664,22.27097129858663],[72.35679816540306,22.264310837675055],[72.35819434579247,22.262083054189645],[72.35958289453504,22.26097297692138],[72.36235617979389,22.260694504547814],[72.36430549090574,22.25819206361291],[72.36513709400174,22.254304886161606],[72.36653327349183,22.250974655256186],[72.36931037277554,22.246530533957014],[72.37097358076619,22.245141983415863],[72.36958503112436,22.240972519566185],[72.36123847357675,22.228750229339653],[72.36042212837856,22.22236061185282],[72.36181067802045,22.20625114507436],[72.36319922766228,22.202917100144134],[72.3648586207288,22.200971603956418],[72.37124824001432,22.1981945046727],[72.37735938422827,22.196809769954996],[72.3815326639014,22.194032669771957],[72.38597297117576,22.189584733548656],[72.39013862010131,22.18347358843539],[72.39097785304551,22.180974961525294],[72.3898639617525,22.178750992964012],[72.38958167445475,22.173196793497254],[72.39097785394483,22.169309616945327],[72.39013862100063,22.167360306732803],[72.3887462555353,22.170972824935973],[72.38652610189814,22.172361374577804],[72.38569449790282,22.17014122004133],[72.38680457517108,22.159860611977706],[72.38402747498805,22.156248092875217],[72.37903022116785,22.158472061436555],[72.37790870092584,22.155038833875153],[72.37819861807185,22.1509723666814],[72.37513923059106,22.150693894307835],[72.37430762659574,22.15180778560085],[72.37403296824692,22.167638779106426],[72.37264441860509,22.170419693314273],[72.37069510839257,22.172357559653733],[72.35930442216142,22.174028397492577],[72.36013984018155,22.179029466236955],[72.3629169412639,22.18347358843539],[72.36264228291509,22.189306260275714],[72.35930442216142,22.19236946268063],[72.35819434579247,22.192083359559433],[72.35958289543436,22.190141678295845],[72.35930442216142,22.185972215345487],[72.35653113780182,22.18292045681369],[72.35375403761878,22.182359696243054],[72.35291480467453,22.180974960625974],[72.35458564161411,22.172361374577804],[72.35320472092121,22.164728165572456],[72.3498592312186,22.16569328381803],[72.34652518628837,22.168474198925196],[72.3451404506713,22.166250230363914],[72.34652518628837,22.164030075827384],[72.34819983815208,22.162641526185553],[72.3529148037752,22.161531448917287],[72.35486029996292,22.157640458340552],[72.35624884960475,22.15263938959623],[72.35624884960475,22.148176194575797],[72.35151862518444,22.147920609948244],[72.35041999178924,22.14486122246751],[72.35180854143113,22.142919541203923],[72.35152625413338,22.135694504797584],[72.3498592312186,22.132360458968037],[72.3498592312186,22.12653160115252],[72.34375190102946,22.12514305151069],[72.34124946009456,22.12653160115252],[72.34263800973639,22.133195877887488],[72.34124946009456,22.136812210115465],[72.33986091045273,22.138471604081303],[72.33458899828372,22.139585496273696],[72.33236121479825,22.141809463935658],[72.32958411551459,22.143194199552738],[72.32818793692383,22.144861221568192],[72.32541846568972,22.14625358703347],[72.31903266312696,22.147363663402416],[72.31653022219206,22.14680671775585],[72.31597327564623,22.15542030380402],[72.31624411907092,22.16013908435133],[72.31764411348513,22.16708564838399],[72.31903266312696,22.170137406016522],[72.31875037492989,22.17514228878565],[72.31736182618738,22.18069267332828],[72.31597327564623,22.184030533182636],[72.31375312200902,22.185972214446167],[72.30819892254232,22.188753129553334],[72.303468698122,22.19292259250369],[72.29985999484296,22.193201066675954],[72.29763984120575,22.20070457545586],[72.2943057953762,22.202363968522377],[72.29707908063511,22.19874763539508],[72.2979221285035,22.189584732649337],[72.30069922778716,22.18569374117328],[72.30208777742905,22.18431282137965],[72.30486487761209,22.183195115162505],[72.30847358089108,22.184030533182636],[72.31236457236719,22.180974960625974],[72.31318854651425,22.17152977058248],[72.31152915344774,22.17014122094065],[72.31180762582136,22.166250230363914],[72.3109683928771,22.163473130180876],[72.3095951020324,22.148752213044247],[72.31236457236719,22.139863968647262],[72.31402778035783,22.137361527712358],[72.31736182618738,22.134305954256433],[72.32125281676412,22.132917405513922],[72.32319831295183,22.131532669896842],[72.3226375523812,22.129304886411433],[72.32013511054697,22.127920151693672],[72.32125281676412,22.125970840581886],[72.32236670895651,22.12153053330752],[72.31819342928338,22.11652946636184],[72.31402778035783,22.114580155249996],[72.31125068107411,22.111532211642327],[72.31172751781077,22.107084275419027],[72.3129215180137,22.10375022958948],[72.3151416716509,22.100694657032818],[72.31431006765553,22.097917557749156],[72.3129215180137,22.095964432612504],[72.30903052653764,22.083749771334908],[72.30319403977319,22.05569267357805],[72.29902839084764,22.04403114392221],[72.29875373249882,22.04070472884024],[72.29569434501809,22.029310227684903],[72.29458808357327,22.02264213692513],[72.29041480479947,22.0079212197885],[72.28763770461643,22.00014305176046],[72.2843036596862,21.979860306208195],[72.28013800986133,21.967363357632905],[72.27678870613391,21.965421677268637],[72.27292060330325,21.96682167168285],[72.27124976456503,21.965139389071624],[72.27292060240393,21.96319007975842],[72.27430915204576,21.960138322125943],[72.27791404130005,21.95708274956928],[72.27874945932012,21.94569587736288],[72.27764319787536,21.93152809094869],[72.27597236093578,21.929861068033915],[72.2720889984086,21.9326419840404],[72.26708411563948,21.937360764587652],[72.2643146453047,21.944311142645176],[72.26291846671393,21.953195573017354],[72.2615299170721,21.95625114467464],[72.2606983121774,21.971532822381903],[72.26097297052621,21.97625160292921],[72.2598590792332,21.982080460744726],[72.25430487976644,21.9837474836595],[72.25290870027635,21.98542213462389],[72.25208472612928,21.991529465712347],[72.2531986174223,22.001253128129406],[72.25597571760534,22.008752823783823],[72.26014136653089,22.014585495624146],[72.26040839503145,22.019861221817962],[72.25569342940832,22.02680778585068],[72.25347327667043,22.028474808765452],[72.24819373465317,22.02987098825554],[72.24541663536951,22.032640457691002],[72.24292182338348,22.04403114392221],[72.24153327374165,22.04708290155469],[72.24346732515698,22.05153083867731],[72.24708747320835,22.054307938860347],[72.2720889984086,22.065416336894486],[72.28653144227229,22.07402610801853],[72.28791999191418,22.07291984657371],[72.28930854245533,22.070142746390673],[72.29125403774373,22.068750382724033],[72.29445838334777,22.063196183257276],[72.29875373249882,22.06486320527273],[72.3029193823237,22.070421219663615],[72.30375098631902,22.075140000210865],[72.30208777832837,22.077920914418712],[72.29515265816872,22.08125114442481],[72.29819678595294,22.082082749319454],[72.30014228303997,22.086530685542755],[72.30153083178254,22.08819389443272],[72.30236243577787,22.090974807741247],[72.30319403977319,22.09542274576313],[72.3018054901313,22.098474503395664],[72.30179786118242,22.10375022958948],[72.30095862733884,22.107641221065535],[72.29902839084764,22.108194351787972],[72.29624747663979,22.105417252504253],[72.29486274192203,22.102918625594157],[72.28763770461643,22.100141526310438],[72.28595923782859,22.095964432612504],[72.28595923782859,22.093751907924286],[72.27791404130005,22.091249466090062],[72.27652930658229,22.096532822132076],[72.27514075604114,22.099309922315115],[72.2690296118272,22.10153007595227],[72.26763724636191,22.106809617070212],[72.26569556599765,22.105417251604933],[72.26569556599765,22.101804734301083],[72.27292060240393,22.09764289940034],[72.27458381039457,22.09264183155534],[72.27625464823348,22.084581376229607],[72.27819251367362,22.08041954132881],[72.27569770258697,22.078752518414035],[72.26569556599765,22.074583053665037],[72.25569342940832,22.066251754914617],[72.23790931166548,22.05875206015952],[72.23458289478481,22.05513954195635],[72.23180579550115,22.050695419757858],[72.23042105988407,22.04485130314515],[72.23069953315701,22.035680771450473],[72.23346699350702,22.023982780580923],[72.23347663244067,22.020971299086227],[72.23097419150577,22.01819419890319],[72.22541617711494,22.019582748545076],[72.22347449675067,22.020971299086227],[72.22014045182044,22.01653480673599],[72.2184810578546,22.015424729467725],[72.21679877614264,22.0129222876335],[72.2145786234048,22.010969162496906],[72.2079334203911,22.01152992396686],[72.19819449827753,22.02124977235917],[72.19486426647279,22.02264213692513],[72.19040870040124,22.02124977145985],[72.1884708349611,22.019582749444396],[72.18541526240449,22.020421983287974],[72.18459510228217,22.02903175441196],[72.18319510786802,22.032915116039817],[72.18097113930668,22.03542137189885],[72.1779193816742,22.03680992244],[72.1762485438353,22.039861680072534],[72.17457007794678,22.041250229714365],[72.17402839109741,22.039304733526706],[72.18042182350842,22.033472061686325],[72.18152808585256,22.02987098825554],[72.18042182350842,22.01847267217613],[72.18376349738753,22.016252518538977],[72.19264029881077,22.01569557289241],[72.19708442010995,22.01653480583667],[72.19847297065115,22.01430702325058],[72.19764136665583,22.009584427779146],[72.19847297065115,22.005971909576033],[72.20041846593949,22.00430488666126],[72.20485877411318,22.00346946774181],[72.20791816159397,22.00208473302405],[72.20930671033648,22.000417710109275],[72.21152686397363,21.999029160467444],[72.21485709577843,21.999586106113952],[72.2190265596281,22.00208473212473],[72.22374915509948,22.00625038284892],[72.22735785837853,22.0079212197885],[72.23069953315701,22.007642746515614],[72.23097419150577,22.00291633701937],[72.22847175057086,21.999570847316818],[72.22986029931343,21.994028092622443],[72.2281970922221,21.992082596434727],[72.22458457401893,21.976575852593555],[72.22152900056301,21.968202591476484],[72.2212543422142,21.961874009178246],[72.21514319800025,21.955972672301016],[72.20736121504808,21.953195572118034],[72.19986152029298,21.949029923192427],[72.19236182553789,21.94292259300329],[72.19014167190068,21.94320106537691],[72.18708228441994,21.94458580099399],[72.18013953531135,21.952642441395597],[72.17347144455158,21.959032059781805],[72.1690311363779,21.958196640862354],[72.16541480414998,21.959585190504185],[72.16124915522437,21.963750840329055],[72.15820502654077,21.96874809324993],[72.15680884705068,21.974863053287322],[72.15542029740885,21.976530075302776],[72.15236090992812,21.977922439868735],[72.14792060265376,21.98264122131536],[72.14679526658836,21.98236274804242],[72.15458869341353,21.975141525660945],[72.15598487290362,21.973188400524293],[72.15735816374831,21.967641831805167],[72.16041755032973,21.96264076306079],[72.15930365903671,21.959028244857677],[72.15264319812513,21.958196640862354],[72.14736365700725,21.955419541578635],[72.15374945956995,21.957361222842223],[72.16179847102268,21.95652961794758],[72.16568946249873,21.955141068305693],[72.17153357821212,21.952360154097903],[72.18181037225094,21.94292259300329],[72.18319510786802,21.9401416787955],[72.18541526240449,21.938470840956597],[72.19014167190068,21.937082291314766],[72.19708442010995,21.938474655880725],[72.19986152029298,21.939863205522556],[72.20402717011785,21.94097328279082],[72.21042060342819,21.94542121991344],[72.21152686487295,21.947362901176973],[72.2137393886619,21.94875144991954],[72.22014045092112,21.947641373550596],[72.22541617711494,21.940969467866694],[72.23069953315701,21.9268093113007],[72.2320957126471,21.92597770730538],[72.23542212862839,21.922082901804515],[72.24180793209047,21.917085648883642],[72.24703788189277,21.90931129398109],[72.24958228519438,21.90263938919651],[72.25264167177579,21.89847373937164],[72.25541877105951,21.89208412188475],[72.25680732070134,21.887361526413372],[72.25818824229361,21.87735938982405],[72.25598334655427,21.870141983265967],[72.25486182541295,21.85764121976655],[72.25625037505483,21.852361678648606],[72.25597571760534,21.84930610699132],[72.25818824229361,21.8393116002502],[72.259042734035,21.831262587898152],[72.25930976253557,21.82236289962816],[72.25869559662453,21.805139540657308],[72.26014136653089,21.784311294230918],[72.26597785329534,21.76597404396699],[72.26985740089839,21.757078170621128],[72.2704181605697,21.74819374114827],[72.26458167470457,21.74041938714504],[72.2615299170721,21.743997573729075],[72.25958442088438,21.749860763163724],[72.25477790247828,21.759042739630786],[72.25264167177579,21.76097297612199],[72.2490940036854,21.774862290162616],[72.24847220792611,21.784585952579675],[72.24736213065785,21.790422439344127],[72.24514197792001,21.792642592981338],[72.23790931076616,21.795419693164376],[72.23597144532602,21.795972823886757],[72.23291968769348,21.79486274661849],[72.22957801201568,21.7962512971597],[72.21570014364676,21.80486106918306],[72.2129077855659,21.80903053303274],[72.21152686487295,21.815694808868386],[72.20874976558929,21.82097434998633],[72.20096778353644,21.825704574406643],[72.19819449827753,21.827085495099595],[72.18931006880467,21.827924728043797],[72.18459510228217,21.826250076180145],[72.1829166354944,21.82375144926999],[72.18514441808048,21.825971602907202],[72.19486426647279,21.826807021826653],[72.19902610137353,21.825422287108893],[72.20403479906679,21.822641372901103],[72.20764350324515,21.819581985420314],[72.20903205288698,21.816530227787837],[72.21042060252881,21.80958366375512],[72.21208381051952,21.805696487203193],[72.21485709577843,21.80264472957066],[72.22819709132278,21.79347419697666],[72.23652839097252,21.790693282768814],[72.24041556752445,21.78791618348515],[72.24180793209047,21.78486061092849],[72.24263953608579,21.77708244290045],[72.24458503137413,21.767084121235257],[72.24346732515698,21.76375007630503],[72.2456989226672,21.76152992266782],[72.24597358191534,21.75902748083365],[72.24764441885492,21.75458335863516],[72.24791907720373,21.75041770970961],[72.24903296849675,21.74903297409253],[72.25930976253557,21.7243099212659],[72.26763724636191,21.71153068539286],[72.26819800783187,21.70958137518039],[72.26930426927669,21.70819663956331],[72.26930426927669,21.705694198628407],[72.2704181605697,21.704584121360142],[72.27124976456503,21.702085494450046],[72.2770786223806,21.694860458043763],[72.28292273809393,21.68403053328251],[72.2843036596862,21.67931175273526],[72.2862491549746,21.664583205750375],[72.29209327158725,21.656530380272898],[72.2959766332151,21.653474807716236],[72.30291938142437,21.643194197853973],[72.30403327361677,21.635972976371818],[72.3054218232586,21.634584426729987],[72.30569648160741,21.627363205247775],[72.3029193823237,21.620969771937496],[72.30124854448479,21.61847114592672],[72.2937488497297,21.610139846276923],[72.28930854155601,21.60375022879009],[72.28542136590335,21.599313736439854],[72.2790317475172,21.58875083927984],[72.27319526075274,21.581251143625423],[72.2690296118272,21.57292365979913],[72.26763724726123,21.564584731200455],[72.26541709362402,21.55847358698651],[72.264032358007,21.556528091698112],[72.26486396290164,21.546808242406485],[72.26430320143163,21.538473128731937],[72.25819587124249,21.520696639938024],[72.2577190345059,21.517084121734854],[72.25521277774754,21.51014137262632],[72.25347327667043,21.500421524234014],[72.25152778048272,21.49699211069742],[72.25145530052174,21.494581222545435],[72.24875068029974,21.489580154700434],[72.24653052756184,21.483194350339033],[72.24263953518647,21.47597312885688],[72.24208259043928,21.47319602957316],[72.23513984043137,21.462362288988516],[72.23542212862839,21.459081649398627],[72.23263739949647,21.453195571318588],[72.22931098351512,21.45070075933262],[72.22847174967154,21.4490413662661],[72.22541617711494,21.44569587656349],[72.22429847179711,21.444032669472165],[72.22347449675067,21.439584732349545],[72.21679877704196,21.432641983241012],[72.21347236016135,21.427083968850127],[72.2112522065242,21.425691604284168],[72.20903205288698,21.422639846651634],[72.20208167482946,21.417360305533748],[72.20069312518763,21.414304732977087],[72.20041846593949,21.41235923768869],[72.19653510431169,21.411249160420482],[72.19208716718907,21.407083511494932],[72.18902778060766,21.405973434226667],[72.18403052678741,21.40125465367936],[72.17986106293779,21.398202896046882],[72.17680548948181,21.396806716556796],[72.17402839109741,21.392362594358303],[72.17236518310676,21.390974044716415],[72.16903113727722,21.384859085578398],[72.16681098364006,21.382360458668302],[72.16736029943831,21.37930870013645],[72.16597174979648,21.375692367009208],[72.15902518666309,21.36874961879994],[72.1490268649979,21.35541725130514],[72.13419532135703,21.340970993416647],[72.12518882150698,21.33014106775613],[72.11403083215725,21.31236076403809],[72.11152839032303,21.30513954165656],[72.10930823668582,21.30236244147352],[72.11125373197422,21.295972823986688],[72.11068915737877,21.287641525236268],[72.1095790801105,21.28569602994787],[72.10901831953987,21.28292274378964],[72.10624884920509,21.28208732666883],[72.10458564121444,21.279863357208228],[72.10208320027954,21.278196335192774],[72.09319495588255,21.287363052862645],[72.09708594645934,21.275419235009736],[72.09791755045467,21.26430702205147],[72.09707831751041,21.262640000036015],[72.09208869353841,21.259580611655963],[72.089860910053,21.255697250028106],[72.08542060277864,21.249860763263655],[72.08403205223749,21.251531601102556],[72.08125495295377,21.248472213621824],[72.08291816094442,21.24542045598929],[72.084788588023,21.24374961815039],[72.08902930605768,21.229032515937888],[72.09069251404833,21.227365493922434],[72.0948581638732,21.22485923716414],[72.09625434246396,21.223059369993962],[72.10208320027954,21.22347068842157],[72.1040286964672,21.224580764790517],[72.10679435097859,21.220972061511475],[72.1087474770145,21.224580764790517],[72.11097144467647,21.224031448092887],[72.11152839122235,21.220418929889775],[72.10930823668582,21.21820259027737],[72.10541724610908,21.217084884959547],[72.10791968704399,21.214582443125323],[72.11154365001948,21.21375465405407],[72.11319922816193,21.21208381621517],[72.11264228251537,21.20680809092073],[72.11069678632771,21.205419540379523],[72.11292456981312,21.204030990737692],[72.11513709450139,21.20013999926158],[72.1137485448595,21.196527481058467],[72.10680579575092,21.195695876163825],[72.10763739884692,21.196805954331353],[72.10291480427486,21.195142745441387],[72.10069464973833,21.193471908501806],[72.09014319825008,21.190698623242895],[72.08708381076929,21.187360763388597],[72.0823574012731,21.186532973418025],[72.0804042761365,21.185144423776194],[72.07875251201887,21.182920455214912],[72.07319831255217,21.178750991365234],[72.07013892507138,21.179582595360557],[72.06764411308541,21.177080154425653],[72.0661640106606,21.177919387369855],[72.06375312160935,21.17431068409087],[72.06181525616921,21.172643662075416],[72.05681037340008,21.174303054242614],[72.0529155669999,21.167360306033345],[72.0487537320991,21.16291999875898],[72.04680823681076,21.15931129458062],[72.04347419188053,21.159582138005305],[72.04181098299051,21.1620807649154],[72.03848456700922,21.160421370949564],[72.03708838841845,21.158750534009982],[72.02680396453138,21.154584885084432],[72.02208899800888,21.154584884185113],[72.02014350272054,21.15514183073094],[72.01764106088632,21.153474807816167],[72.01764106178564,21.15042304928437],[72.01542090814843,21.14846992504704],[72.01125525832356,21.147081375405207],[72.00986670868173,21.14458274849511],[72.00958442048466,21.140695571943127],[72.01097297102586,21.136529922118257],[72.01014136703054,21.133752822834538],[72.00818824099457,21.132921218839215],[72.00625037555443,21.13458442682986],[72.00708197954975,21.136800766442263],[72.0054187715591,21.1368083953912],[72.00264167137607,21.139113559243413],[72.00208472572956,21.141530990862577],[71.99273485662837,21.141514922675583],[71.9865283905728,21.140142440321426],[71.98486518258215,21.138471603381845],[71.97902106686882,21.135690689173998],[71.98486518258215,21.134862899203483],[71.9856967874768,21.133192062263902],[71.9765262548828,21.12958335808554],[71.97486304599283,21.12847328171665],[71.9765186250346,21.127359390423578],[71.97458838854334,21.125143050811175],[71.9773578579788,21.124311446815852],[71.97764014617587,21.122362136603385],[71.97374915469976,21.12070274353681],[71.97014045142078,21.120973586961497],[71.97041510976953,21.12264060987627],[71.96680640649055,21.12208747825457],[71.96486091030283,21.120420456239117],[71.96597480159585,21.12292289717402],[71.96013831573072,21.124307632791044],[71.95652961155241,21.121812820805076],[71.9551410610112,21.122919083149213],[71.95263862097562,21.118749618400216],[71.94458197877537,21.118196487677835],[71.94264411243591,21.119306564046724],[71.94069861714752,21.115988771664547],[71.93847083366211,21.115419387494796],[71.93235968854884,21.115972519116497],[71.92930411599224,21.114583969474666],[71.92653083073333,21.111810684215754],[71.92431067799544,21.11124992364512],[71.91847419033166,21.11208534256457],[71.9143085405068,21.11069679202336],[71.90934943502845,21.110418319649796],[71.90319251352372,21.1084728243614],[71.89875220624936,21.108194351088457],[71.89763831405702,21.106252670724245],[71.89125251059494,21.1034717565164],[71.88903235695778,21.101804733601625],[71.8876438073159,21.098474501796886],[71.88514136548167,21.094640731484617],[71.88069342835911,21.09181022686056],[71.87903022126773,21.089860915748716],[71.875970833787,21.08875083937977],[71.86958503122429,21.089582443375093],[71.87014197597148,21.088739394607444],[71.86763190608764,21.086530685742616],[71.86264228121638,21.085695266823166],[71.85930823538683,21.084306716281958],[71.85568808823473,21.08097267135173],[71.85263251567812,21.080141067356408],[71.85041999098985,21.077360153148618],[71.8468112877108,21.077085494799803],[71.84486579152309,21.077917098795126],[71.84124945929517,21.076528549153295],[71.83625220547498,21.073472976596634],[71.83180426835236,21.072084426954802],[71.82736396107799,21.06931114259521],[71.82319831125312,21.068750382024575],[71.82236670815712,21.070695877312914],[71.82097052866703,21.071809768605988],[71.81125068027472,21.067365646407495],[71.80681037210104,21.06431007385089],[71.8015308309831,21.062086105289552],[71.79818915620467,21.058752059460005],[71.79680442148691,21.05488936964872],[71.79652594821397,21.053194045968496],[71.80236243497842,21.048196792148303],[71.80263709332723,21.045972823586965],[71.80375098551963,21.045419691965265],[71.80402945789325,21.043195724303303],[71.80652808480335,21.039030074478433],[71.8006992278871,21.037641524836545],[71.79875373169943,21.03930473282719],[71.79625128986521,21.037641524836545],[71.79429816562788,21.037641525735864],[71.79132651600594,21.036249161169906],[71.79125022202021,21.03846931480706],[71.7898578574542,21.03959083504907],[71.78791999111473,21.03959083594839],[71.78708838711941,21.037641524836545],[71.78624533925108,21.040346145957926],[71.78530310875152,21.03930473282719],[71.77986335071313,21.03846931480706],[71.77764319707592,21.039030074478433],[71.77847480017192,21.0365314484676],[71.78125190035496,21.034582138255132],[71.7829151083456,21.032640456991544],[71.78542517912877,21.031621932506255],[71.78347205489149,21.0315303806226],[71.78151892885552,21.03042030245507],[71.77153205196271,21.027921676444237],[71.76847266448192,21.02597236623177],[71.76458167390518,21.02597236623177],[71.7637536896811,21.02319908097286],[71.76430701555637,21.02167701708072],[71.75855703817683,21.020696644534553],[71.75235938367865,21.022638320402223],[71.75125312133451,21.020692825113827],[71.74653052676246,21.020139694391446],[71.74430274327705,21.019308089496803],[71.74236487693759,21.01958274784556],[71.73986243510336,21.01764106748135],[71.73652839017313,21.020139693492126],[71.73401831849066,21.019861221118504],[71.73014258671105,21.01541709802069],[71.72930335286748,21.013586825671496],[71.72875403706922,21.01458168089988],[71.72708320012964,21.01486396819763],[71.72791480322564,21.017919540754235],[71.72625922508325,21.021249770760335],[71.71930884612641,21.021528244033277],[71.711259835573,21.018751144749558],[71.69819831150295,21.010141372726196],[71.68763922926706,21.007360457619086],[71.68208503069968,21.004308699986552],[71.67986487616315,21.002363205597533],[71.67986487616315,20.998720168900718],[71.67514228159109,20.99708366447959],[71.67236136738325,20.998193740848535],[71.66375159535988,20.999032974692057],[71.65486335096296,20.99765205399916],[71.65040778399208,20.99624824466082],[71.64708899695972,20.994859695018988],[71.64041709217514,20.99069786011819],[71.6381931236138,20.98792076083447],[71.63680457397197,20.9829158780654],[71.6381931236138,20.975694655683867],[71.63680457397197,20.97403144769322],[71.62652777903384,20.969278816664087],[71.62347602230062,20.968408584988254],[71.62069892211764,20.96903038074754],[71.61786331653889,20.968330385339073],[71.61441146042063,20.972768486576456],[71.61181067682134,20.96749305715889],[71.60457801146612,20.964860915998543],[71.5990314409483,20.964860915998543],[71.59680365746289,20.966531752938124],[71.59263800853734,20.960695266173673],[71.58680915162108,20.96070289602187],[71.58542060197925,20.9595813748806],[71.58041571921012,20.958471297612334],[71.57875251032016,20.957082748869823],[71.5799999167628,20.955141066706915],[71.57937430607944,20.95403099033797],[71.57264136610621,20.953470229767333],[71.57013510934786,20.953752517065084],[71.56764411228602,20.952455520206115],[71.56653022099295,20.95070075943255],[71.56385803392118,20.949584002899485],[71.5601253438096,20.95015180426242],[71.55101584730357,20.949586868139477],[71.54708289436013,20.95070075943255],[71.5437488494299,20.94902992249297],[71.54097174834754,20.946809767956495],[71.53763770431664,20.945692062638614],[71.53430365758777,20.943754196299153],[71.52929877571796,20.9443111410464],[71.52401923460008,20.946531295582872],[71.52069281861873,20.94902992249297],[71.51486396080321,20.948194503573518],[71.5090351029877,20.943201064677453],[71.50930976133645,20.940973282091363],[71.51097297022648,20.93931007320134],[71.51014136533178,20.935697555897548],[71.50736426604811,20.93292045571451],[71.50707816382624,20.931531906072678],[71.51123999782772,20.92681312552537],[71.5123615198683,20.92374992401983],[71.51542090644972,20.924863814413527],[71.51625251044504,20.923196792398073],[71.51513861915203,20.9215297694833],[71.51319312296431,20.92069435056385],[71.50847052839225,20.916707992280067],[71.50541877075972,20.91597175509247],[71.5020618371841,20.917642592931372],[71.49903296729764,20.917081832360736],[71.49292182218443,20.917642592931372],[71.49125098434553,20.916250229264733],[71.488199226713,20.914861678723526],[71.48848151491006,20.91236305181343],[71.48513984013158,20.910974503070918],[71.48848151491006,20.909311294180952],[71.49513816089745,20.907922744539064],[71.48347663214093,20.90680503832192],[71.48208808159973,20.90570259000259],[71.48236274084786,20.900972365582277],[71.47902869501831,20.896806716656727],[71.47735404225529,20.890424728118774],[71.47180365771271,20.888471602982122],[71.47125052699027,20.887361526613233],[71.4695835040755,20.886812209016284],[71.46848105665549,20.885419845349645],[71.46457862130637,20.88375282243487],[71.46347235896224,20.882360457868913],[71.4593776251773,20.881250382399287],[71.45237158987703,20.88153266879766],[71.44403266217768,20.875417709659644],[71.44064438543012,20.87014198256651],[71.43818854556497,20.869031905298243],[71.43417167058618,20.868749618000493],[71.43068885170919,20.867639541631604],[71.42347144335247,20.867639541631604],[71.4215183191152,20.86652946436334],[71.42069434496813,20.86680793763628],[71.42097663226582,20.868219375923502],[71.41929816457866,20.869031906197563],[71.41708564078976,20.86791801400517],[71.41291999186421,20.867086410909167],[71.40608786836049,20.868196487278112],[71.40320014257259,20.867639541631604],[71.39811133596942,20.865419387095073],[71.39514350217092,20.86680793673696],[71.3906879352001,20.866254806014524],[71.38819312321414,20.8665236421524],[71.38764380741583,20.864313125650256],[71.38611792770024,20.865419387994393],[71.38736151921881,20.867086410009847],[71.39042090669955,20.868192673253304],[71.39013861850248,20.87181282040541],[71.38875006975996,20.874029159118436],[71.38652991522349,20.875417708760324],[71.37790870022639,20.874029160017756],[71.37652777953343,20.872362137102982],[71.37624930626055,20.870141983465828],[71.37739371604721,20.86736106835866],[71.38069342845904,20.865152358594514],[71.38228161680325,20.86319430157579],[71.38153266230256,20.86097145087183],[71.38375281593977,20.859861373603565],[71.38597296957693,20.860418320149392],[71.38652991612281,20.859582901229942],[71.3834705277427,20.856805801046903],[71.37903022046834,20.855695723778695],[71.37569617463879,20.855695723778695],[71.37375068024977,20.85458183248562],[71.36958503042484,20.8537502284903],[71.36680411531773,20.852361678848467],[71.34736060360905,20.85015296908432],[71.34347724198119,20.850694655933694],[71.3412494593951,20.84958457956475],[71.34069251284927,20.848470688271675],[71.33597754812541,20.848196029922917],[71.33319281899344,20.847082137730524],[71.3273639602786,20.8462505337352],[71.32372474030456,20.8462505337352],[71.31292151731424,20.8412494658902],[71.30959128640882,20.840364456554482],[71.30790900559617,20.839033126277798],[71.30291938072492,20.837362289338216],[71.30097388543652,20.835420608074628],[71.29541968596976,20.83486366242812],[71.29374884903024,20.83347129786216],[71.29208564014021,20.830694198578442],[71.28819464956348,20.82904243446086],[71.28099250180259,20.826689723452034],[71.27958869246424,20.827642440046645],[71.27652930588283,20.825143814035812],[71.27319526005328,20.823472977096287],[71.26819800623304,20.822359084903894],[71.2651386187523,20.820974349286814],[71.26236151946858,20.818471908351967],[71.25708197925002,20.815694809068248],[71.24485968902349,20.81181144744039],[71.23876380270741,20.810693740323927],[71.23458289408535,20.805696487402997],[71.2323627404482,20.804311751785974],[71.2284717498714,20.803472518841716],[71.21569251309904,20.802640914846393],[71.2084751056417,20.80041694628511],[71.2062549529038,20.798753738294465],[71.20542334890848,20.79625129735956],[71.20736121434862,20.79374122567708],[71.20347785272077,20.791250228615183],[71.20319556452375,20.78903007497803],[71.1943149490757,20.78625297479499],[71.16929053612938,20.78264045659182],[71.16319464891399,20.781248092925182],[71.15625190070472,20.778470992742143],[71.15208625087985,20.774587631114343],[71.14875220594962,20.76653099071268],[71.14903449324731,20.764032363802585],[71.15152930523328,20.762361525963684],[71.15577512871926,20.762361525963684],[71.15625190070472,20.76014137232653],[71.15486335106283,20.75930595340708],[71.14069556554796,20.756807327396302],[71.12790869982672,20.757081984845797],[71.12513922949188,20.75458335883502],[71.12013816164688,20.754030228112583],[71.1184711387321,20.755762170387925],[71.1055822323342,20.757862724984818],[71.08902930535822,20.757085800669188],[71.08513068493323,20.755701065052165],[71.07763861912701,20.750143050661336],[71.07680701513169,20.744028091523262],[71.08152960970381,20.738470077132376],[71.07875251131941,20.737085341515353],[71.07068824106955,20.735139847126277],[71.06597327454705,20.734308242231634],[71.06208228397031,20.736249923495222],[71.05542182305874,20.73402976985807],[71.05486106158878,20.733194350938618],[71.0518054899315,20.732084274569672],[71.0454196855701,20.731527328023844],[71.04458808157477,20.733472823312184],[71.04292105955932,20.735139847126277],[71.0351780721104,20.736214201524206],[71.02353858303923,20.738756179354255],[71.0132084097404,20.73958015440064],[71.00903510308757,20.738759994278382],[70.99847602085174,20.734586715504577],[70.99347113808261,20.73125266967503],[70.99153327084383,20.72931098931076],[70.98903083080825,20.723196029273367],[70.98681067717109,20.722360611253237],[70.98430823533687,20.726530075102914],[70.98625373062521,20.72764015147186],[70.98735999296935,20.73097038237728],[70.99013709225306,20.7304172516549],[70.9912481569769,20.731531142947915],[70.9923648766378,20.734308242231634],[70.99764441775574,20.739862441698392],[70.99902915247344,20.742643355906182],[70.99402426970431,20.742921829179124],[70.99263953498661,20.744859695518585],[70.98974417935045,20.745698928462843],[70.9806995311585,20.743753433174447],[70.97207831526208,20.73903083770307],[70.9693088449273,20.739114760637733],[70.96402930470867,20.7417659755194],[70.96042060142969,20.7404193873449],[70.95791815869615,20.737920760434804],[70.95348371859882,20.73523648647472],[70.94299262960624,20.7340325919306],[70.93404940695461,20.735408471923506],[70.9268260342941,20.737357636445836],[70.92579412340012,20.741026650959213],[70.92195312343796,20.744351695474393],[70.91652869434381,20.74319648752794],[70.91430854070666,20.741819381759115],[70.9118022839483,20.737916946409996],[70.91041754923054,20.737085342414673],[70.90319632684907,20.736249922595903],[70.89569281716985,20.733751296585126],[70.88485907748452,20.732919692589803],[70.87875556132013,20.73097038237728],[70.87625311948591,20.72792243966893],[70.87375067945032,20.727083205825352],[70.87014197527202,20.73041725075558],[70.86347388451219,20.739862441698392],[70.86264227961755,20.744863509543393],[70.86429785865931,20.74707984915574],[70.86347388361287,20.753190994269005],[70.858476630692,20.754583357935644],[70.85458563921594,20.753473281566755],[70.85347174882219,20.752920149945],[70.86097144267802,20.752641677571432],[70.86181067652154,20.749029159368263],[70.85764502669667,20.7454204551899],[70.86042212687971,20.736532210792916],[70.86181067652154,20.733194350938618],[70.86458777670458,20.72931098931076],[70.87180136923786,20.725141524561764],[70.87209510040861,20.722360610353917],[70.868749610706,20.714590072174133],[70.868478766382,20.71228599470294],[70.86902808307963,20.708749770485554],[70.87208747056036,20.70569419792895],[70.87264441620692,20.70430946321119],[70.86792182163481,20.70403480486243],[70.8662471697711,20.704862593933626],[70.85680579375241,20.707086562494908],[70.84958838629507,20.707639694116665],[70.8429202955353,20.706251144474777],[70.83957862075681,20.704862594832946],[70.8365192341754,20.70265006924535],[70.83513831348245,20.700696945008076],[70.83429907963887,20.698427200055278],[70.83819770096318,20.692640304606414],[70.83670996779085,20.69042015096926],[70.83486365513363,20.690969466767513],[70.82958029909156,20.690416336045132],[70.82235526268528,20.690969466767513],[70.82180976091178,20.693085061626334],[70.81903266072874,20.69375038097536],[70.81680106321858,20.696252822809583],[70.81263922831778,20.699029922093303],[70.80903052503874,20.699861526088625],[70.80625342485575,20.702085494649907],[70.80375098392085,20.700971603356834],[70.79736518135809,20.70569419882827],[70.79319953153322,20.711252212319778],[70.79070471864793,20.712640761961666],[70.7792987745189,20.71486091559882],[70.77652930508344,20.71624946524065],[70.77319069339586,20.717084827502845],[70.7662525101453,20.721250533985028],[70.76041602248154,20.72208595200516],[70.75514411121179,20.721899032414456],[70.74930762444734,20.719583511070255],[70.74347113768289,20.720205306829484],[70.73542212712954,20.72411537112754],[70.7301425860116,20.728197098017688],[70.72347449525182,20.730421065679707],[70.70958899613532,20.737363814788296],[70.7026386180778,20.73903083770307],[70.69568824002033,20.74514198191696],[70.68736457021879,20.74875068699464],[70.68068885051008,20.753759383788577],[70.67708777528065,20.755697250128037],[70.67624854323572,20.756807326496983],[70.67457770539687,20.75736427214349],[70.67263983905741,20.76349067695321],[70.67180823506203,20.76152992196836],[70.66263770336735,20.760972976321852],[70.66541480265107,20.757081984845797],[70.66681098124184,20.753217696939203],[70.66541480265107,20.753194808293813],[70.66458319865575,20.755701065052165],[70.66291617574097,20.756250380850474],[70.66175650805644,20.758192062114006],[70.65736579119834,20.759862899053587],[70.6545886910153,20.764585494525022],[70.64726038905576,20.76319955201774],[70.64153479769283,20.76514244107085],[70.64013861820274,20.766809463086304],[70.63791846456553,20.768194199602704],[70.63375281563998,20.76930809089572],[70.63208197780108,20.768194199602704],[70.62681006563207,20.768194198703384],[70.61902045373103,20.771532059457],[70.61569022372493,20.771532059457],[70.61458777540554,20.77014350891585],[70.61181067612188,20.771253586184116],[70.61292456831421,20.772642136725267],[70.61145972378728,20.775140762736044],[70.60736273899926,20.777082443999632],[70.60457800986734,20.776808595040677],[70.59847449460233,20.77847480856559],[70.5917987739943,20.7812480938245],[70.58513831308272,20.782361985117575],[70.58374976254157,20.784311295330042],[70.57930945526721,20.787916183684956],[70.5715351021633,20.79236030678277],[70.56541251407634,20.79319572570222],[70.56292151611513,20.7926425931812],[70.55959510013383,20.79542350828831],[70.55874823734132,20.798753739193785],[70.5540332717182,20.802640915745712],[70.55179785838453,20.803750992114658],[70.54902838894907,20.804307938660486],[70.54625128966535,20.802919389018655],[70.5431995311335,20.802919388119335],[70.54180716656754,20.801637650057557],[70.53848456551037,20.803750992114658],[70.53597449472721,20.8045825970093],[70.53319739454417,20.808473587586036],[70.52392208463658,20.810693741223247],[70.52263831320766,20.81236457816283],[70.51957892572688,20.81375312870398],[70.51624487989733,20.817640305255907],[70.51236151916885,20.818750382524172],[70.51069831027883,20.820695877812568],[70.50763892369741,20.82208061253027],[70.50097083293764,20.82346916307148],[70.49375342548024,20.827642440945965],[70.490137092353,20.828474045840608],[70.48791693781646,20.83064283290048],[70.48735999306928,20.83430671768093],[70.48013495576367,20.836812973539963],[70.47680853978233,20.839582443874747],[70.47347449395278,20.84041404787007],[70.47125434121494,20.83875465480355],[70.46736334973883,20.839033127177117],[70.46235846607038,20.841810227360156],[70.46097754627681,20.843473434451482],[70.45514105951236,20.84625053463452],[70.45319556422396,20.848196030822237],[70.44986151839441,20.848474503195803],[70.4477634351345,20.847917557549295],[70.44764136475726,20.849031448842368],[70.44264411093701,20.85403251668737],[70.43875312036027,20.852922439419103],[70.43569373287954,20.855695724678014],[70.43235968794932,20.857641219966354],[70.42930793031678,20.861528397417658],[70.42485999229484,20.863470077781926],[70.41792487303451,20.871252060734093],[70.4131946486142,20.87516593995622],[70.41209220119418,20.87653160095266],[70.41179846912411,20.880701065701658],[70.41430853990727,20.882360458768233],[70.41819953138332,20.88153266969698],[70.41764258573681,20.884862899703137],[70.41652869444374,20.886259079193223],[70.41402625260952,20.88347435006125],[70.4062518995056,20.88291740531406],[70.39986218399264,20.88800777314026],[70.39736365420936,20.89125251808929],[70.39347266363256,20.89431190557002],[70.38818930759055,20.89569664028778],[70.37875556142006,20.90041923575916],[70.37458228264626,20.901807785401047],[70.37097357846795,20.901533127951552],[70.3734760212015,20.8956966411871],[70.37013816044782,20.898469925546692],[70.35930823478725,20.904321671108278],[70.35125159438564,20.91042137234848],[70.34791754945542,20.914304733976337],[70.3476428911066,20.916814804759497],[70.35125159438564,20.92014122074079],[70.34930609909725,20.91958427419496],[70.34736060290953,20.92041969311441],[70.34652899891421,20.917360306533],[70.3440265579793,20.916150535818645],[70.33180426775283,20.923196792398073],[70.32070349776825,20.927640915495886],[70.31541632770143,20.934030532982774],[70.31208228367052,20.93514061025104],[70.30791663384565,20.939863205722418],[70.30403327131847,20.94153022773787],[70.29985999344399,20.944581986269725],[70.29458808127498,20.947362900477515],[70.28848456600997,20.952081681024822],[70.2806911391848,20.956926345974125],[70.27625464593524,20.96161079400298],[70.27263831370726,20.963197708907217],[70.2609729691273,20.971532822581764],[70.25792121059544,20.972921372223595],[70.25653266095361,20.974863052587864],[70.2523593821798,20.978628158762547],[70.24819373235493,20.984308243530677],[70.24097632579685,20.990419388643943],[70.23958777615502,20.992639542281097],[70.24624823706654,20.99875450141917],[70.2470874700108,21.000417710309137],[70.23874854231144,20.994585037569493],[70.23652838867423,20.994585038468813],[70.23930548795795,20.999582291389686],[70.2373561786448,20.998193741747855],[70.23597144302772,20.99624824556014],[70.23346518626937,20.99765205399916],[70.22816275740541,20.99875450141917],[70.22125434081522,21.003751756138684],[70.21902655822913,21.00625038125014],[70.2162494580461,21.007360458518406],[70.2104206011299,21.012361527262726],[70.208749763291,21.013200760206985],[70.2037525094708,21.018472671476673],[70.19597052741796,21.025144577160574],[70.18013953391244,21.035970687896963],[70.17930030006886,21.037641526635184],[70.17679785913396,21.039030076277072],[70.17597388408751,21.04097557156541],[70.17041968462081,21.04652977103217],[70.15931128748599,21.05457115263664],[70.14708899636014,21.066530228387364],[70.14371680488671,21.06792259295338],[70.14263724521277,21.06903266932227],[70.14125250959569,21.07292747572245],[70.13791846376614,21.077360154047938],[70.14041709067624,21.079862594982842],[70.14041709067624,21.08097267225105],[70.14208411359101,21.0818080911705],[70.14653205071363,21.07903480591159],[70.14679907921419,21.079862594982842],[70.1401538770998,21.084581375530092],[70.13597296847774,21.08514213610073],[70.13569831012899,21.08236122189294],[70.13430976138642,21.080141068255728],[70.13207816207756,21.080694198978165],[70.13014411156155,21.082086563544124],[70.12652777843431,21.08597374009605],[70.1231937326047,21.08793068015683],[70.11985968767448,21.091249466289867],[70.11541556547604,21.094030381397033],[70.10875128964034,21.101251602879245],[70.10569953110854,21.102640152521076],[70.102636329603,21.10569572507768],[70.10041617596579,21.104581833784664],[70.09847449560152,21.106252670724245],[70.09736060340919,21.108194351987777],[70.09541129229734,21.10930824328085],[70.0948657905239,21.11056744703012],[70.09070014249761,21.114583969474666],[70.0854206004804,21.11958122329486],[70.07902716806939,21.124586106063987],[70.07097052766778,21.1323604591679],[70.06791113928773,21.137640000285842],[70.06514167075159,21.139039994700056],[70.05681037200111,21.146249771409884],[70.05625342545528,21.148203839036],[70.0545825885157,21.149030686516994],[70.05292714886889,21.151533018633927],[70.04958533469551,21.1537494670643],[70.04875373070018,21.155702591301576],[70.04291724303641,21.161806107465964],[70.0343112868365,21.172361373878346],[70.03208350335103,21.17402839769244],[70.03291510734635,21.1762523653544],[70.03763770191847,21.181528092447536],[70.03708838612016,21.18292045701355],[70.03319739554343,21.179861069532762],[70.02820014172323,21.179307938810382],[70.02208899660997,21.18403053338244],[70.01264380656647,21.194311142345384],[70.00903510328743,21.196264267482036],[70.0065326614532,21.199308396165577],[70.00541876926087,21.20181083710048],[70.00319861562366,21.20319557271756],[69.99825095311905,21.20791816728962],[69.97764777282651,21.23153114374736],[69.95847510454252,21.252084732724313],[69.94319342773457,21.270414353139927],[69.927362434229,21.287641525236268],[69.92292212605531,21.291807175061138],[69.90569495305971,21.312921524608726],[69.88958167315576,21.330419541029073],[69.88181494900073,21.340139390320644],[69.83680915062183,21.39153099216162],[69.81041907488049,21.421529772081385],[69.77986334931416,21.454862596032058],[69.77986334931416,21.45652961894683],[69.77820014222283,21.458471299311043],[69.77986334931416,21.45763969621504],[69.78125189895604,21.45541572675444],[69.78485297418547,21.452642442394847],[69.79152869389418,21.451250077828888],[69.80014227994235,21.452360155097153],[69.80014227994235,21.454305650385493],[69.80208777523069,21.45569420002738],[69.8015308304835,21.45625114567389],[69.80208777523069,21.459306718230494],[69.80347251084777,21.46180534514059],[69.80513953376254,21.463472368055363],[69.80319403847415,21.463193894782478],[69.80179785898406,21.46125221351889],[69.79902838864928,21.454862596032058],[69.79707907843675,21.453470231466042],[69.79125403554536,21.453195573117227],[69.78402899913908,21.455419541678566],[69.77736090837925,21.46069908279651],[69.77820014132351,21.462362290787155],[69.77486228146915,21.46141497102417],[69.77569769948929,21.460420609523567],[69.77403067657451,21.46125221441821],[69.7694835577201,21.467363359531475],[69.7401370920532,21.498197556572052],[69.72625159473534,21.51486396989634],[69.71570014234777,21.525697709581664],[69.71153449252284,21.531248094124294],[69.69736670610865,21.544584275643842],[69.68653296642333,21.552400591114463],[69.67653083073333,21.562643052634826],[69.67125128871606,21.566808701560376],[69.65040778259316,21.58875084107848],[69.64792060135471,21.592084886008706],[69.64679526528931,21.59264183165527],[69.64291571768626,21.597085954753084],[69.63680457347232,21.602640154219785],[69.62457846832172,21.616254808112956],[69.61510275978458,21.625139238485133],[69.6137485426612,21.627641679420037],[69.6104144968316,21.628751756688246],[69.6020831989805,21.636808397089908],[69.59097480004704,21.638471605080554],[69.59041403857708,21.636529923816965],[69.59263419311355,21.635141374175134],[69.59180640404236,21.629304887410683],[69.59097479914772,21.628126146004888],[69.5917987741941,21.62625312977815],[69.5901431951524,21.624029161216868],[69.58957862055695,21.620420457038506],[69.58764075421749,21.62153053430677],[69.58819770076332,21.62569618413164],[69.59124945749653,21.632360459967288],[69.59097480004704,21.635419847448077],[69.58402823601432,21.638204575680675],[69.57681464348104,21.643751146198497],[69.57514380654152,21.646249772209273],[69.57152747341422,21.647085191128724],[69.56709479508879,21.65181160152423],[69.56014060210714,21.656251908798595],[69.55568885006045,21.661252977542915],[69.54458808097519,21.670415879389395],[69.54180716586808,21.673471451946],[69.534860603634,21.678750993063943],[69.53347205309285,21.680696489251602],[69.52820014182316,21.68486213817721],[69.50818823969558,21.704309464810024],[69.50013541421805,21.711252213918613],[69.48903083020872,21.722642900149765],[69.48764228056683,21.72514152616054],[69.48375128909078,21.727922441267708],[69.47820471947227,21.73431205875454],[69.47236060375889,21.738752366028905],[69.47097205321774,21.74041938894368],[69.4512500682361,21.75235939187246],[69.44486426477408,21.75819587863691],[69.44385337013699,21.760141374824627],[69.43958472365614,21.761251451193573],[69.42903327126851,21.770696641237066],[69.41179846932397,21.78792381423267],[69.39902686329918,21.798196794246735],[69.38347052814242,21.816530229586476],[69.37681006543221,21.825422288907532],[69.36846732280878,21.832082749819108],[69.36013983898243,21.836252213668786],[69.35208319858083,21.838750840578882],[69.3423633492892,21.84708595425343],[69.33429907903934,21.852640152820868],[69.3234729683029,21.861532212141924],[69.31540869895235,21.86903190689702],[69.30264472187645,21.87903022946159],[69.2998561778204,21.88181114366938],[69.29847144220338,21.882081987094068],[69.29792212640507,21.883474351660027],[69.29460333937266,21.88652992421669],[69.28291510704662,21.89486122206779],[69.27623938733791,21.902360917722206],[69.26736640173812,21.909307480855603],[69.25068854454076,21.926023484596215],[69.2479190751053,21.929582597458932],[69.23652838887409,21.938474656780045],[69.2315311350539,21.943471909700918],[69.2259845654354,21.950140000460692],[69.20958899643512,21.96624946723915],[69.2006931230892,21.977922441667374],[69.1976413645574,21.980695726026966],[69.19875525674973,21.98236274894174],[69.20097159546282,21.983194352037742],[69.19930457254804,21.9837474836595],[69.19349097352966,21.9837474836595],[69.18875312016041,21.987924576458113],[69.17986487576349,21.9979190840985],[69.1698627391741,22.007827960092357],[69.16458319805622,22.014871599644664],[69.16097449477718,22.017641069979447],[69.15513800801273,22.025419237108167],[69.15097235818786,22.028196337291206],[69.14264105943738,22.037363054061757],[69.13652991432411,22.043191912776592],[69.1323604504745,22.048471452995216],[69.12625312028536,22.054307939759667],[69.12513541316883,22.056249620123936],[69.1204166335209,22.060693743221748],[69.11207770402285,22.070421220562935],[69.10819434329437,22.073472979094788],[69.10486029746482,22.07847404783911],[69.08748435142172,22.099863054836135],[69.06770133215082,22.117361071256482],[69.06263159926897,22.122640612374425],[69.05542182165982,22.128198625865934],[69.05031775625952,22.13486290170158],[69.04765509750479,22.13708305623811],[69.04651450354157,22.13903236645058],[69.04569434341926,22.139303209875266],[69.04486273852461,22.14097023279004],[69.04319953143329,22.142362597356055],[69.03847693596185,22.14958381883821],[69.03097724120676,22.15736198596693],[69.02986334901442,22.15958595542753],[69.02403449209817,22.166250231263234],[69.01847266278321,22.171808244754743],[69.01597785169656,22.17514229058429],[69.01375006821115,22.175970079655485],[69.01154517337113,22.178750993863332],[69.00791739637083,22.18124962077343],[69.00097083233811,22.19014168099386],[68.99931143837222,22.19125175736275],[68.9840259466402,22.209306718530286],[68.98208808030074,22.21097374234438],[68.97429846929896,22.222921374222096],[68.97125434151468,22.225973130955254],[68.97041510677184,22.229860308406558],[68.96819495403395,22.232641222614404],[68.9648609082044,22.23486137625156],[68.96347235856257,22.23708534481284],[68.9606914434554,22.23792076373229],[68.95791815909581,22.237360003161655],[68.95319556362443,22.24708366647809],[68.95291709125081,22.251619340560183],[68.95625495110517,22.255422595076766],[68.957643500747,22.257917406163415],[68.95291709035149,22.26680946548447],[68.9509754090879,22.27236366585055],[68.94347571523213,22.28513908590014],[68.94153021994373,22.292360308281673],[68.94040869880246,22.294031145221197],[68.93736457011886,22.30263710232049],[68.93680762447235,22.305974962174787],[68.93625067792652,22.312086107288053],[68.9426441112368,22.33249473814169],[68.94902991469888,22.331529619896116],[68.95430945581677,22.33430671917978],[68.95652960945398,22.338190081706955],[68.95597266380747,22.34514045976448],[68.95680426690348,22.34792137307295],[68.95819281744463,22.35014152760948],[68.95903205038888,22.3534717585149],[68.95796393548727,22.35569572707618],[68.95668219742555,22.364862443846732],[68.957643500747,22.36792183222684],[68.96375464586026,22.377916338068587],[68.96653174514398,22.381250383898134],[68.96901892818107,22.389860155022177],[68.98513983883254,22.414583208748127],[68.99142187042304,22.41847038979671],[68.9952106962167,22.42402839879162],[68.99540900392248,22.425142290084693],[69.0012531196358,22.430696489551394],[69.00514411201124,22.43542289904758],[69.006250373456,22.438474657579434],[69.00791739637083,22.439859392297194],[69.01486395950417,22.444032671070943],[69.01823615187698,22.44680977125398],[69.02152823623919,22.447919847622927],[69.02375220390115,22.449583056512893],[69.02736090807952,22.45042228855783],[69.03199957971691,22.454584124357893],[69.03958319830599,22.457361223641612],[69.04708289306114,22.461812974788984],[69.0593051823883,22.46708107203392],[69.0604190745807,22.469030382246387],[69.0629215155156,22.47041893188822],[69.06736182368928,22.4768047353503],[69.06708716534047,22.479585649558146],[69.06903266152818,22.47903251883571],[69.07125281516534,22.477361680996808],[69.07792090502579,22.478750230638695],[69.07998465756594,22.478471758265073],[69.08097266265833,22.475694658981354],[69.08403205103838,22.474031450990708],[69.08347510449255,22.47153282408061],[69.08236121319948,22.469305040595202],[69.08069800520883,22.46846962167575],[69.07875250902111,22.465970994765655],[69.07736014445516,22.465139391669652],[69.07514380574207,22.45930671982933],[69.07402991444906,22.453470233064877],[69.07208441916066,22.451807024174855],[69.06875037333111,22.451807025074174],[69.06402777785974,22.449583055613573],[69.05958746968605,22.445417405788703],[69.0529193798256,22.440694812115964],[69.05042456783957,22.43736076628636],[69.04486273942393,22.43597221664453],[69.04403113542861,22.43213463050887],[69.04680823381301,22.425970080055208],[69.05513953346275,22.4106960321962],[69.0604190745807,22.407922746937288],[69.06374930548611,22.400972367980444],[69.0681934276846,22.396806719054894],[69.07319831045373,22.39402198992292],[69.07847785157168,22.392641069230024],[69.08597754632677,22.393472674124666],[69.08986090795457,22.394311907968245],[69.09292029453604,22.395696642685948],[69.0948581608755,22.397638323050217],[69.09847449400274,22.399030688515495],[69.09929846994851,22.402921679092287],[69.09852789934314,22.40514183272944],[69.10013770289271,22.409025195256618],[69.10291480217643,22.40986061327675],[69.10958289203688,22.40986061327675],[69.11181067552229,22.409025194357298],[69.11291693786643,22.405973436724764],[69.11987494577221,22.403749468163483],[69.12319373190525,22.40069389650614],[69.12847327392251,22.397920611247287],[69.13014029683728,22.400972368879764],[69.13318823954569,22.402364732546403],[69.13625525597536,22.403196337441045],[69.14430426742808,22.40291786416816],[69.14930915019715,22.404031756360496],[69.15347479912276,22.40708351399303],[69.15680884495231,22.412359240186845],[69.16153144042369,22.414781573111156],[69.16514014370273,22.412916185833353],[69.17236136518488,22.41708564968303],[69.17152594626549,22.419584276593127],[69.17013739752292,22.420972827134335],[69.17319678410433,22.421808245154466],[69.17458151972141,22.423196794796297],[69.17679022858624,22.424032213715748],[69.17847632522228,22.421808245154466],[69.18681525382095,22.421529772780843],[69.19207953614176,22.422922137346802],[69.19430731962717,22.421529772780843],[69.19264411163653,22.4162502316629],[69.19346808578359,22.408750536907803],[69.19486426527368,22.406251909997707],[69.19652747326433,22.404584887082933],[69.19986151819455,22.403196337441045],[69.20347785132185,22.403749468163483],[69.20236396002878,22.401811601824022],[69.20035361462766,22.40069389560682],[69.19846915452791,22.398199083620852],[69.20041846384112,22.3906917590175],[69.19839286054213,22.390695573941628],[69.1984691536286,22.38791847465791],[69.19081564242799,22.386533739040885],[69.18763922796808,22.38508796913453],[69.18347357814315,22.381532671195885],[69.18208502940064,22.379304888609795],[69.17875098357109,22.376680023864083],[69.18181037105182,22.37486458133543],[69.1829242623449,22.372919085147714],[69.18042182141,22.36847496294922],[69.17846869537402,22.36763954402977],[69.17375373065022,22.36292076348252],[69.17402838809971,22.360696794921182],[69.1729221266549,22.357362749091635],[69.17763327735395,22.355138781429673],[69.17514228029205,22.352640154519577],[69.17402075915078,22.35069465923118],[69.17569922593856,22.34701347599116],[69.17347144245315,22.346811297603324],[69.17041968482067,22.348474505594027],[69.16792487283465,22.34514045976448],[69.16874884788109,22.343748095198464],[69.16903113517878,22.339860918646536],[69.16986273827479,22.337083819362817],[69.16735648331513,22.32597160640455],[69.16597174769805,22.323751451868077],[69.16236304441901,22.320974352584358],[69.15922123497205,22.31680488783536],[69.15791510729645,22.312917711283376],[69.15986060258479,22.307641985089617],[69.16124915222667,22.30541801652828],[69.17014502647186,22.29375267194831],[69.18571662042575,22.27958488643344],[69.18958472415574,22.277082445498536],[69.1959705267185,22.271528246931098],[69.2057208936044,22.264860156171324],[69.21792029518554,22.25986290235113],[69.22652625228477,22.25819206541155],[69.23375128869105,22.25819206451223],[69.239030829809,22.25986290235113],[69.2404193803502,22.261529924366585],[69.24069403779964,22.26375007800374],[69.24569510564464,22.265142443469017],[69.24764441675649,22.262922288932543],[69.24958228309595,22.26180076779127],[69.25124930601072,22.262922288932543],[69.25013922874246,22.264310839473694],[69.25068854454076,22.266530993110905],[69.2579212107953,22.26902961912168],[69.27124976336592,22.270418168763513],[69.27403449249789,22.26902961912168],[69.27930640376758,22.27180671930472],[69.28291510794594,22.272085192577606],[69.28514289053203,22.274030687866002],[69.2901401434529,22.275140764234948],[69.29431342222671,22.279031755711003],[69.29514502622203,22.28181266991885],[69.29319953093363,22.284029009531196],[69.29310797905003,22.286252977193215],[69.29541968457085,22.284311296828946],[69.29708289346081,22.28569603154665],[69.29759787674067,22.28708076716373],[69.30097388403755,22.287920000107988],[69.30930518278802,22.28697014065949],[69.31234931147162,22.287363055360743],[69.31375311991059,22.28928184797894],[69.31208228297106,22.291250231912727],[69.3184108652693,22.29069710029097],[69.32208441956038,22.293195726301803],[69.3234729683029,22.294305803570012],[69.3248615188441,22.29652977213135],[69.32457923064703,22.29906654648397],[69.3262462535618,22.300970079405715],[69.32375525560064,22.30347252123994],[69.32653235578363,22.302080156673924],[69.33319281759452,22.30376243838589],[69.33486365543342,22.305139544154713],[69.33625220417593,22.308195116711317],[69.33735846652007,22.311811449838615],[69.33708380907058,22.318471910750134],[69.33569525852943,22.3204212209626],[69.33097266305799,22.323472979494454],[69.33125113633093,22.32611167761189],[69.3304157183108,22.327638629319324],[69.33569525852943,22.33014107025423],[69.34041785310148,22.329862596981343],[69.34263800763802,22.328474046440135],[69.35375403552035,22.326250078778173],[69.35542487245993,22.32458305676272],[69.35930823408779,22.323194505322192],[69.3665332713934,22.32180595657968],[69.3665332713934,22.318471911649453],[69.36458777520573,22.316640855990784],[69.370409003173,22.31764030675481],[69.37403296614855,22.31903267222009],[69.37614249328152,22.320974352584358],[69.37903021906942,22.32180595657968],[69.38540839358257,22.321531298230866],[69.38707923052215,22.31903267132077],[69.3884715950881,22.320695879311415],[69.39680670876265,22.320974352584358],[69.40097235858752,22.319585802043207],[69.40236090822941,22.31680488873468],[69.40930365733794,22.31596946981523],[69.42013739792264,22.315973283840037],[69.42347144285287,22.31680488873468],[69.43069647925915,22.320695879311415],[69.4365291519988,22.32264137549913],[69.43736457091825,22.325140002409228],[69.43985938200495,22.327081682773496],[69.44236182383918,22.330694200976666],[69.44930457294777,22.332082751517817],[69.45208167223143,22.333471301159648],[69.45375250917101,22.33542061137217],[69.45688819063753,22.333471300260328],[69.4590320520876,22.332918169537948],[69.46069526007824,22.33319664281089],[69.46159552821109,22.331529619896116],[69.46319770101314,22.330694200976666],[69.4673633499387,22.33041954352717],[69.46985816192466,22.332082750618497],[69.47708319923032,22.33458519245272],[69.47958564016523,22.3343067200791],[69.48319434344427,22.33514213809923],[69.48791693981497,22.33791923738295],[69.48847388546147,22.342641832854326],[69.48819922711272,22.348474504694707],[69.49013709345218,22.355657580532977],[69.49180793039176,22.356805803445127],[69.49819373385378,22.364862443846732],[69.49986457169268,22.36625099348862],[69.50152777878401,22.367361071656205],[69.50763892389728,22.36902809367166],[69.51374625408641,22.372640611874772],[69.51986121412381,22.378751757887358],[69.52347754725105,22.384859087177176],[69.52319525905403,22.38875007865323],[69.51652716829426,22.39458275139293],[69.51569556519826,22.4048633594565],[69.5176410604866,22.410970690544957],[69.51513861865237,22.415971758390015],[69.51069831137801,22.417917253678354],[69.5101413657315,22.419580461669],[69.5026416709764,22.42569923663052],[69.50152777878401,22.431531908470845],[69.49986457169268,22.432920459012053],[69.4984683922026,22.435140611749887],[69.50235938277933,22.43319511646149],[69.50374793242122,22.42735862969704],[69.50681113392676,22.42735862969704],[69.50680731990195,22.42458534443813],[69.5084705278926,22.425142290984013],[69.51875113685554,22.425970080055208],[69.5268039632324,22.423471453145112],[69.53336905733619,22.418195726951296],[69.53569983747758,22.414030077126426],[69.5359744958264,22.410421373847385],[69.54208564093966,22.40847206363486],[69.544031136228,22.406808855644215],[69.54985999404357,22.40468025478998],[69.55124854278608,22.403474809814668],[69.55263709242791,22.40069389560682],[69.55264472227617,22.397832873388438],[69.55180930425604,22.395421984337133],[69.54902838914887,22.39375114649829],[69.5531940389738,22.389307024299796],[69.55513953516146,22.3890323668503],[69.55708503044985,22.377641680619092],[69.55042456863896,22.37486458043611],[69.55124854278608,22.373472216769414],[69.55069922698777,22.371812822803577],[69.55986212973357,22.366811754059256],[69.56014060210714,22.36263847528545],[69.56153296757248,22.360418321648297],[69.56318854571487,22.35902977110709],[69.56181525487017,22.35625267182337],[69.56458472520495,22.356809618369255],[69.56680487974148,22.35819435218764],[69.5704212119694,22.364583970573847],[69.5737514419755,22.367361070756886],[69.57819556507332,22.368268967838617],[69.5804157178112,22.367036821092483],[69.5831432266786,22.36264228931026],[69.58518027564924,22.361810686214255],[69.58902930565796,22.36208534456307],[69.59069251364866,22.361253739668427],[69.59208869223943,22.35931205930416],[69.59153174659286,22.355863572945566],[69.59069632767341,22.35448265225267],[69.58363150818764,22.34986305343722],[69.5795841147152,22.34625053523405],[69.57930945636639,22.340925217724646],[69.5776386194268,22.337640763210686],[69.57375144287482,22.335973741195232],[69.57208441996005,22.33430671828046],[69.57290839410717,22.329030992985963],[69.57430457359726,22.326250077878854],[69.57514380654152,22.319311143694392],[69.57653235618335,22.32264137459981],[69.57569312413841,22.327085496798304],[69.57291602395537,22.33319664191157],[69.57681464527974,22.336252214468175],[69.58014106036171,22.337640764110006],[69.58069800690754,22.343748094299144],[69.58125876657886,22.345422746162853],[69.58291815964543,22.346811295804685],[69.58902930475864,22.349309922714838],[69.59402655857889,22.352083207973692],[69.59570502446735,22.350973130705484],[69.59707831621137,22.34792137307295],[69.59847449480213,22.34986305343722],[69.59986304534334,22.349584581063596],[69.60125159588449,22.347642899800064],[69.6020831989805,22.350973131604803],[69.60514258646123,22.35069465833186],[69.6059741904566,22.34653282343112],[69.60624884790604,22.340696335767348],[69.60708808174962,22.340139390120783],[69.6073551111495,22.349031450341215],[69.60957907881152,22.34707832520462],[69.61235999391863,22.341531754686798],[69.60930823538683,22.330694200077346],[69.60680579445193,22.32597160550523],[69.60957907881152,22.33041954262785],[69.61181067722106,22.33681297503881],[69.61403083085821,22.337923052307076],[69.61541938139936,22.340974809040233],[69.61763953413725,22.348752977068273],[69.61680411611712,22.352083207973692],[69.61792182233427,22.356531144196992],[69.61931037197616,22.35902977110709],[69.61763953413725,22.363752366578524],[69.61736487668776,22.367361070756886],[69.62153052561331,22.36792183132752],[69.62347602180103,22.367082597483943],[69.6256885464893,22.364042283724473],[69.62958335199016,22.36319542093196],[69.635972969477,22.35902977110709],[69.64125251149426,22.358747483809395],[69.64426612168421,22.355970383626357],[69.645143502071,22.357030870478354],[69.6556911395345,22.35986137600173],[69.65708350499983,22.364583971473166],[69.6556911395345,22.367361070756886],[69.65651892950507,22.37070274553531],[69.65625190010519,22.37625313007794],[69.65902518536404,22.382642747564773],[69.66541480375025,22.393194199952404],[69.66847419123098,22.393472673225347],[69.67013739832231,22.394861222867178],[69.67708777727916,22.39402198992292],[69.6812534262047,22.395421983437814],[69.69447516719526,22.3951396952408],[69.69930457334743,22.395971300135443],[69.69958686064518,22.398107530837933],[69.69819831190262,22.399030687616175],[69.69680976136146,22.410970688746318],[69.69568824022019,22.413751603853484],[69.69403266207775,22.415971757490638],[69.69236182423884,22.42041969461326],[69.69653510301265,22.427644731019598],[69.70180701518166,22.433752062108056],[69.69847296935211,22.439031602326622],[69.69763373640785,22.44236183323204],[69.6793765950539,22.442922593802734],[69.67458533544493,22.439306260675437],[69.67151831811594,22.44042015286783],[69.67318915685416,22.442922593802734],[69.67180442123708,22.446809770354662],[69.67263983925722,22.45014000126008],[69.67318915595484,22.444860460142195],[69.67485617886962,22.442083359959156],[69.67930793001699,22.444032670171623],[69.68847083276279,22.44513893341508],[69.68818854636436,22.447641374349985],[69.69153022024352,22.451532364926777],[69.6981983110033,22.454584123458574],[69.69957923259557,22.456251146373347],[69.70124625461102,22.455419541478705],[69.70014380719101,22.447919846723607],[69.70430945611656,22.44820213492062],[69.70569800575839,22.45126152150209],[69.70986365648264,22.45708274946935],[69.71402549048406,22.459585191303574],[69.72069739526864,22.462362290587294],[69.72264289145636,22.464582445123767],[69.72347449545168,22.469583512968825],[69.72930716819133,22.47403145009139],[69.73097419020678,22.473196031171938],[69.73236273984861,22.4712505358836],[69.73597144312765,22.468751908973445],[69.73874854331069,22.462640763860236],[69.74069403859903,22.454862596731516],[69.73764228096655,22.448472978345308],[69.73791693931537,22.447572709313135],[69.7373599936688,22.44542121981351],[69.73486136675871,22.443933488439768],[69.73874854421001,22.44320106707562],[69.74597357971697,22.433752061208736],[69.74582480666953,22.432363512466168],[69.74458503007514,22.430692673727947],[69.74624823806579,22.42931175393437],[69.7487506790007,22.430139543005566],[69.75013922954184,22.427919389368355],[69.75347327447207,22.426530839726524],[69.7559680864581,22.42735862879772],[69.7559757163063,22.43218040600101],[69.75818824099457,22.441514970439584],[69.75958441958534,22.441251756863153],[69.76097297012655,22.439031603225942],[69.76236151976838,22.43180656592034],[69.76708411434043,22.42709159939784],[69.7731952594537,22.42263984825047],[69.77458380999491,22.419580461669],[69.77652930438393,22.41764259532954],[69.77929877561803,22.412359239287525],[69.7840290000384,22.410970689645637],[69.78541754968023,22.407915117089033],[69.78791999061514,22.408750535109164],[69.78819464896395,22.406530382371272],[69.79264258608652,22.403474808915348],[69.79651831876544,22.402639390895217],[69.79819678555327,22.400419237258063],[69.79957770624623,22.403749467264163],[69.80208777702933,22.40514183183012],[69.80542182195956,22.403749467264163],[69.80708503084958,22.4048633594565],[69.81096839247738,22.40986061237743],[69.81236457106814,22.413751603853484],[69.81514930020012,22.415422441692385],[69.81791876963558,22.419309617344993],[69.81819342888372,22.422361375876847],[69.81958197762623,22.422918321523355],[69.82319831165279,22.428472520090793],[69.82375525729935,22.432081224269155],[69.82264136510696,22.434942246487537],[69.82568930871469,22.43958473394838],[69.82736014655359,22.440416337943702],[69.82875251022023,22.442640305605664],[69.8279209062249,22.446805955430534],[69.82631873342285,22.448472978345308],[69.82242011299786,22.450700761830717],[69.82125281546513,22.45208168252367],[69.82264136510696,22.455141069105082],[69.8243045730976,22.457071305596344],[69.82763861892715,22.45652961874697],[69.82903479751792,22.450971605255404],[69.83264350169628,22.452085496548477],[69.83429526581392,22.454030991836873],[69.83486365533349,22.472917558798372],[69.83403205133817,22.474584580813826],[69.83597754752583,22.474306107540883],[69.83569525932882,22.462625505063045],[69.83764075551653,22.454862596731516],[69.84097480044676,22.45597267310046],[69.84541510772112,22.45430183526156],[69.85041999049025,22.453470231266238],[69.85653113650278,22.44930076741656],[69.86235617939423,22.446805955430534],[69.87153052601303,22.447084427804157],[69.87403296694794,22.44930839726476],[69.8759708332874,22.448472978345308],[69.87903021986881,22.45042228855783],[69.88153266170303,22.4529171005438],[69.88292121134486,22.45652961874697],[69.88736151951855,22.458471300010558],[69.893198006283,22.464582444224447],[69.89958380884576,22.467641832604556],[69.90374945867063,22.467920304978122],[69.90374945867063,22.465974808790463],[69.90541266666128,22.462640763860236],[69.91097449507691,22.458749772384124],[69.9123630447188,22.456811906943983],[69.91319464871412,22.457639696015235],[69.9118060990723,22.460138322026012],[69.9098606037839,22.46690941034109],[69.91041755032973,22.467363358432294],[69.91097449597629,22.470972062610656],[69.91014289198091,22.47541618480915],[69.9115966208874,22.478750229739376],[69.91236304561812,22.485139848125527],[69.91375159525995,22.489862443596962],[69.91874884818088,22.49458503906834],[69.92431067749584,22.504583359834214],[69.93152808405387,22.509923937040128],[69.93400382231857,22.510416032573914],[69.93458747153466,22.51168632586331],[69.93695258419444,22.513200760806512],[69.94046210574163,22.51347160513052],[69.94346808608339,22.511800767291618],[69.9473514486105,22.507642748214323],[69.95402716921853,22.50430488746065],[69.95597266450693,22.50152778817693],[69.95625495180462,22.496530534356737],[69.95708655579995,22.502084733823438],[69.95569800615812,22.50430488746065],[69.95685004489371,22.507360460017253],[69.95903205108834,22.509309770229777],[69.95707892595175,22.508474351310326],[69.95181464453026,22.509031296956834],[69.94902991539834,22.51292228843289],[69.94653128848825,22.51375007750414],[69.9445781633516,22.515420915343043],[69.94513892392223,22.518751146248462],[69.94652747356412,22.519582750243785],[69.9462528152153,22.52347374171984],[69.9473514486105,22.529031755211406],[69.95403479816747,22.5298595442826],[69.96290778376726,22.537084580688884],[69.97207831636126,22.540159226966807],[69.98069953225769,22.540697099791373],[69.98319434334434,22.542085648533885],[69.98486518208256,22.5404415142645],[69.98346137274422,22.537363053961826],[69.98180579370245,22.535696031047053],[69.98347663154135,22.53541755777411],[69.98486518118324,22.537084580688884],[69.9859714444267,22.54042244054324],[69.98430823553667,22.54264259507977],[69.97569464948856,22.541528702887376],[69.975137703842,22.542409898198287],[69.97957419619223,22.543752672347978],[69.9868106773709,22.54458427544398],[69.99708747140971,22.54693794423082],[70.00152777868408,22.547056199683936],[70.00403022141762,22.545694352712246],[70.00763129484841,22.547922135298336],[70.01040839503145,22.54875374019298],[70.01346778161286,22.54765129277297],[70.02041434564558,22.54736137562702],[70.024866096793,22.550695420557247],[70.02791785442548,22.549863816561924],[70.02819251367362,22.546957017052762],[70.02292060150461,22.542085648533885],[70.02375220549993,22.539861680871923],[70.02596854421301,22.542921068352655],[70.02958869226438,22.545137407065738],[70.03067206596313,22.551813126774448],[70.03375434208925,22.556806565670513],[70.03542517902883,22.5582027451606],[70.03985785735426,22.560419083873683],[70.04041480300083,22.5623645800614],[70.04430579447688,22.55652809329689],[70.049028389049,22.554029466386794],[70.06014441783066,22.55079841811255],[70.06292151711438,22.54916572681691],[70.0643100667562,22.54736137562702],[70.06597327474691,22.54765129187365],[70.06956290430463,22.54958534418836],[70.07430457349733,22.54971885843861],[70.082643502096,22.54736137562702],[70.08458899828372,22.545465470754948],[70.09541129409598,22.54660988054161],[70.10375403671947,22.546689988552203],[70.10640143577768,22.546247484334003],[70.11931037187622,22.54765129187365],[70.12014197587155,22.546247483434684],[70.12291907515527,22.546247484334003],[70.12638282031094,22.54765129187365],[70.13764380721597,22.54819679364715],[70.13903235685785,22.54958534418836],[70.14173316305511,22.550142289834866],[70.14485739974924,22.55240059001528],[70.14698600060348,22.55319786239147],[70.15513800781287,22.55319786239147],[70.1617984696237,22.551813126774448],[70.17124747549065,22.557638169665836],[70.17207907948597,22.56014061150006],[70.17402838879917,22.56181144933896],[70.17514228189083,22.56375312970323],[70.17402838969849,22.565420152618003],[70.175416938441,22.56847191025048],[70.17679786003328,22.570421220463004],[70.17986487646294,22.571809771004155],[70.18068885150933,22.575422288308005],[70.18290519022241,22.5762500773792],[70.18569373337914,22.580972672850635],[70.18736457121804,22.5820827501189],[70.18820380506162,22.5854206099732],[70.1912555626941,22.584306718680182],[70.19513510939782,22.5854206099732],[70.1934757163313,22.590974809439956],[70.19319342903356,22.59680748128028],[70.19486426687246,22.600141527109827],[70.19454764615699,22.603204728615367],[70.19542121251902,22.604860307657134],[70.2009754110864,22.6051387800307],[70.20318030682574,22.606531144596715],[70.19902991579801,22.60875129823387],[70.19902991579801,22.610139848775077],[70.19597052831728,22.611249925143966],[70.19569586996846,22.612920762982867],[70.1973743367563,22.61271858369571],[70.19819831090336,22.614309312624755],[70.19763755033273,22.61680793953485],[70.19958686144457,22.6159725206154],[70.2018070141824,22.619863512091456],[70.20597266400728,22.620702745035715],[70.2084751058415,22.622083665728667],[70.20791816019499,22.62514305231008],[70.21013831383215,22.62375068864344],[70.2123660964183,22.62486076501233],[70.21152686347403,22.629865648680777],[70.21486090930358,22.628194810841876],[70.21792029678431,22.630140306130272],[70.21985434819965,22.632360459767483],[70.21653174624316,22.634870530550586],[70.21430014873295,22.633752824333442],[70.21679877564304,22.638200761456005],[70.2159748005966,22.64041710016909],[70.21958350387564,22.639032365451328],[70.22070502591629,22.637933732955446],[70.22347449535175,22.638471604880692],[70.22598456703417,22.6398601554219],[70.22598456613485,22.64264106873037],[70.22735022803067,22.64458274999396],[70.2293109821162,22.64569664218635],[70.23208426737511,22.649869920960157],[70.2348651815829,22.649312974414272],[70.23375129028989,22.652360918021998],[70.22957801151608,22.653753281688637],[70.2293109821162,22.657365800791126],[70.23236273974868,22.65570259280048],[70.23569678557823,22.655694962952225],[70.2348651815829,22.658189774938194],[70.23542212812879,22.660142900074845],[70.24292182288389,22.662919999358508],[70.2418079306915,22.663751603353887],[70.24025534830571,22.666532518460997],[70.24096869684791,22.669031144471774],[70.24458502997521,22.67041969501298],[70.24485968832403,22.67152977138187],[70.24624823796586,22.67236137537725],[70.24375342597989,22.674581529014404],[70.24485968832403,22.675416947933854],[70.24208258814099,22.675138474660912],[70.24013709375191,22.676805497575685],[70.23985862047903,22.679029467036344],[70.24153327234268,22.681531907971248],[70.24263953468682,22.680696489051797],[70.24375342597989,22.67847252049046],[70.24624823796586,22.68347358833546],[70.24903296709783,22.685422898547984],[70.24986457199248,22.6912517563635],[70.25235938307912,22.691530228737122],[70.2518100663815,22.69347191000071],[70.2509708334373,22.69347191000071],[70.2509708334373,22.69486427456667],[70.2518100663815,22.6962528242085],[70.24986457109316,22.695421220213177],[70.24318885138445,22.696531297481442],[70.23903083140777,22.695974351834934],[70.23928641603533,22.702360155296958],[70.24236106141393,22.70319557331709],[70.2443103716264,22.705141068605485],[70.24347113868214,22.706533433171444],[70.24041938104966,22.70458030893417],[70.24153327234268,22.70736122314196],[70.24319648033338,22.709306718430355],[70.24930762544659,22.712083818613394],[70.24903296709783,22.705141069504805],[70.25486182491335,22.706533434070764],[70.25514411221104,22.714311602098803],[70.25374793362028,22.718469621176155],[70.25514411221104,22.72403144959179],[70.25847052909171,22.724309922864677],[70.2545795376156,22.726251604128265],[70.25208472473031,22.724309922864677],[70.25208472562963,22.726530076501888],[70.25403022091803,22.729307176684927],[70.25541877055986,22.729860307407307],[70.25291632962495,22.733472825610477],[70.25514411311036,22.73180961761983],[70.25902747473822,22.730695725427438],[70.26097297002661,22.73291969398872],[70.26403235660803,22.738195421081855],[70.26597785279574,22.73653221219189],[70.26764106078639,22.73653221309121],[70.27097510571662,22.733751298883362],[70.27430533662204,22.733472825610477],[70.27597235863749,22.731252671973266],[70.27625464683456,22.734861375252308],[70.27764319647639,22.735689164323503],[70.2798633501136,22.738473894354797],[70.2806911391848,22.74069786201676],[70.28514289123149,22.742639543280347],[70.28847693706103,22.745695115836952],[70.28208350375075,22.74791908439829],[70.28430365738791,22.748193741847786],[70.28679847027325,22.747358323827655],[70.28985785775399,22.74875450241842],[70.29292105925953,22.749032975691307],[70.29931067764574,22.754583360233937],[70.29875373199917,22.757360459517656],[70.3029193800254,22.759859086427753],[70.3020877769294,22.762361527362657],[70.30236243437889,22.76597023154102],[70.30346869762235,22.76680946448522],[70.30506705550027,22.765974046465146],[70.30124854308588,22.77097130028534],[70.30458258891542,22.773748399569058],[70.30681037240083,22.778474809065244],[70.30374716999597,22.779031754711752],[70.30097388563638,22.777639391045113],[70.30458258891542,22.780969621950533],[70.30764197639616,22.78236198561717],[70.31236457186753,22.787923814932185],[70.31069373312931,22.793195725302553],[70.30903052603799,22.795141222389532],[70.3204212122692,22.79763984840031],[70.31791876953565,22.799028398042196],[70.31680487824258,22.800416947684027],[70.31791877043497,22.80291938951825],[70.32153128863814,22.807920457363252],[70.32264136500703,22.803194047867066],[70.32430457299768,22.805421830453156],[70.32514380684125,22.81041908427335],[70.32682227362909,22.813749315178825],[70.32930564174205,22.8154163380936],[70.33264350159635,22.820695879211485],[70.33513831358238,22.822080613929245],[70.33513831358238,22.824312212338782],[70.33791159884129,22.827085496698373],[70.33902930505843,22.830411912679665],[70.33764075451728,22.8359737410953],[70.33819770106311,22.84014320494498],[70.33958625070494,22.844030382396284],[70.34097480034683,22.847360612402383],[70.3476428911066,22.856809618269324],[70.35099219573328,22.86292076248327],[70.35431098186638,22.870973588860068],[70.35679816490347,22.872079851204205],[70.37458228444495,22.896806718954963],[70.37958335228996,22.90319633644185],[70.38263511082175,22.905969621700706],[70.38513755175666,22.909864427201626],[70.38846778266208,22.909582139903875],[70.40764045094613,22.91847419922499],[70.40957450236147,22.920701982710398],[70.41235923149338,22.918752671598554],[70.4123592323927,22.920137406316314],[70.41402625440816,22.92347526706999],[70.4212512908145,22.9312496201739],[70.42347144445165,22.932638169815732],[70.42597007136175,22.93819236928249],[70.42679786133232,22.944868088991143],[70.43144034699446,22.959306717930758],[70.43264197704565,22.960699083396037],[70.43514823290468,22.961812973789733],[70.44180106486732,22.974031449991458],[70.44124793414488,22.975423814557473],[70.43792151816359,22.975141526360403],[70.44215964705012,22.976530076002234],[70.45540808981156,22.986810685864498],[70.45736121584747,22.98953437980782],[70.4623660986166,22.99931907741353],[70.46653174754215,23.00458336063366],[70.47125434211426,23.012239458284398],[70.4759845674339,23.02321052714416],[70.47706412620852,23.027360917272574],[70.48097419140589,23.035249711804795],[70.49014472310057,23.05932045217719],[70.4915332727424,23.064306261225],[70.49292182238423,23.072916032349042],[70.49153327364172,23.075422289107394],[70.48597144432676,23.076807023825154],[70.48401831919011,23.075971604905703],[70.48124884975465,23.07208061432891],[70.47486304629263,23.069307329070057],[70.4606952607777,23.066530229786338],[70.44319342943328,23.06430626032568],[70.43931006780542,23.06291771068385],[70.43290900554621,23.05903053503124],[70.42402839009816,23.052080156074396],[70.41736029933838,23.045694352612315],[70.41652869534306,23.04402733059686],[70.4120883880687,23.03903007677667],[70.40542029730892,23.03347206328516],[70.4026431980252,23.029581070909728],[70.40125464748405,23.030702592051057],[70.3970889985585,23.02625084090363],[70.39624976471492,23.021249773058628],[70.39597510726543,23.01458549632366],[70.39458655672428,23.006528855922],[70.39319419215832,23.002641679370072],[70.39208411578937,23.000696183182356],[70.38875006995983,22.999040605939285],[70.38402747448839,22.99819374314677],[70.38513755175666,22.99736213825213],[70.39290809083576,22.99736213825213],[70.39375495272895,22.996252061883183],[70.39486121597241,22.991529466411805],[70.39430426942653,22.972379685873875],[70.39290809083576,22.962644578684433],[70.38652991632262,22.94819450497249],[70.38569831232729,22.946645738410155],[70.38067817076103,22.94320106697569],[70.37319373480307,22.940343857882795],[70.36911963776112,22.937917710933675],[70.35125159618428,22.931528093446786],[70.34514045107102,22.930418016178578],[70.33875464760894,22.93180656671973],[70.32458304716994,22.93597221564528],[70.31292151841342,22.941530229136788],[70.30986213003331,22.94180870240973],[70.30681037330015,22.945417405688772],[70.30652808510308,22.949308396265508],[70.30700110781493,22.951250078428416],[70.30208777782872,22.95014381518496],[70.29097174904706,22.945142747339958],[70.2873630448687,22.945417406588092],[70.28569983777737,22.946805956229923],[70.27986335101292,22.94903373881607],[70.275697701188,22.952085496448547],[70.27403449319735,22.95236015479736],[70.2679157191352,22.956251146273416],[70.26542090624986,22.960420610123094],[70.26569556459867,22.96208381811374],[70.26208686131963,22.963193895382005],[70.25903510278783,22.96653175523636],[70.25069617508848,22.97347450434495],[70.24819373325425,22.973482133293885],[70.2418079306915,22.978200913841135],[70.23764228086662,22.979307176185273],[70.23401831879045,22.97903251783646],[70.23040961461209,22.9776401532705],[70.22902869391913,22.965974808690532],[70.22597693718598,22.967084886858117],[70.21653174624316,22.974306108340272],[70.20652961055316,22.97986030780703],[70.20375251037012,22.983194352737257],[70.20236396072823,22.986528397667485],[70.20125006943522,22.99254064793263],[70.19846915432805,22.988752367128086],[70.19986151979339,22.983751298383766],[70.20125006943522,22.98125267147367],[70.2059726649066,22.97680473525037],[70.21153449242297,22.974031449991458],[70.22152518513923,22.966810228509303],[70.22347449535175,22.964033128326264],[70.22485923096878,22.960699083396037],[70.22152518513923,22.957639695915304],[70.2159748005966,22.954862595732266],[70.20874976419032,22.952085496448547],[70.20236396072823,22.950696946806715],[70.19708441961035,22.9504222884579],[70.17624854333565,22.951250078428416],[70.17347144315261,22.950700761730843],[70.1673602980394,22.947084428603546],[70.1651401453015,22.943471909501056],[70.16179847052302,22.942922593702804],[70.1584682396176,22.945970537310473],[70.15486335036337,22.946805956229923],[70.14903449344718,22.95042228935722],[70.14319037683447,22.95181083899905],[70.1409778521462,22.95319557461613],[70.13263892444684,22.96064949208045],[70.13014411246087,22.961389543292853],[70.12652777933363,22.96069526937123],[70.12124823821568,22.962362291386683],[70.1204090043721,22.964033129225584],[70.12014197587155,22.96615791605501],[70.1223621295087,22.972360613051876],[70.12847327462197,22.975969317230238],[70.13318824024515,22.983472826909463],[70.13263892444684,22.985971453819616],[70.12986182516318,22.987360003461447],[70.1290264053444,22.99041939004286],[70.13041876991036,22.994306566594844],[70.13402747408873,23.000974658253938],[70.14208411449033,23.007921221387335],[70.14347266413222,23.01014137502449],[70.14068412007612,23.010980608868067],[70.13903235685785,23.008195878836773],[70.13318824114447,23.004030229911223],[70.12986182426386,23.000696184980995],[70.12735938242963,22.99542045878718],[70.12597083278774,22.99374962094828],[70.12319373350408,22.982080462343504],[70.11403083075828,22.974306109239592],[70.11235999291938,22.97153282398068],[70.11097144327755,22.966249467938667],[70.11125373147456,22.9601383228254],[70.11219214705,22.958749773183513],[70.12458228314591,22.949861528786585],[70.12431525464535,22.94681358607818],[70.12041663422036,22.94819450677113],[70.11347388511177,22.95236396972149],[70.1090183181409,22.951532366625486],[70.1073627399985,22.949861528786585],[70.10457801086659,22.94320106787501],[70.09986304524341,22.942361834031487],[70.09430884577665,22.95181083989837],[70.09124945829592,22.951803210050173],[70.0940189286307,22.94903373971539],[70.09541129319666,22.944311144243954],[70.09958457197047,22.938474658378823],[70.102636329603,22.939310076398954],[70.10458564071479,22.940694812016034],[70.11013983928223,22.94793129229538],[70.11264228111645,22.949308398064147],[70.11875342622972,22.945142748239277],[70.12597083368706,22.94375038457264],[70.1356983110283,22.942922594602123],[70.13764380721597,22.941530230036165],[70.13903235685785,22.933202744411176],[70.13458441973523,22.92680549797541],[70.13096045765906,22.924032212716497],[70.12180518296287,22.919580462468446],[70.12041663422036,22.917917254477743],[70.11736487568851,22.91625023066365],[70.11596106724949,22.91486168102182],[70.11291693856595,22.913751604652873],[70.10819434399383,22.910421373747454],[70.10457801086659,22.909032824105623],[70.08875464630995,22.907640460438927],[70.0842990802384,22.90855980139378],[70.08208655555018,22.907640459539607],[70.08236121389893,22.906248094973648],[70.07792090662457,22.906248095872968],[70.06903266222764,22.904031756260565],[70.05708503034992,22.904031756260565],[70.0526370932273,22.90319633734117],[70.05014228124134,22.901250842052775],[70.04902838994832,22.89957237526494],[70.03151129890739,22.896253588232582],[70.02930640496669,22.89875221514268],[70.02403449279768,22.90153312935047],[70.01764106038667,22.89957237436562],[70.01708411474016,22.901250842052775],[70.014863961103,22.902082446048098],[70.01318930833997,22.90042305298158],[70.01069831127808,22.90069008148214],[70.00569342850895,22.899862291511567],[70.0023593826794,22.90014076478451],[69.99986457069343,22.902921678992357],[69.98014258661112,22.897920611147356],[69.96347235926203,22.895143510964317],[69.95569800615812,22.895418169313132],[69.95115088640432,22.892919542403035],[69.94403266157815,22.892641070029413],[69.936532966823,22.89152717873634],[69.93514441718116,22.887083056537904],[69.92874716984608,22.88096809650051],[69.92624854293598,22.879861834156372],[69.91882132814186,22.874307634689615],[69.91263770306762,22.872919085047783],[69.91069602270335,22.869302751920543],[69.90820502564145,22.867643358853968],[69.90152549010935,22.865140917919064],[69.89291571808599,22.865972521015067],[69.88903235645813,22.867643358853968],[69.88458441933557,22.8707027463347],[69.8668079305416,22.87292289907259],[69.85901831864055,22.870141984864745],[69.85819434449348,22.866811754858645],[69.86013983978182,22.864583971373236],[69.86152838942371,22.860139849174743],[69.860685340656,22.859029772805798],[69.85624884830577,22.867082598283332],[69.85291480247622,22.86792183122759],[69.84401892913036,22.865140917919064],[69.8187465596061,22.85320472991441],[69.80418329362413,22.850592112136326],[69.78139576170508,22.834401944694037],[69.767641059987,22.827638628320074],[69.7656955646986,22.82597160630462],[69.76069831177773,22.82458305576347],[69.75347327537139,22.820421221762047],[69.75069617518841,22.81625175701305],[69.74514197572165,22.804029466786517],[69.74485968752464,22.80013847531046],[69.74624823806579,22.79652977293074],[69.74624823806579,22.7937526727477],[69.74402808442863,22.79124260196454],[69.74153327244261,22.78513908669953],[69.73819922661306,22.782083513243606],[69.73569678567816,22.78097343687466],[69.73361014629126,22.77874946831338],[69.73153113675261,22.77319908467007],[69.72763633035242,22.76931190721882],[69.72680854128123,22.767362597006297],[69.72486304509351,22.765695574091524],[69.72403144109819,22.76389885185057],[69.7220783159616,22.76264381645899],[69.71985816232439,22.760141375524086],[69.71597480069653,22.752916339117803],[69.71402549048406,22.751531603500723],[69.7154178541507,22.749582293288256],[69.71570014234777,22.743810656636526],[69.71457862210576,22.740972521264894],[69.71319770141287,22.739313127299056],[69.70930670993675,22.73835563890168],[69.70764350194611,22.737363817086532],[69.70680426900185,22.734861376151628],[69.70765113089504,22.730417254852455],[69.71013831303276,22.730695726326758],[69.70514106011188,22.72791862704304],[69.70347785302056,22.729585649957812],[69.70540808861244,22.730142596503697],[69.70625113648083,22.735376360330804],[69.70597266410721,22.740419389643193],[69.69457434892712,22.742361070906725],[69.69180487859234,22.743749621447932],[69.68736457131797,22.746530535655722],[69.68068885070994,22.751810075874346],[69.67875098437048,22.752069475426026],[69.67763709307746,22.754583361133257],[69.67347144325254,22.75708580206816],[69.66792487363409,22.75625038404803],[69.66319464921372,22.7565326722451],[69.66319464921372,22.761262895766095],[69.66459082870387,22.764032367000198],[69.66681098234102,22.77597236813034],[69.66625022177038,22.777082445398605],[69.6643085405068,22.774026872841944],[69.66347693741079,22.7648639700962],[69.66069983722775,22.75847053768524],[69.65875434193936,22.756811143719347],[69.65542029610981,22.758199694260554],[69.65207862133138,22.761262895766095],[69.6468067100617,22.764585497722578],[69.6429080896367,22.766252519738032],[69.63931464425548,22.77319908377075],[69.6376438073159,22.779863360505715],[69.63652991602288,22.790704730039295],[69.63514136548167,22.793195727101192],[69.63318442542095,22.79430198944533],[69.63625525677475,22.7887516049027],[69.635972969477,22.782922747087184],[69.63430976148635,22.779031755611072],[69.63569831112824,22.775419237407903],[69.64125251059494,22.766530993910294],[69.62958335109084,22.763475420454313],[69.62708472508007,22.7648639700962],[69.62209510110807,22.765142443369143],[69.61958503032497,22.76764107027924],[69.61429786025809,22.766252519738032],[69.61068915607973,22.766530993010974],[69.60930823538683,22.7654171017179],[69.61702634219199,22.76048527807319],[69.5962543420643,22.760423662821836],[69.57783956034751,22.76377093318206],[69.56957816320175,22.770139697189336],[69.56263922901724,22.77458381848851],[69.56096839207771,22.776811602873238],[69.55791663354586,22.779306413959887],[69.55236243497842,22.787084581987926],[69.55626105540347,22.791532519110547],[69.55403327281732,22.792360308181742],[69.55180548933191,22.790418627817473],[69.55013465149301,22.787923814932185],[69.5497315915398,22.779846718551255],[69.52320161366362,22.786257308228244],[69.51619927817421,22.78517243895692],[69.49458121565061,22.787923815831505],[69.49096869654818,22.786527636341418],[69.48597144362725,22.7870807670638],[69.48346900179308,22.786527636341418],[69.48764228146615,22.78513908580021],[69.48986243420404,22.78375053615838],[69.49489639745082,22.782410954601914],[69.49105004382454,22.77797285426385],[69.48326300848112,22.7773647326963],[69.47735785757914,22.7745800044637],[69.47236060375889,22.773716207437076],[69.46958350447522,22.77389066062551],[69.46763800918683,22.775419237407903],[69.46125220572475,22.778474809964564],[69.45097541078661,22.779863359606395],[69.42958258886546,22.791250230913477],[69.42542456798947,22.795419695662474],[69.42125128921566,22.798196794946193],[69.40208243585579,22.80847358988433],[69.3898639614527,22.814031603375838],[69.3826389241471,22.8154163380936],[69.36486243445387,22.820421221762047],[69.36181067682134,22.822362902126258],[69.35791968534528,22.822080614828565],[69.35319709077316,22.818197253200708],[69.35152625383358,22.819585802842596],[69.35264014512666,22.820695879211485],[69.35542487425857,22.82681083924888],[69.35485648383974,22.827917101593016],[69.35264014422734,22.8259716054053],[69.35097693713601,22.82180595647975],[69.34597205346756,22.820974352484427],[69.33625220507525,22.826250078678243],[69.32930945686599,22.82903480781016],[69.32514380704112,22.83041954342724],[69.31402777915872,22.832639696165074],[69.30014228184086,22.8318119079932],[69.28569983707786,22.827085497597693],[69.26597785209623,22.82458305666279],[69.2590351029877,22.827920916517144],[69.24653052636273,22.830415728503112],[69.23986243470364,22.832639697064394],[69.23263739829736,22.834028246706282],[69.22986029811432,22.837640764010075],[69.22958564066482,22.840696336566737],[69.22819327609886,22.842359545456702],[69.22736548612835,22.839582446172983],[69.2231998372028,22.836252215267564],[69.20736121384897,22.83764076490945],[69.20764350114672,22.839860918546606],[69.20263861927691,22.839582446172983],[69.20041846474044,22.8401432058443],[69.19902991509855,22.83875084127834],[69.18985938250455,22.84208107218376],[69.1798648766628,22.847642901498773],[69.17708014663151,22.85030174532932],[69.17347144335247,22.852083208773138],[69.16375159496022,22.858751299532912],[69.1618022847477,22.85930824607874],[69.16124915402531,22.860139849174743],[69.15235709380488,22.864583971373236],[69.13402747338927,22.872083666128333],[69.12625312118467,22.875970843579637],[69.1142978594587,22.886251451643204],[69.09847449580138,22.89736366550079],[69.09381675044273,22.899309160789187],[69.0912494593951,22.900743486822535],[69.08819770086325,22.903474809714737],[69.07792090592511,22.908761979781616],[69.07097052786764,22.913194659006365],[69.0676278593383,22.915971758290084],[69.05874442271698,22.920141222139762],[69.04541968596976,22.928472520890182],[69.03624915337576,22.93293190188581],[69.03264807994498,22.933927472974574],[69.02540778384218,22.93784141784721],[69.02097510551675,22.94096946946547],[69.01125525802382,22.94513893331515],[69.00625037435537,22.94819450587181],[68.98681067757076,22.9568080928193],[68.97986029861397,22.96097374174485],[68.97569464878904,22.961805346639494],[68.97291754950538,22.963193896281325],[68.96708869168981,22.967641832504626],[68.96430396345721,22.970972063410045],[68.9590320512882,22.972085955602438],[68.94680976106167,22.97931099200872],[68.93958472555471,22.98180580399469],[68.93152808425373,22.987916949107955],[68.92875098497001,22.990972521664617],[68.92431830574526,22.99374962094828],[68.92014502697145,22.995141985514294],[68.9118060992721,22.999307635339164],[68.9059772423559,23.00597572609894],[68.90125464688452,23.008752825382658],[68.90014075559145,23.008752825382658],[68.90347480052168,23.00597572609894],[68.90208625087985,23.005697252825996],[68.89902686339906,23.007085803367204],[68.89125251029515,23.0120105763271],[68.87513922949188,23.020971301584325],[68.86902426945454,23.02569389615644],[68.85819434379397,23.03125190964795],[68.84430884557679,23.039583208398426],[68.83790778421695,23.042360307682088],[68.81791877073476,23.055696491000333],[68.81847571548195,23.057081226617356],[68.82346915527734,23.05458259970726],[68.81958197782609,23.05735969899098],[68.81569861619823,23.05819511701111],[68.81458472490516,23.059862139925883],[68.81597327454705,23.062917712482488],[68.8143100665564,23.066530231584977],[68.81458472400584,23.06319618575543],[68.8131885463144,23.06181145013835],[68.80735968849888,23.06097221719409],[68.7862491529761,23.0723629034253],[68.76180457342241,23.079309466558698],[68.75930976143638,23.0806942012764],[68.74653052556334,23.09208488840693],[68.74236106081435,23.09653282552955],[68.72820472007186,23.10764122356369],[68.72097205381726,23.111803057565112],[68.71958350417543,23.11375236777758],[68.71180533614739,23.119306567244337],[68.68125342550525,23.138750078953024],[68.67263983945708,23.142641071328455],[68.66013907685698,23.149305347164102],[68.657083503401,23.152364733745515],[68.65264319612663,23.155141833928553],[68.64514350137154,23.16403007832548],[68.63263892384731,23.172082904702336],[68.63125037420548,23.173471454344167],[68.63097571585666,23.177083972547337],[68.6345844191357,23.176805499274394],[68.63540839328277,23.17513847725894],[68.63514136568153,23.172918323621786],[68.64235877223962,23.168470385599846],[68.64597510536686,23.167081835958015],[68.65347480012201,23.155969623899068],[68.657354347725,23.15263939209433],[68.66375159506009,23.150693896805933],[68.66874884888034,23.145971301334555],[68.67236518110826,23.144029620970286],[68.67986487676274,23.14153099406019],[68.6801395351115,23.14291954460134],[68.6748599939936,23.14624977460744],[68.67041968581992,23.148199084819964],[68.66736029833913,23.151807788998326],[68.66401862356071,23.15347481101378],[68.65762900607382,23.154306415908422],[68.65569495465849,23.155416492277368],[68.65403174666784,23.160139087748746],[68.65125464738412,23.164304736674296],[68.65097235918711,23.167081835958015],[68.64847754720108,23.170694355060505],[68.64430426752796,23.17236137707596],[68.63903235625827,23.18180656801877],[68.63486670733272,23.184305194029548],[68.62513922909221,23.187360766586153],[68.61847113833244,23.194032672270055],[68.61374854376032,23.197362902276154],[68.60708808194948,23.203752521561682],[68.60235404260504,23.2065296208454],[68.59237327480685,23.213750842327556],[68.58569144420483,23.221532825279724],[68.58429907963887,23.224863055285823],[68.58513831348245,23.22958565165652],[68.58513831348245,23.234029773855013],[68.58986090895382,23.238473895154186],[68.59401892803118,23.239862445695337],[68.59874915335081,23.238290790487667],[68.59930228407319,23.234308246228636],[68.60151862368559,23.231531146045597],[68.59903144154782,23.22903252003482],[68.60069464953853,23.22680473654941],[68.60013770299264,23.221822741526353],[68.60151862368559,23.218759540020812],[68.60555457418428,23.220697406360273],[68.6098651812332,23.21764183380361],[68.61514472235109,23.218202594374304],[68.62013434632308,23.216249469237653],[68.62430762509689,23.215974810888838],[68.62986182456359,23.213472369054614],[68.63153266150317,23.215421680166457],[68.62847327492176,23.217363360530726],[68.63485907838384,23.22042274801146],[68.6345844191357,23.221532825279724],[68.63680457367218,23.221532825279724],[68.63931464355602,23.222921374022235],[68.63347052874195,23.224309924563443],[68.62847327402244,23.224309924563443],[68.6248645707434,23.220972064709088],[68.62346839215263,23.2240314512905],[68.62347602110157,23.225694659281146],[68.6212482376161,23.222658160445803],[68.62097358016666,23.224306109639315],[68.61818885103469,23.221250537082653],[68.6154193806999,23.226251604927654],[68.61319922616343,23.227918628741747],[68.61042212777903,23.232641224213182],[68.60541724411058,23.237920764431806],[68.6045741962422,23.239862444796017],[68.60541724411058,23.243196490625564],[68.62264441710624,23.24291801735268],[68.62986182456359,23.244031909545015],[68.627908699427,23.24681282375286],[68.63125037420548,23.245695117535718],[68.63514136568153,23.246530536455168],[68.64068793530004,23.244859698616267],[68.64319419115907,23.246252063182226],[68.64097785244599,23.247922900121807],[68.6395816729559,23.249860767360587],[68.64597510536686,23.25152778937604],[68.64652823698862,23.253194812290815],[68.64792060155457,23.254579547907838],[68.64763831425688,23.257081988842742],[68.65040778369234,23.25847053848463],[68.65597724195618,23.25986290305059],[68.65902899958871,23.26125145269242],[68.66041754923054,23.266805652159178],[68.67125128981525,23.27124977435767],[68.6679172439857,23.27180672000418],[68.656251900305,23.272081378352993],[68.6512546464848,23.270696643635233],[68.64930915029709,23.26931190801821],[68.64068793530004,23.266809467083306],[68.63791846586457,23.268751148346894],[68.63652991532337,23.272081378352993],[68.63291739712025,23.283472064584146],[68.63014411276066,23.289861682071034],[68.62959479516371,23.295141223188978],[68.63291739712025,23.296251300457186],[68.63847541061176,23.295415881537735],[68.64903449284765,23.296251300457186],[68.65152930483362,23.294580462618285],[68.65513419318853,23.294862750815355],[68.65931128778578,23.295694354810678],[68.666254035995,23.298471454094397],[68.67208289381057,23.299863818660356],[68.6845874713348,23.30097389592862],[68.68876944475414,23.304029468485226],[68.69375037497986,23.30930519467904],[68.68625067932544,23.307638171764268],[68.68013953421217,23.30792045906196],[68.67875098457034,23.306528094496002],[68.67569922693781,23.3056964914],[68.67485999309429,23.307359699390645],[68.67402838909891,23.304029467585906],[68.67014502747111,23.306249622122436],[68.6684741896322,23.303197864489903],[68.6659717486973,23.303750995212283],[68.66375159506009,23.303472521939398],[68.6623706743672,23.30513954485417],[68.6584720539422,23.304029468485226],[68.65931128688646,23.307363514314773],[68.6606998365283,23.3198604619908],[68.66263770286776,23.32125282655676],[68.666254035995,23.32264137619859],[68.66903113617803,23.325143817133494],[68.66375159506009,23.322916033648085],[68.65958594523522,23.323194506921027],[68.65764044994688,23.319307331268362],[68.65902899958871,23.31431007744817],[68.65875434213922,23.308748249032533],[68.657354347725,23.305421832151865],[68.65347480012201,23.30291939121696],[68.6493091511964,23.3056964914],[68.64457511185196,23.32264137529927],[68.64290808983651,23.322359088900896],[68.63986396115297,23.319307330369043],[68.63541602313103,23.31708336270708],[68.63375281514038,23.318471911449592],[68.63291739622093,23.323472980193912],[68.6337528160397,23.32625007947763],[68.63736151931874,23.331529620595575],[68.6354083941821,23.33015251572607],[68.63318823964562,23.33015251482675],[68.6345844191357,23.33263969786384],[68.63375281514038,23.33458519315218],[68.62652777873404,23.335973742794067],[68.6248645707434,23.339029315350672],[68.62568854578979,23.342092517755532],[68.62764167092644,23.34597206445926],[68.62875556132013,23.342916491902656],[68.63125037420548,23.341249468987826],[68.63485907748452,23.339864734270122],[68.63680457367218,23.34542274866095],[68.62958716621483,23.352083209572527],[68.6245822834457,23.35320091578967],[68.62375067945032,23.35014152830894],[68.62264441710624,23.3537502324873],[68.62235831488437,23.357091906366463],[68.62069892091853,23.357919696336978],[68.61597632634641,23.358194354685793],[68.61429785955863,23.360418323247075],[68.61458777670458,23.36236381853547],[68.61319922706275,23.36514473274326],[68.61680411541766,23.364862445445567],[68.61902808397895,23.36569404944089],[68.61152838922385,23.368749621098175],[68.60875128994013,23.373750689842495],[68.60569953230765,23.375139240383703],[68.60652732137885,23.376810077323285],[68.60458564101458,23.379304889309253],[68.6045741962422,23.381532672794663],[68.60013770389196,23.384584430427196],[68.59596823914296,23.381528857870535],[68.59958838629507,23.377359394020857],[68.60013770299264,23.372640612574287],[68.60180854083154,23.370969775634705],[68.60375403611994,23.365419391092075],[68.60542487305952,23.36347008087955],[68.60235404170572,23.36152839961602],[68.60319709047343,23.35930824597881],[68.60041999118971,23.360971453969455],[68.60097312191209,23.36347008087955],[68.59819983665318,23.369585040916945],[68.59569739571828,23.370973590558833],[68.59430884607644,23.373193744195987],[68.59153174679273,23.374586108761946],[68.58986090895382,23.376531604050342],[68.58847235841267,23.37986564898057],[68.58374976384056,23.383752826431817],[68.58403205203763,23.387083057337293],[68.58125495185459,23.389585499171517],[68.57930945566687,23.388750079352747],[68.57791709110091,23.38625145334197],[68.57596778178777,23.3876400029838],[68.57430457379712,23.390142443918705],[68.57153128853821,23.39125252118697],[68.56930731997687,23.387083057337293],[68.57208060523578,23.383470538234803],[68.5723590776094,23.38625145244265],[68.57680701473203,23.38319588078531],[68.57847785167155,23.381532672794663],[68.58013724473813,23.377920153692173],[68.57958411401569,23.375970843479706],[68.57097052796757,23.375131610535448],[68.5701389239722,23.377084735672042],[68.56764411198623,23.37847328531393],[68.56819342778454,23.381261829369976],[68.56318854501541,23.382642749163608],[68.56180762522177,23.385694506796085],[68.55847358029155,23.3876400029838],[68.55708121482627,23.3926410708288],[68.55958747158462,23.394861224466013],[68.5609683913782,23.39236259755586],[68.56263922831778,23.392084124282974],[68.56125067867595,23.394861225365332],[68.56402777885899,23.398473743568445],[68.5623645717676,23.411249164517358],[68.56096839227752,23.417642596029054],[68.55930136846342,23.42014122383847],[68.55568885115963,23.418191913625947],[68.55401801242141,23.41625023236236],[68.55041693988994,23.415971759089473],[68.54651831856563,23.417642596928374],[68.54403113552854,23.4204311400851],[68.54541968517037,23.420972827833793],[68.5479221270046,23.42014122383847],[68.5504245679395,23.42292213714694],[68.5470828940604,23.42208671912681],[68.54347037585723,23.42347145384457],[68.54041480330056,23.42208671912681],[68.53597449512688,23.42208671912681],[68.53486060383386,23.42847252258889],[68.53347205329266,23.432081225867933],[68.53736304566809,23.42486000438572],[68.54097174894713,23.425691607481724],[68.53514289113156,23.43264198643857],[68.53458594548505,23.43569755899523],[68.5304202965595,23.444860461740973],[68.53125190055482,23.447919849221705],[68.52625464673463,23.452920917066706],[68.52485465232041,23.456251147072805],[68.52208518198563,23.460142138548918],[68.52153205216251,23.46681023020801],[68.51597785269581,23.475420002231374],[68.51458167320573,23.474031451690166],[68.51568793554986,23.47014046021411],[68.5120868612197,23.47014046111343],[68.51568793465054,23.467641833304015],[68.51902961032829,23.461252215817183],[68.51847266378246,23.460702899119553],[68.5170802992165,23.46375084182796],[68.51652716849406,23.46013832452411],[68.51790808918702,23.456811907643498],[68.51957892702592,23.454862597430974],[68.5215320512632,23.45597267469924],[68.52208518288495,23.45819664326052],[68.5237522049004,23.456251147972125],[68.52458380889573,23.448476794868213],[68.52319525925384,23.44680977195344],[68.52097510561669,23.44764137594882],[68.52180670961201,23.449308397964273],[68.5187511370554,23.450696948505424],[68.52068137444593,23.449861530485293],[68.51902961032829,23.453191760491393],[68.5170802992165,23.45458031013328],[68.51568793554986,23.456811908542818],[68.51264380596695,23.453481677637342],[68.51180457302269,23.454862598330294],[68.51319312266452,23.457082751967505],[68.51014136503204,23.456811907643498],[68.506532661753,23.462080005787698],[68.50264167027694,23.466249468738056],[68.5048618239141,23.467641834203334],[68.50625037445525,23.464582445823282],[68.50847052809246,23.462640765459014],[68.51208686032038,23.46597481128856],[68.51014136503204,23.46820259387465],[68.50958442028485,23.47430611003898],[68.50763892409714,23.472921374421958],[68.50374793352034,23.4720821414777],[68.50181006628156,23.47375297841728],[68.50042151663973,23.475973132054435],[68.50097083333736,23.480688097677614],[68.50013922934204,23.485418322997248],[68.5023593829792,23.49125099483757],[68.50985526370948,23.489030841200417],[68.51291846521508,23.485139849724362],[68.5170802992165,23.485971454619005],[68.5187511370554,23.488195422280967],[68.51568793554986,23.489030841200417],[68.51291846521508,23.487642291558586],[68.51375006831108,23.48847008062978],[68.5140323565081,23.491811755408264],[68.51458167320573,23.492650989251786],[68.50124930571093,23.494306567394233],[68.49986457099322,23.496252063581892],[68.50124930661025,23.49819374394616],[68.50375556246928,23.49958229358805],[68.50290869967682,23.50125313142695],[68.50319861592345,23.503751758337046],[68.5040302208181,23.505422595276627],[68.50013922934204,23.504308703983554],[68.50208472463038,23.499860766860934],[68.49875067970015,23.498472217219103],[68.49540900402235,23.49931145016336],[68.49180793059156,23.50264168106878],[68.49318885128451,23.50319099686709],[68.49458502987528,23.507360461616088],[68.49846839150314,23.514860156371185],[68.49680518351249,23.515695575290636],[68.4948596882241,23.51930809349375],[68.49514197552179,23.525423053531142],[68.49236487623813,23.529031756810184],[68.49097632659624,23.532083515342038],[68.49014472260092,23.536249164267588],[68.49097632569692,23.537641527934227],[68.48458289328596,23.54819679524593],[68.49153327224275,23.549585345787136],[68.49375342587996,23.547082903952912],[68.4954166338706,23.547082904852232],[68.49624442384112,23.550142291433644],[68.49375342587996,23.54986381906008],[68.4948596882241,23.558752063457007],[68.49236487533881,23.574308399513086],[68.49070166824743,23.576532367175048],[68.48763846674188,23.579034809009272],[68.48707770527193,23.596811297803185],[68.49097632569692,23.600694659431042],[68.49431037152647,23.607080462893123],[68.49236487623813,23.60902977310559],[68.49125098494505,23.615980151163114],[68.49208258894038,23.621812823902758],[68.48903083040858,23.631532672295066],[68.48929785980846,23.63514137647337],[68.49070166824743,23.63652992521594],[68.49236487623813,23.63708305683764],[68.49292182188464,23.63931084032305],[68.49569510714355,23.643194201950905],[68.49781226412472,23.64430809324398],[68.4990329669979,23.647638324149398],[68.49680518441181,23.650423053281315],[68.50042151663973,23.656251911096888],[68.5054187695606,23.6581935914611],[68.50847052809246,23.6581935914611],[68.51097296992668,23.65986061437593],[68.51764106068646,23.660421374946566],[68.51986121432361,23.652639392893718],[68.52404212204635,23.65153313054958],[68.52625464673463,23.653749469262664],[68.52764319637646,23.6581935914611],[68.52903174601835,23.659582141102987],[68.5362491534757,23.65986061437593],[68.5384769369611,23.661527637290703],[68.53624915257637,23.66264152858372],[68.53264045019665,23.66125297894189],[68.5287494587206,23.661531451315454],[68.5270786208817,23.65986061437593],[68.52347754745091,23.653196337640907],[68.52041815997018,23.654859545631552],[68.51957892702592,23.658472064734042],[68.51736640143832,23.66208458293721],[68.5187511370554,23.66486168312025],[68.5195789261266,23.668752673696986],[68.5215320512632,23.67041588168763],[68.52458380889573,23.675142291183818],[68.52652930508344,23.677080157523278],[68.52681159238114,23.68736076738554],[68.52514075544156,23.689031604325123],[68.52597235943688,23.690420153966954],[68.52764319637646,23.689031604325123],[68.53736304476877,23.690416339942203],[68.54236029858896,23.69514274943839],[68.54541968517037,23.69653129908022],[68.54736518135809,23.69930839926326],[68.55291937992553,23.711526874565664],[68.55847357939223,23.71903038424489],[68.57125281616459,23.72458458281227],[68.57430457379712,23.723749164792196],[68.57763861872735,23.720140460613834],[68.57625006908546,23.723749163892876],[68.57847785167155,23.725694659181215],[68.57986640131344,23.72819328699063],[68.59041785460039,23.73097038627435],[68.59347724208112,23.730695727925536],[68.59707831551191,23.733751300482197],[68.59874915335081,23.736532214689987],[68.59847449590131,23.738752368327198],[68.60125159518503,23.74041939124197],[68.60264014482686,23.74736214035056],[68.60736273939898,23.748472217618826],[68.61597632634641,23.75208473582194],[68.62153052581317,23.7534694705397],[68.62930487801776,23.75847053928402],[68.63153266150317,23.758195880935205],[68.6320819782008,23.760972980218924],[68.63625525697461,23.769304278969344],[68.64597510536686,23.783750536857838],[68.65014075519173,23.79071236058701],[68.65097235918711,23.79375267344716],[68.65986060358404,23.803194049465844],[68.66235923049413,23.804582599107732],[68.66570471929742,23.807641986588465],[68.67125128981525,23.81069374422094],[68.6759700703625,23.81014061259924],[68.67763709327727,23.80875206295741],[68.67735480508026,23.813192371131095],[68.68181037205107,23.816804889334207],[68.6834735791424,23.81930733116843],[68.68931006680617,23.822080615528023],[68.71930884582662,23.82625008027702],[68.72347449565149,23.82764244484298],[68.73236274004847,23.831808093768586],[68.73735999296935,23.83458519305225],[68.74374961135555,23.83931160344781],[68.74318885078492,23.843473437449234],[68.74124716952133,23.84264183435323],[68.72791480202653,23.831529620495644],[68.72208594600966,23.831808093768586],[68.7309703745832,23.83596992777001],[68.73264502734617,23.837362292335968],[68.73069953205783,23.838762286750182],[68.73153113605315,23.839582446872498],[68.73402213311499,23.838197711255418],[68.73597144332751,23.841249468887952],[68.73597144422683,23.843751910722176],[68.73291968569498,23.84403038399506],[68.7309703745832,23.845693591985707],[68.72541617601576,23.847917560547046],[68.72986029911357,23.85514259605401],[68.73986243390425,23.860696796420086],[68.74402808462844,23.86042213807127],[68.74764441685642,23.861803057864904],[68.74903296739757,23.863470080779678],[68.74624823736633,23.863195422430863],[68.74680136898803,23.866250994987467],[68.75625037395565,23.873193744096056],[68.7590312881635,23.874582293737944],[68.75430487866726,23.87514305430858],[68.75125312013546,23.871805193554906],[68.73707770567165,23.863191608406055],[68.72986029821425,23.861810687713103],[68.72846411872416,23.8601398498742],[68.71792029618479,23.85875130023237],[68.71208380852102,23.85736275059054],[68.6998615191938,23.857641223863425],[68.69347571573178,23.860418323147144],[68.67791938057502,23.861810687713103],[68.67041968581992,23.860971453869524],[68.66569709034849,23.858194354585862],[68.66013907685698,23.858472827858748],[68.66153144142294,23.856805804943974],[68.66430854070666,23.85652733167109],[68.6654148030508,23.85458565130682],[68.66569709034849,23.852083209472596],[68.6562442704568,23.846532824929966],[68.64819525900407,23.847082141627595],[68.64958380954522,23.845140461263327],[68.64902686299939,23.844305041444557],[68.6465282360893,23.845693591985707],[68.64514350227086,23.845140460364007],[68.64792060155457,23.843473438348553],[68.64541815972035,23.838472369604233],[68.64125250989548,23.837087634886473],[68.63180731985199,23.835695270320514],[68.62069892181785,23.836530688340645],[68.6148624350534,23.837923053805923],[68.60486029846408,23.838197711255418],[68.60208319918036,23.83958244597318],[68.60180854083154,23.843751910722176],[68.60013770389196,23.8454227476617],[68.60430716684232,23.849306110188877],[68.60319709047343,23.8495845825625],[68.59986304464383,23.847921375471174],[68.59958838629507,23.844861987990384],[68.60041999118971,23.84124946978727],[68.58986090895382,23.837362292335968],[68.58764075531667,23.835973742694136],[68.57653235728253,23.823751452467604],[68.57097052796757,23.81459236464599],[68.56680487814265,23.803472521839467],[68.56402777885899,23.797639850898463],[68.55681037140158,23.78903007797578],[68.55153083118296,23.780420306851738],[68.54736518135809,23.775972369729118],[68.54458808207437,23.770971301884117],[68.5345783156368,23.756811145318125],[68.53042029566018,23.755971911474603],[68.52791785382595,23.75625038474749],[68.52597235943688,23.757917407662262],[68.52569770108806,23.76125145259249],[68.52652930508344,23.768751147347643],[68.52569770108806,23.773752216091964],[68.5243053365221,23.77625084300206],[68.52208518198563,23.77819252426565],[68.5187511370554,23.77958107300816],[68.5170802992165,23.78180504156944],[68.51625251104463,23.78458214085316],[68.51653479834232,23.788473133228592],[68.51735877248939,23.7923603088812],[68.51902961032829,23.79597282798369],[68.52404212204635,23.799032214565102],[68.53208350455014,23.80180931474814],[68.53514289113156,23.806249622022506],[68.53486060383386,23.81153297806452],[68.53653144077344,23.81347084350466],[68.53653144167276,23.815420154616504],[68.53486060383386,23.813196186055166],[68.53347205419198,23.8065319093202],[68.53069113998419,23.802083973096956],[68.52708625072995,23.801805498924693],[68.52208518198563,23.809312823528046],[68.52263831360733,23.81708336170783],[68.52097510561669,23.818750385521923],[68.51569556449874,23.82180595717921],[68.51487159035167,23.82347298009398],[68.51791571813595,23.82569694865532],[68.52402686324922,23.82708549829715],[68.53569983677812,23.82847023301491],[68.54680823571158,23.83596992866933],[68.55097388463713,23.840696338165515],[68.55652808410383,23.854581836382692],[68.55791663464504,23.85652733167109],[68.56208228357059,23.85930824587888],[68.5662555623444,23.86375236897669],[68.56903266162811,23.874029163015507],[68.57180976091178,23.87986183485583],[68.57736396037853,23.882642749063677],[68.58597754732602,23.885694507595474],[68.58764075441735,23.887083057237362],[68.598474495002,23.892919544001813],[68.60430716684232,23.898752215842137],[68.61292456871394,23.902921679691815],[68.6248645707434,23.900693897105725],[68.63764380661644,23.895139697638967],[68.63819312331407,23.89597130163429],[68.63596915475273,23.897363666200306],[68.6412525107948,23.900693896206405],[68.65014075519173,23.907640460239122],[68.65152930483362,23.91013908714922],[68.65429877426908,23.912923816281136],[68.66153144052362,23.917081836257807],[68.66179846902418,23.922357562451623],[68.65820502544165,23.917642596828443],[68.65374945847077,23.916250232262485],[68.6495838086459,23.913194659705823],[68.64153479719317,23.90485191618302],[68.63903235715759,23.903470996389444],[68.63125037420548,23.904310229333646],[68.62764167092644,23.90570259389966],[68.61958503052477,23.907083514592557],[68.6173648759883,23.910421375346232],[68.61875342563013,23.914861682620597],[68.61958502962545,23.922361377375694],[68.62097358016666,23.92514229158354],[68.62264441710624,23.9259815245278],[68.61958502962545,23.926805499574186],[68.61653327199298,23.922639850648636],[68.61429785955863,23.92291832302226],[68.61292456871394,23.92791939086726],[68.61152838922385,23.93069649015098],[68.60708808105016,23.93569374397117],[68.60514258576177,23.93708610853713],[68.59930228407319,23.93847465817896],[68.5968036571631,23.940141681993055],[68.59208869243923,23.941251758362],[68.58790778471655,23.937078479588195],[68.58764075531667,23.93124962177268],[68.588754647509,23.92375374104239],[68.57125281526527,23.92375374194171],[68.55903052593806,23.926252367952486],[68.55930136936274,23.931806567419187],[68.55291938082485,23.934030536879845],[68.5476398397069,23.933752063606903],[68.54458808117505,23.935140613248734],[68.54403113552854,23.93708610943645],[68.54152869459364,23.939310077098412],[68.5401401449518,23.943201067675204],[68.53848456591004,23.945142748938736],[68.53791617549115,23.94764137584889],[68.54014014405249,23.95041847513255],[68.54152869459364,23.954862598230363],[68.54430579477668,23.96013832352486],[68.5470828940604,23.963186267132585],[68.63474851393283,23.96748855635184],[68.6670392403687,23.96776347100746],[68.75425497258897,23.986166371780712],[68.76241528413811,24.127918298690588],[68.77062480389162,24.298164455025642],[68.84238695479416,24.28075763435737],[68.8679182724104,24.21192750445084],[68.90273745177205,24.274598414185505],[68.98957684559502,24.227635295332675],[69.09804806156882,24.27211227256339],[69.3647905795217,24.271706043399206],[69.5354751481596,24.2771108843599],[69.81170909479891,24.171984860413033],[70.04357848845655,24.18288015509512],[70.10028066611989,24.275881253916793],[70.18326273009097,24.30905163062829],[70.35274055513258,24.35365781975264],[70.40870329312253,24.373086385628255],[70.47453060200576,24.39213180433933],[70.56118748021811,24.41875278101611],[70.59653603111298,24.399283762735536],[70.57307875338182,24.35987460373002],[70.57605174209425,24.25222683490057],[70.71167989111416,24.217346132917726],[70.81430307842436,24.22628168794961],[70.86362972263368,24.24472486845798],[70.90724758201037,24.26330228087562],[70.87357421627712,24.293258921262236],[70.90071519085342,24.313772520085763],[70.9270367688319,24.335671811405007],[70.9815257787917,24.36479776420549],[71.01860607051378,24.35119924684784],[71.07813073084861,24.38725439237635],[71.10902040526753,24.436773038245178],[70.99728290827966,24.47280846164125],[70.98869069641859,24.591014012286905],[71.06349682042196,24.660075659164363],[71.04450817501231,24.761694765101367],[70.96945484716355,24.896295512428026],[70.89129443628929,25.126759729777746],[70.78467712235135,25.249677558872293],[70.66988435318041,25.39358500964056],[70.6764895012895,25.497819783856016],[70.66744715356333,25.541467230028672],[70.66815790396413,25.688806310263033],[70.63039532808199,25.715464676253873],[70.46168556993314,25.683809067234733],[70.27041014081539,25.711628327585288],[70.15623370582091,25.85530056516899],[70.09722791923315,25.947622273848935],[70.10764962103326,26.116151122576298],[70.16294551082672,26.20629663558134],[70.165776929162,26.287221626277073],[70.17792255308342,26.424052108617957],[70.15416483973564,26.566757149622788],[70.06433203809314,26.600175196927864],[69.88287068653301,26.581092728846386],[69.7760842029237,26.614041592645435],[69.63409435766852,26.69335921515568],[69.50687920001513,26.750779698424367],[69.50856624813389,26.953822686367914],[69.56302141300785,27.123155586561097],[69.61969355961014,27.205918672808536],[69.78666159805437,27.346621476699852],[69.92213424709786,27.476911719500322],[70.02464740865105,27.56131690215335],[70.06049999357992,27.636885652151193],[70.11863014266703,27.77170510920348],[70.236890003371,27.906476369788663],[70.37081653615428,28.009251595584715],[70.53650420890216,28.03212522769718],[70.59722887421322,28.00071297072708],[70.67701368643253,27.92394917461479],[70.71773942683313,27.78762644770245],[70.7654815825091,27.726186773700704],[70.89639388457016,27.71000015498322],[71.08607343434159,27.785791502475888],[71.34174283466416,27.862680336728204],[71.586988325351,27.877237727439194],[71.76050526830352,27.91357189122982],[71.91013945707033,28.019727763025912],[71.93233285008102,28.127789418746715],[72.068625511758,28.266310208349466],[72.16927383641848,28.3546313791349],[72.2295130539843,28.462167202154717],[72.30072980024016,28.667986499777214],[72.40696333029354,28.782692152520895],[72.59267453340306,28.87025243030547],[72.71639797338781,28.9389097851585],[72.90456863703304,29.01271209218936],[72.96643016052354,29.071301005237274],[73.03030518423691,29.17711320201272],[73.10799771292415,29.275479087789734],[73.23092253784489,29.48480296608409],[73.28226504299738,29.56940459574554],[73.33326827890801,29.730493465601],[73.3739563512047,29.855638522399943],[73.51510402273254,29.98679510730841],[73.71812969872667,30.049081296065026],[73.89286927359814,30.140399478253357],[73.96956303410678,30.256642379941923],[73.95767732055197,30.275774466318637],[73.94610048634843,30.298495302716105],[73.93285122520393,30.316566516431635],[73.92285458077436,30.33253851374144],[73.91312423279714,30.343115237078564],[73.88858018462787,30.360821761315265],[73.92228203638695,30.39270224221474],[73.94849015859398,30.411451381975724],[73.94281845640671,30.437816972775124],[73.93520261331003,30.48936955506099],[73.94968474425559,30.468435992627008],[73.97027569017104,30.483684195769058],[73.9887209714957,30.510408961404494],[74.01482910707767,30.5182879569237],[74.02975598245268,30.531588902106193],[74.05190869822792,30.534412945101394],[74.08165527766897,30.53055352612438],[74.08259109240504,30.550785424008154],[74.10050371697304,30.57321968693907],[74.1049071970096,30.607783822165686],[74.1127324832176,30.61144190092307],[74.1280999994155,30.62581168586064],[74.16084299131103,30.641411527520006],[74.19265077911024,30.66514148868879],[74.22316622134412,30.705985628434064],[74.25364243245235,30.725116936897166],[74.2876720834999,30.73663103079747],[74.27254345691506,30.761018965652795],[74.27327560398601,30.77683359149711],[74.30747423045142,30.782761827096692],[74.29722129003056,30.797890015711687],[74.3217710623847,30.83588727327907],[74.34262522637317,30.851967854732777],[74.35873435500656,30.850208242116707],[74.37807243109785,30.861537594584377],[74.37304764093597,30.870111562798456],[74.37229435260235,30.894945702582163],[74.40967729946783,30.91274421757163],[74.41342178868467,30.92650751770782],[74.42514794901871,30.942927928681],[74.46152548171568,30.956108548171017],[74.4596738873401,30.969665715600343],[74.50051985540705,30.97103156455512],[74.52614380858995,30.985721096251666],[74.54545236623375,31.005882919860937],[74.56492207339505,31.053066098321835],[74.61743872441764,31.045973042821743],[74.68590076900534,31.06412514785734],[74.70661919831741,31.09868633780428],[74.69033051014497,31.13010479649921],[74.66333336324419,31.13553377886086],[74.63838312997751,31.137125329770186],[74.62002853988525,31.133531959032723],[74.60796261838021,31.125608726761357],[74.60855550453294,31.091708042092534],[74.59334046569,31.092621956538096],[74.5639638106814,31.08650582378482],[74.55659552126633,31.11655576433708],[74.5385693752765,31.123395138175113],[74.51668008801573,31.1395842246323],[74.51347065494684,31.182184448953194],[74.52048478774282,31.198552215412462],[74.53454951904513,31.248722662021294],[74.5240126833387,31.26928602483025],[74.54455633750501,31.304297085342284],[74.5409808803634,31.321721321381915],[74.5509121503755,31.350850214965476],[74.57809270411508,31.3760876683113],[74.59294062800763,31.40444544899833],[74.60264893629943,31.41773060298499],[74.62263392261747,31.423912801734446],[74.63814620088652,31.42173202311443],[74.64947760740569,31.42159045903253],[74.65289180261465,31.434447608570338],[74.64521049696691,31.47083128543551],[74.63495572552637,31.48832889356362],[74.60804572383114,31.501565610064915],[74.57882433047854,31.5042911988798],[74.58592008934073,31.520982504539006],[74.61684317896959,31.535470851598575],[74.62004420337735,31.555425903083005],[74.60614733952815,31.574103888483705],[74.58265455926056,31.58965877033603],[74.5538293271618,31.620811866074803],[74.542465218595,31.647912717398015],[74.53619501488811,31.674354639055423],[74.52816708894005,31.688997191966905],[74.50275766543399,31.70753822770712],[74.50294827494298,31.730350908267837],[74.52492784154668,31.744393643951582],[74.56094731007033,31.765198300261375],[74.5628922082089,31.800224899259717],[74.58617072589834,31.843599427271783],[74.61014540608568,31.881112305488557],[74.64030932671409,31.884738353092587],[74.66461642330933,31.89986101987023],[74.6817946453067,31.91838242161151],[74.70823920017898,31.921770662386223],[74.7201739276847,31.93395229426301],[74.7535909227829,31.940121549070284],[74.77694648898932,31.949789574929014],[74.81701360819153,31.958953743020857],[74.83186195836277,31.99530876928435],[74.85992750614952,32.010632725919606],[74.87480725345205,32.027542951745886],[74.87625178858923,32.04606716296922],[74.9185279826803,32.059116620835425],[74.97857432264692,32.05316951476135],[74.9865892983575,32.04334437374388],[75.00937116994362,32.03832051258166],[75.036675792354,32.04997602037707],[75.06508658537768,32.055673513322006],[75.08970159365367,32.061371721228],[75.10986084610124,32.067367214425474],[75.13776163449188,32.08284872868592],[75.16936488498152,32.07620835323297],[75.19551838686414,32.08284621867813],[75.20779470116457,32.10086207282643],[75.22636457186758,32.10258769376708],[75.25242134716751,32.10121023186679],[75.27676936201652,32.11635918672715],[75.28304291749669,32.14278096626862],[75.30865079170076,32.167968823802255],[75.32051587031123,32.18324572161282],[75.32916865510941,32.21546046522832],[75.36123068754625,32.218514946907305],[75.37860481605946,32.23965798662681],[75.37824307995425,32.26227559434324],[75.35761675470951,32.27593536272684],[75.32804238554769,32.30162250137738],[75.33772350193811,32.32326258829784],[75.31589934088191,32.33446444387903],[75.29883010052879,32.34722737774132],[75.27734241272225,32.36700841310784],[75.25825409724882,32.37318210067343],[75.24390782598545,32.38050442124211],[75.22641074126278,32.387161391884774],[75.19248572903325,32.39721911556978],[75.19945176158956,32.41437346236546],[75.16458991029617,32.41603786735374],[75.14385015625976,32.409425244979104],[75.1344852873662,32.421607220396936],[75.12202469748183,32.44555208985713],[75.1104808585049,32.462650393600825],[75.09086964751629,32.46462028479834],[75.07542558822036,32.47251775688903],[75.04175641422717,32.48415268190081],[75.02739320063574,32.49077177939415],[75.00639290311005,32.45417991487125],[74.95418556491194,32.440801961641284],[74.91550201850339,32.459181712066425],[74.89185169679843,32.463634860760294],[74.87887066564878,32.481182713111764],[74.81608080708361,32.488322988415234],[74.79946347515931,32.47469810743178],[74.74918320154359,32.46969901899456],[74.72821327142537,32.473726789259956],[74.70874545194113,32.481622299929256],[74.69027369277677,32.481128615293414],[74.6813061677455,32.5116988388304],[74.68363930590931,32.5269529658068],[74.66180550052349,32.53781957121629],[74.65988034430251,32.55982455445968],[74.64740205306236,32.579641800129025],[74.63586567845834,32.608112734415215],[74.65322380713303,32.6301560701466],[74.67388295853175,32.642845212836335],[74.67925979280523,32.667574193094595],[74.65038554945357,32.69828110189138],[74.65886253297958,32.72682166438835],[74.68210312266103,32.781889432151615],[74.70276947133408,32.83283941470728],[74.67589655857938,32.82843791947448],[74.65692085351463,32.82717652677536],[74.6349550213572,32.81211422429209],[74.65389672845129,32.78126012255666],[74.62926478504187,32.765900060839215],[74.62428239161915,32.74949246790311],[74.60597339175865,32.751256380177836],[74.58162047830251,32.7468148741072],[74.55696783160022,32.75713876024565],[74.53469921209904,32.74405485294915],[74.51299675539599,32.74236850720092],[74.49439690849061,32.76202727613793],[74.45848838662977,32.77675247494682],[74.44522194034033,32.78039876988737],[74.41587003557373,32.78404256381333],[74.3872153437132,32.768360984571814],[74.3624135570401,32.76136227694758],[74.33060807959924,32.77654025922561],[74.30924236774115,32.7925368143226],[74.30314382572703,32.821510500209456],[74.28440559024585,32.82959899909457],[74.25518916744619,32.83797036713878],[74.21625690543192,32.846177316629905],[74.20474652483233,32.86700024806305],[74.17997884674645,32.881463301690076],[74.15414914936383,32.889184354674285],[74.11335440398261,32.89548782340438],[74.09381946179877,32.902662209993025],[74.05535351715116,32.911743189896356],[74.03336697270765,32.92950084239004],[73.98826017506707,32.93573774689958],[73.99825564947872,32.95485630657333],[73.98368276165019,32.96389067101768],[73.95995585188109,32.986291605073575],[73.90754905844233,32.996478393163386],[73.8414675804645,33.0076815536608],[73.81628885374766,32.993166978773104],[73.79950266601526,32.970073345508524],[73.78175592499599,32.96996822465388],[73.78785954278374,32.99965266453887],[73.76216207002358,33.022237783347066],[73.74027467943296,33.04360168846722],[73.72521921449521,33.069616858431345],[73.68855198858347,33.08844439928964],[73.66410017038663,33.08725189735725],[73.62901092191657,33.08903622873902],[73.62767739729412,33.1323594036636],[73.64695546792058,33.16262726973275],[73.65712918706237,33.20921568515581],[73.63140149438351,33.213949115659204],[73.62126591818765,33.23852217236043],[73.60307621429592,33.264793106816455],[73.60326566098155,33.2970255949553],[73.5860780077939,33.322874539628344],[73.59000801096101,33.33867637171721],[73.57132353425374,33.33742104584462],[73.56714992452947,33.36067596892087],[73.56490795333946,33.394335959936654],[73.57395335066667,33.40828332161806],[73.58949897939442,33.42154720214171],[73.58332589617322,33.43168823542379],[73.59464068052307,33.44441660384325],[73.611840342358,33.4523112493647],[73.62241007976144,33.46814461797976],[73.60595200248298,33.47644195922908],[73.59655304388792,33.50048233669054],[73.6072864561051,33.51998246162134],[73.62509915610121,33.52918089927914],[73.62147488465826,33.54159009021055],[73.61648463206018,33.58000858572768],[73.60092487228508,33.59327780462701],[73.57945178497198,33.6147985685991],[73.56290242110992,33.62601574323202],[73.57083255298,33.682156966071204],[73.59282931102393,33.748295566287425],[73.57115079607246,33.76621563634262],[73.57067841637587,33.82837076509878],[73.57501012241926,33.84983750499691],[73.57903042741236,33.910818356581956],[73.54355866849784,33.94316120412634],[73.51495606357156,34.023350391107726],[73.49562702746539,34.11618170062502],[73.49216718446803,34.156581979974476],[73.49308288676588,34.22015929031903],[73.4700363393057,34.25176578826057],[73.47265066219836,34.2968260387907],[73.45467869406656,34.28943442455909],[73.43923582637234,34.3275147848795],[73.42627025007204,34.349424871660574],[73.40146281475717,34.35837801023706],[73.40039411079965,34.382786884906864],[73.42271980127788,34.431578861475316],[73.42721776768587,34.478023998708636],[73.44128148185496,34.538416583958224],[73.46929378797802,34.574021633191876],[73.50158340465043,34.57988327849057],[73.52817840980583,34.57591332653885],[73.54474174553519,34.58576214580643],[73.56341227105952,34.591320722273565],[73.5989205739254,34.589566649481355],[73.63821383010423,34.5670926473079],[73.6587379995591,34.606643969343736],[73.69525481295932,34.651326855350135],[73.6716370952758,34.66418867866463],[73.68305420448803,34.699465497834524],[73.7078033646336,34.728251671477494],[73.73355853969491,34.77261601581654],[73.76519486994732,34.79309452219451],[73.79949196408296,34.797592214309304],[73.82653527318439,34.79856336790516],[73.85635421837253,34.815559339591914],[73.90236160880124,34.8216175452136],[73.93565459188596,34.83351347057027],[73.97258309783177,34.863150156454594],[74.00023918698895,34.869416923851986],[74.03213443025982,34.88330143371422],[74.04847543109634,34.923948929499545],[74.07275794652207,34.946257897983685],[74.06030015263002,34.99161819382465],[74.07760253143175,34.99934135122243],[74.108434918137,35.022203274161825],[74.08939502935715,35.03789079072749],[74.06636023783477,35.0485310907373],[74.09248977818078,35.09518194878797],[74.11578427412502,35.104728582358234],[74.12904865557107,35.11829599846163],[74.11078368022271,35.13630377939597],[74.10833787948962,35.15121655609926],[74.09074134683573,35.150493708917566],[74.0673241536868,35.15224760814067],[74.03735132550332,35.14826623479894],[74.0135573335042,35.163439739352555],[73.98229561135344,35.182294785076294],[73.96004855759492,35.17420897336547],[73.92563837820865,35.206940019566275],[73.87063460350419,35.21087500587686],[73.84241226341527,35.23042897591654],[73.81963740024588,35.23970484879976],[73.78825552777045,35.24511209184959],[73.75821385648436,35.22952521751483],[73.73685791665957,35.22076294205618],[73.7225163380586,35.22206579530024],[73.72210006436654,35.26194637352637],[73.70737521179666,35.31231392814533],[73.71575270782125,35.39310457001994],[73.74137251512951,35.430316038654325],[73.75881646161048,35.44348406223975],[73.78489646549951,35.453220986059705],[73.79089572505774,35.482126285699565],[73.77825565027808,35.526454450312656],[73.75391396036105,35.53116034807164],[73.7311013328603,35.5406446244499],[73.67016719565959,35.55249577436052],[73.64778948389761,35.56467412281256],[73.62969350824886,35.57129077235129],[73.61210217817302,35.56282331804175],[73.5711047975484,35.55482454811448],[73.54010265751168,35.568374758388416],[73.50666059201279,35.565419404481986],[73.47746333466523,35.57680065862354],[73.42502772694809,35.56978933710826],[73.39031497875334,35.5820131894572],[73.36743571238827,35.605488122678764],[73.3189301168315,35.61457078971023],[73.27383362452218,35.62955210104866],[73.24427258780975,35.65096335097792],[73.22035303066787,35.670680268279796],[73.19679376981668,35.68253913707156],[73.13625425962641,35.719182067798215],[73.13647435520738,35.7758559015287],[73.14921819376468,35.83324322949147],[73.1382176208466,35.84784457007089],[73.10839161598034,35.86872515074515],[73.07915729307467,35.886261350580924],[73.06423372450683,35.87210421034109],[73.04978453752642,35.860439229986525],[73.01716802268618,35.85495314517158],[72.99971500204578,35.86352369955915],[72.98633420605881,35.860312618932255],[72.96053563870879,35.84936237927042],[72.92591608905633,35.84606806009293],[72.90551059503798,35.852753444815676],[72.89746152782732,35.88270899612331],[72.85154196249164,35.87845018642702],[72.83162833827726,35.887401517366186],[72.8124292793878,35.87006011518224],[72.7946174409422,35.852993528728405],[72.775363967673,35.843750122270364],[72.76022184945884,35.849679827362195],[72.72883506128909,35.85609166529815],[72.70361568521577,35.83814422887309],[72.68607929292506,35.834580653574335],[72.66040889515443,35.84919002420031],[72.62871246051168,35.8692953955661],[72.59089905584682,35.88087260208897],[72.55048169837175,35.91245663226783],[72.53122049812754,35.924533776412716],[72.53856181687439,35.96046382174802],[72.55585224188752,35.9962085797622],[72.57324507809795,35.99642871581261],[72.58495897347791,36.02079195978115],[72.59486875418969,36.03520124384238],[72.57478996048832,36.05309493048668],[72.54714295088655,36.05955059058732],[72.53435262187605,36.09561966841301],[72.55720646800415,36.1372801344707],[72.57380884869946,36.150963177308824],[72.5553009053126,36.17653470631171],[72.57183362182423,36.21850072602774],[72.60146452596717,36.26596326898971],[72.61940362927413,36.27312065119713],[72.64703639361471,36.27093024083797],[72.67432834008088,36.26374635471058],[72.69179689830827,36.24982222431623],[72.692385777082,36.2756509549277],[72.71485928552767,36.282044775845804],[72.74074521212191,36.299514471715554],[72.78395488990628,36.31614819018688],[72.80697245581422,36.33346332587183],[72.83461530785024,36.363514714332666],[72.85089987442973,36.3726600919897],[72.88140870574722,36.385951766061225],[72.88408575455401,36.431090934798874],[72.89238135921244,36.44609475616812],[72.91942452801959,36.460750833084546],[72.94889134995589,36.46247528130925],[72.97652574656598,36.46489753689184],[72.99794839360356,36.467514905788335],[72.99098150759056,36.48422729515357],[72.99599587281136,36.51490873425075],[73.02197363097832,36.52491806991304],[73.05183264096365,36.535467984459956],[73.07389584271903,36.56152233788566],[73.09125145688927,36.57507584237629],[73.10907433721093,36.61564678067447],[73.09174881885298,36.67241056279727],[73.08541951979504,36.69972653015532],[73.10534879041438,36.68703595574482],[73.1338815234136,36.69036118552037],[73.17213802764792,36.708233672446056],[73.18747980524887,36.721133096415315],[73.20985511582097,36.70192146950029],[73.25269342666036,36.70890749218705],[73.3010534093874,36.708358635942375],[73.33025123870374,36.715492757185075],[73.37130809149528,36.734263485171766],[73.40635702605596,36.733655561455066],[73.43055255455681,36.74132284757138],[73.4555321318025,36.734215390328075],[73.48653748691555,36.72993385296502],[73.51147487246743,36.715422680212555],[73.53798877945866,36.711924836362186],[73.55602893418802,36.71294919744753],[73.58563292701803,36.71690720190588],[73.60628567524378,36.71394182415594],[73.61298937106267,36.695048710129925],[73.64674372434348,36.69211258372883],[73.67731740397505,36.69115813593925],[73.70880336848074,36.68885003220328],[73.72424328190198,36.70953372610063],[73.77646600570165,36.70337392946334],[73.8090608540752,36.71671308683955],[73.84008573077193,36.70859920638833],[73.85782766131757,36.702596291086024],[73.89756162576845,36.70286194452319],[73.90550637072249,36.72630062877107],[73.89507461360262,36.75416185058896],[73.86817610704179,36.783729145683594],[73.82090891751261,36.79282882788817],[73.80631287034277,36.815399251774124],[73.76687494652163,36.82228661073856],[73.73094254226459,36.83277266802429],[73.72134474536375,36.846491270955426],[73.71477421575753,36.860482991696756],[73.70023778374679,36.87116754824382],[73.68526914745325,36.89593472001138],[73.71203808778756,36.91211561904066],[73.72870946896688,36.903900561261935],[73.75169255216963,36.89877162241248],[73.76820025853516,36.904215502043826],[73.80384612889577,36.8954884386406],[73.83583935780018,36.88689435618966],[73.85716095881128,36.89914763255723],[73.88269262626375,36.892648363431306],[73.91309073754758,36.871735542961005],[73.9344360626742,36.874800841685555],[73.95781328455547,36.8568620576379],[73.97842977211633,36.836023516672014],[73.99513002602993,36.82660840985028],[74.02600175627606,36.826279335323136],[74.03987361807305,36.818443761770254],[74.06556045005476,36.81340515982032],[74.08909151536119,36.83584010084002],[74.11601325320913,36.8350615631407],[74.13705539259234,36.836824522134066],[74.15044119690378,36.86371592674868],[74.16693536937186,36.9009109063133],[74.1874862253091,36.9023862486265],[74.21777643143724,36.898899310854574],[74.25249845164228,36.88663368409732],[74.30521257669909,36.91319626239766],[74.32853817389764,36.92630945701586],[74.35862959657868,36.95052326423729],[74.37822939696918,36.963753743940174],[74.41860135666735,36.975117437020174],[74.44717011021248,36.991197834112825],[74.50095373602613,36.98855220851766],[74.54534952246257,36.97121253393135],[74.55756247322961,36.95163856296938],[74.58284645929672,36.97795279168804],[74.58141308834342,37.03785378232624],[74.59789780264151,37.048392522796746],[74.64983089617897,37.05667302873735],[74.68982777922866,37.07657169272949],[74.71813880686051,37.053596870699096],[74.73759557817345,37.019387876849066],[74.75915327370467,37.014759224558645],[74.78444970548958,37.02939785552667],[74.80547102197016,37.023194471447766],[74.84212356734884,37.0169334741006],[74.85657442796753,36.9797796780897],[74.88541020371798,36.94770905622801],[74.9109008953601,36.91244708036851],[74.92796627492373,36.908861623665075],[74.95815438731518,36.94276644521534],[75.01874122792537,36.97637072143169],[75.0425401347195,36.969455907064514],[75.05830975129402,36.96158651900271],[75.0786054039163,36.948187553113144],[75.11508267322682,36.94881724581927],[75.13960671507789,36.960494336444526],[75.17546678596347,36.98971903570498],[75.20299368750875,37.02276435988733],[75.23006545745494,37.03926931432744],[75.25163761048736,37.048446373301545],[75.27923881402012,37.046925556769054],[75.30759258822741,37.052800192774725],[75.34267238392346,37.052914453439314],[75.3455207337949,37.00062065891632],[75.35962480324213,36.97369690029177],[75.384666408528,36.959619573084865],[75.4135016896513,36.96750698535914],[75.42823915611223,36.95061517405111],[75.41347500856483,36.923137631796294],[75.42234063051575,36.88660529519825],[75.45201528667621,36.867802156544315],[75.47421085604623,36.810752091435916],[75.49883987486038,36.7988969575286],[75.51313878422758,36.79274549131145],[75.57253979677427,36.77492990089428],[75.6003210805535,36.763734742564395],[75.63198874588397,36.74199880500089],[75.66053418450508,36.71250141151097],[75.71971906748104,36.63099904976639],[75.76400402866307,36.57820980703701],[75.79393041765474,36.55985338592507],[75.81150303283874,36.55235201753163],[75.84935664349433,36.54387465089445],[75.87924069869933,36.52527176338123],[75.9066127873503,36.51065362076804],[75.92336175843843,36.502447732476924],[75.95733801853476,36.49237489388628],[75.99897639454502,36.48545845804148],[76.0531173246049,36.480165456770465],[76.07728845180065,36.474273966570365],[76.10033598941442,36.45717519338052],[76.14371563816621,36.41794765066362],[76.1866607740755,36.388135106849745],[76.21712512672326,36.37365920460866],[76.23417104136053,36.35959672071215],[76.2525284346396,36.349132399140956],[76.29957658349258,36.35182141342756],[76.35240797205034,36.35987386298842],[76.38339789119976,36.337255801114395],[76.40582072284815,36.319112479757166],[76.4253469236217,36.31061422366753],[76.45003657382887,36.269405411530556],[76.43819560874039,36.25881562014479],[76.44409575671386,36.24719189888708],[76.49858687198662,36.20809062638136],[76.51522628136786,36.200279556656255],[76.54071775901741,36.193887000184986],[76.55824697651678,36.1768787410611],[76.60888778294486,36.169579913482266],[76.62543213308652,36.17905876425061],[76.66479573963176,36.15806056844053],[76.69727329572606,36.135897055404826],[76.70678869134508,36.11390705846401],[76.7240819069545,36.08073644702944],[76.78249540364004,36.05457702850714],[76.80119525155965,36.04456655430312],[76.78319286296033,36.01570557775028],[76.76563421334833,36.00472888183248],[76.73015810081574,35.96286507006698],[76.7404964039859,35.93481435030208],[76.77902687948693,35.898677522050036],[76.80597469677491,35.849525972245885],[76.82323732644153,35.839964643753376],[76.84298266501804,35.83409352049961],[76.86971206935658,35.82223071357663],[76.9027735795371,35.79556364664501],[76.95891286883386,35.78407492531761],[77.00165516265571,35.776208380912124],[77.03994675573824,35.778680815966936],[77.05452097905999,35.783643261527345],[77.06886651737591,35.790367963710594],[77.08584827617705,35.79714923504923],[77.1225740272696,35.786772621659225],[77.15541193001661,35.766293997470086],[77.16728194500581,35.734579410911124],[77.21052870903276,35.72646156714768],[77.25571448963206,35.70999596973826],[77.28017251045304,35.71829598736997],[77.30969282766193,35.70139758403133],[77.35084625235271,35.71823357262133],[77.38209044311952,35.693593264617505],[77.4032601081675,35.66140575337289],[77.43020973219342,35.65481218673307],[77.43486144040321,35.61904821830069],[77.44504048712884,35.600607957890986],[77.46559890996178,35.57331671829195],[77.4633783237507,35.54520492376827],[77.48003594620201,35.53773346322879],[77.47845763780981,35.52492078606548],[77.44655586276292,35.52499131539696],[77.42540966102712,35.523942865970525],[77.40262859973018,35.534599105564325],[77.38389261165474,35.549216252628014],[77.33754266046549,35.54288409552464],[77.32896083307605,35.52710303507706],[77.34868899550082,35.493694952260284],[77.37559624706921,35.480612610683465],[77.41517710194177,35.47266939547626],[77.43720041067047,35.46219149054491],[77.45747569904432,35.467152620397144],[77.4868953956061,35.48058849626216],[77.50891339923402,35.487049893138135],[77.53032129739,35.48317528191376],[77.56883081329147,35.48506938544381],[77.58581614689774,35.47578523250252],[77.61768501844892,35.469826103391995],[77.63807574380058,35.48126007669123],[77.65903296200167,35.47869156076695],[77.69521715394853,35.47767116209451],[77.72605711564341,35.4885673983668],[77.73744201473727,35.52318532294436],[77.76535392774161,35.49762699778779],[77.792026352834,35.49775480314173],[77.81655508375019,35.51294671322029],[77.83333387455872,35.50557717554625],[77.86313785502807,35.48301502092653],[77.87554654054048,35.48432112701846],[77.89553301163926,35.47297705444754],[77.91338879185929,35.48212274956529],[77.92588286889935,35.492624501819364],[77.94749802481402,35.47833631237097],[77.97543570609304,35.457243380177886],[77.97668201266481,35.47011328749829],[77.96509045655938,35.47913486448249],[77.95740426669363,35.50174425149606],[77.93695375441229,35.5112429233223],[77.9496363761179,35.54500774920831],[77.9651826901291,35.58938635139907],[77.97050565950866,35.600142064105],[77.98853844609249,35.582495396045715],[78.04631883264807,35.585324373621006],[78.08237557986916,35.54936215953609],[78.11181305692708,35.551190447081524],[78.13868378702722,35.53978402631179],[78.15565139139864,35.55926275097522],[78.16160964097219,35.626458419720336],[78.17590875808276,35.62389676022735],[78.19920725690946,35.65723990839513],[78.21765188712493,35.659149983884674],[78.23227616041652,35.6513952045251],[78.25646519041624,35.65127226360414],[78.26906199161766,35.676341909751386],[78.273342127837,35.72195401036936],[78.30333498122445,35.72127507978115],[78.35739617829103,35.72718156257912],[78.37862334149406,35.732631050382736],[78.39751047862575,35.74619232681448],[78.42100929694158,35.78263828712733],[78.44523937829473,35.78066786802776],[78.45999441031387,35.77549798394483],[78.51367259961086,35.770688230677365],[78.55437446211181,35.78614303417373],[78.57485076874804,35.78965861625221],[78.58996082433265,35.811356793081586],[78.63092774851685,35.82468887549129],[78.66495352888234,35.8573873194693],[78.70330472813077,35.85954000686587],[78.71552136971547,35.86613141153549],[78.7511074972133,35.866931241583586],[78.77921910557734,35.864848162612645],[78.80007323179427,35.85744625653956],[78.85084711630145,35.85984520978866],[78.89568302015533,35.87059759410374],[78.9313473347118,35.87806752489644],[78.95409903674118,35.8879560114608],[78.97372254685808,35.884243795314944],[79.00355898296073,35.857501144862],[79.02163928792288,35.848748211560746],[79.09183047429701,35.84117360597719],[79.13949798354514,35.838598424277905],[79.16937445206935,35.86183771264035],[79.18556778962187,35.877211595139045],[79.18906404886684,35.942796860486794],[79.21358258416899,35.97693011073608],[79.22546503948007,35.98267191327824],[79.35425034417813,35.98999737877608],[79.38467370033106,35.994286388605985],[79.4031410788977,35.918792332700036],[79.43022255882408,35.89497770485724],[79.50792813667425,35.88566467108774],[79.53064626251506,35.87634247142796],[79.55494857381768,35.8641440959733],[79.57303245988015,35.85888977454351],[79.61970287189007,35.84764778761536],[79.65068402354888,35.839081650697665],[79.68681319677165,35.82685949986609],[79.72497016673987,35.80604485478625],[79.76342026533302,35.79959112103347],[79.83159671041989,35.79000816924167],[79.87665584938799,35.78539675335753],[79.91491406143484,35.81961391664896],[79.9366723534464,35.830264940174914],[79.95365210765868,35.83671268084561],[80.00267221525058,35.83430917522833],[80.03365906141659,35.80478997497744],[80.05748915310198,35.7528784049145],[80.07525441655815,35.735930234892464],[80.08579558250017,35.72766336896933],[80.10619375154045,35.68300488516735],[80.12444600507911,35.674148702500645],[80.1553314418926,35.6654592946108],[80.19123127270512,35.65667764595662],[80.24357089667961,35.63866059570995],[80.26720557467758,35.62697695802024],[80.28959460890411,35.608348672753095],[80.30564912800492,35.571141528958435],[80.3271178212305,35.47687382946373],[80.30999957951701,35.46325497753526],[80.29613209472046,35.459326350330855],[80.28404515875712,35.39597308898692],[80.24126193229239,35.29049268718779],[80.22236831914267,35.21407104624183],[80.17985678236465,35.12440726498335],[80.17628114985524,35.008623167725034],[80.13658124273024,34.91913429471197],[80.09394331882913,34.85680690441518],[80.06801591460282,34.79620007457385],[80.0726902911241,34.737394075975885],[80.06264881818845,34.71105473548772],[80.0392857039721,34.70401381998187],[80.01593928926684,34.698184101515096],[79.98579730490178,34.69156950692724],[79.94456097710747,34.681062973877204],[79.915301912953,34.68967524601584],[79.84987743559526,34.6826495389451],[79.82232335383975,34.656378369766],[79.78769658982583,34.63374521816735],[79.7770656607517,34.616930962593926],[79.79244814166844,34.58897857919811],[79.75802614968711,34.56036678949579],[79.7833066158077,34.54394360141612],[79.80357618988933,34.535931222048305],[79.81454402838426,34.50006577501557],[79.79625702504171,34.4863675498226],[79.77986750488151,34.481471577651234],[79.72298842427642,34.47863210228974],[79.68045508163675,34.48072198912854],[79.66094828373639,34.4801465309377],[79.62081684592079,34.49069853191179],[79.58713393658195,34.49685108001336],[79.57088287784262,34.48669402530908],[79.55250560145242,34.481757567457805],[79.50946460590689,34.4679290062187],[79.53163610042577,34.41565830178922],[79.56191956073917,34.405271242773665],[79.5598186230311,34.33401056553521],[79.5900291276422,34.27318229472718],[79.56921053903523,34.22048168378274],[79.5464156506618,34.208622184566195],[79.52904210131197,34.21023019127034],[79.51109110267231,34.21049599849158],[79.49403996477264,34.14110611975167],[79.46123594668165,34.10198300271344],[79.42917266418715,34.089978057941096],[79.42032726798908,34.048041089025105],[79.4337412282751,34.022978429710804],[79.40575673638432,34.023348618543935],[79.37565229961399,34.03339595865663],[79.32510584645769,34.0402437618402],[79.2687961877939,34.04399233397908],[79.2510514567594,34.05030924307715],[79.20072589868136,34.05090725086899],[79.17123551630607,34.07286672841684],[79.14717985126919,34.04530589994738],[79.1223912252749,34.02276798025815],[79.08275744799789,34.02235412754101],[79.05625136061184,34.031355022816115],[79.03745129943798,34.04121013643868],[79.02237104019139,34.05090335320722],[78.99211474929632,34.04196902305205],[78.9700597907268,34.034387017846655],[78.9539385823997,34.029508957472444],[78.92717005755219,33.99905770974556],[78.90668763192872,33.968938596039436],[78.91983394408129,33.95883776694944],[78.94771127005913,33.915299042516835],[78.9728163575889,33.852093354524754],[79.0078081348376,33.79758937265149],[79.01675234494485,33.778695210915316],[79.03656343745274,33.7818714688932],[79.05295324809396,33.77519711975134],[79.06227749101345,33.76805611329905],[79.05968789677905,33.75274454302627],[79.04253631449939,33.74282246408552],[79.02052211500364,33.70573739786266],[79.0608660806052,33.67780789951502],[79.08956053419138,33.68839107278984],[79.10707338492881,33.61688426010056],[79.08765980085917,33.617482656399545],[79.04287817648674,33.626406568808136],[79.01902072202876,33.622403655804135],[78.98290190449933,33.612604386483326],[78.94655646051228,33.622772676417924],[78.9144744649247,33.62787118940395],[78.91729888113849,33.579599317754344],[78.92719189668873,33.560330945416865],[78.93981344813216,33.494297944494576],[78.93278739032587,33.439762338860874],[78.95366847821776,33.38112089011702],[78.97235219050123,33.36433709278265],[78.99239799347265,33.331696368192866],[79.01646245477855,33.33549057373102],[79.06731617839898,33.30790606161548],[79.07880834592845,33.30299764912223],[79.12368271648421,33.29088510316501],[79.1663179406205,33.29014062099293],[79.21353882765482,33.2934535003788],[79.26154389563436,33.29140792313717],[79.3149048787572,33.27368262915007],[79.3497625976658,33.27839444444811],[79.38273867045336,33.27932204927322],[79.42647202616314,33.268035460468184],[79.45609607657275,33.25039903388836],[79.43405027220234,33.18316066982908],[79.39344123322638,33.1244495056402],[79.38179766303176,33.07423929460782],[79.39376306011718,33.036184705259984],[79.3628238402481,33.02185886659345],[79.33471208079794,33.01542015151881],[79.35093177747962,33.0045413692888],[79.36635419189253,32.992059273017105],[79.38136107365466,32.98889612535595],[79.40926576420372,32.97012058509699],[79.42558547179215,32.957021936113506],[79.45904200738278,32.92582066459204],[79.49629254616411,32.87624834628423],[79.5420524413671,32.82220013542798],[79.58155992325192,32.78161893676457],[79.5962360352649,32.77685257218849],[79.6222631086556,32.74716079923155],[79.59348680507208,32.69832346085906],[79.54754272151945,32.64832388094243],[79.49055080117859,32.588610514963364],[79.4132061734262,32.5277917850629],[79.38795170220936,32.57454438971189],[79.33950806004901,32.59201201714092],[79.30884675227583,32.56878357460232],[79.26771971099595,32.53137980303552],[79.2427712053269,32.514457857244395],[79.22796475906642,32.501503053922875],[79.21180110004082,32.49183688966076],[79.13905098181743,32.47738332388133],[79.14134073218912,32.452550756112544],[79.13864812780889,32.41756156441471],[79.12121130485787,32.39869859746233],[79.10573774240294,32.38434212698763],[79.07846689403198,32.388787288802405],[79.03374010042535,32.385908429430515],[78.9937966389038,32.345216299392746],[78.96173873525447,32.36605436551662],[78.94015678950427,32.37471124582737],[78.91330219683897,32.38774761316188],[78.89779543231339,32.39757533793153],[78.85886607421003,32.440645179231694],[78.83255360546457,32.43638721849538],[78.80512673371186,32.49145774268072],[78.78196448037653,32.54671936740493],[78.78750550297661,32.582559401395315],[78.7888308194868,32.622328862986706],[78.76556202077069,32.649390797047715],[78.76912912141188,32.697050168330634],[78.7262998451618,32.66385851635749],[78.68035580477664,32.658428265951784],[78.65541802712033,32.64266968046144],[78.63115055465443,32.602323104128004],[78.61419179691393,32.5974684252277],[78.59000440637828,32.6145267154356],[78.55482106813787,32.61163833763925],[78.53013581921272,32.604312160777624],[78.50628764935561,32.58506020016813],[78.47246165877857,32.5835119956821],[78.43662139725973,32.561573901314546],[78.42715171957627,32.53131592329129],[78.42279844149493,32.511407963906436],[78.45753205845779,32.49945123088963],[78.46060477299193,32.450508772561875],[78.48828463572744,32.433497801982014],[78.49553339265202,32.4219878854326],[78.5212431321649,32.3979290619767],[78.48524755682934,32.354065369321404],[78.48327618534773,32.28002157003948],[78.46541346236148,32.254224492866115],[78.47610794742388,32.24140820312613],[78.55277912505665,32.24573585862305],[78.61216376094887,32.20731949899573],[78.6010577973795,32.164287805138144],[78.60521299978018,32.14314768012139],[78.61420325967276,32.117781313456874],[78.66474057841504,32.10284152291803],[78.67664963837018,32.074683550005886],[78.70492787042491,32.048755141236825],[78.7142320557648,32.034357646388344],[78.74360587970762,32.00878369551117],[78.75618910024684,32.00001288998294],[78.78587681366406,31.986850036599947],[78.7517484638206,31.911326736539706],[78.74789955342169,31.89839372648936],[78.7397940276723,31.842402535748477],[78.71730682524986,31.819883384910327],[78.71252435021864,31.774152465863665],[78.73037951080585,31.74458191072665],[78.73625624762781,31.72728819329552],[78.75218111506649,31.68573836903056],[78.79577602464389,31.685105632119303],[78.80913747801225,31.64635314278337],[78.84326460567706,31.622493525455866],[78.83878606462525,31.595782135437275],[78.82513325789358,31.582624956776385],[78.72254429967973,31.51625131604544],[78.76254065212947,31.485583757084783],[78.78206993667828,31.466527984478944],[78.81296319309695,31.439634851367373],[78.79163311687489,31.397408489610143],[78.83658572934797,31.378290096310934],[78.85583068513807,31.349407373251722],[78.85557900356821,31.3226482103467],[78.86936078836976,31.31098835163118],[78.8860118970315,31.286016573306256],[78.9243032931625,31.253730170810798],[78.94028174400734,31.301576298907094],[78.98386612252358,31.348151570738423],[79.02946819390206,31.403541990970155],[79.04797147340486,31.421951782348913],[79.06794286916812,31.46658711760142],[79.09204027713713,31.453210759768808],[79.14247251459494,31.434164779880746],[79.18803170719758,31.37699671472666],[79.19753863390088,31.3623570396457],[79.22306759439402,31.34114262972861],[79.23654159341987,31.323256715025423],[79.24164970576936,31.309034560996224],[79.26136550701261,31.277985427785325],[79.2683361297087,31.24084837445298],[79.28414249078338,31.231355260437],[79.30358730560971,31.184232471451423],[79.30216249530298,31.163450395319558],[79.32403838806124,31.13472868777876],[79.34044602596339,31.124468089630682],[79.37093913982949,31.115939757513843],[79.40173657348413,31.10397925903561],[79.42659670187635,31.041898830666526],[79.5165138302491,31.033708196676002],[79.5503787362897,30.97974223061948],[79.6046966313445,30.9373874447748],[79.6668163546911,30.978879667462706],[79.76087082582802,31.000669067023864],[79.85631879018007,30.97537588988547],[79.89281312322709,30.920864061427324],[80.0329236219277,30.842310794307764],[80.0980907151145,30.789710205961285],[80.13538506796658,30.781836992183514],[80.15979852558155,30.807619324971938],[80.18598438507138,30.79684071013071],[80.19909894126317,30.781511362959066],[80.20547390519664,30.758218796060646],[80.2359961517011,30.760333366591624],[80.24335602166315,30.751050389963552],[80.24760600091628,30.72395265658986],[80.22398491437235,30.685925501960412],[80.19605597270504,30.669186444998502],[80.21796958932515,30.6461193291438],[80.21328519885293,30.617483491569942],[80.22702889196984,30.60329171843813],[80.23905623975372,30.569297201204904],[80.26074218400464,30.56182473882069],[80.27131660867462,30.56539457160227],[80.28232797165862,30.568099238589014],[80.32031261353632,30.561841825040233],[80.32894560065898,30.550789004209207],[80.39597538135882,30.51784208924107],[80.43023340444813,30.505653609026865],[80.50433188970499,30.48348079700122],[80.5197096653688,30.46425935398605],[80.54105739348398,30.448658749701565],[80.57019727138703,30.461512387386847],[80.6482825187233,30.449857254608673],[80.66364048412112,30.43969394422021],[80.69146833029924,30.428571350387585],[80.76684820468097,30.37844851298854],[80.78158877919884,30.354235933341727],[80.82570697099999,30.31435669510546],[80.91086042197094,30.288319863171182],[80.98691739412249,30.268803671852027],[81.03434811727186,30.24510544416097],[81.04286189026408,30.205517599757457],[80.99149869710726,30.187016242105926],[80.92478741940391,30.18225163930174],[80.92173388830838,30.207385233541743],[80.8949739654762,30.203981742063775],[80.87637237298668,30.15038248536348],[80.84199427511578,30.101683710035218],[80.80863613794747,30.09223875561412],[80.78717646582129,30.0652553989176],[80.7619519609143,30.045623218436845],[80.72109053799801,29.999417058950144],[80.70335108508459,29.984003812226206],[80.66755121391742,29.959329964906033],[80.63382732966761,29.964040934841307],[80.60464535270091,29.956255514680322],[80.56651118234527,29.881872826569747],[80.5502689072843,29.852027899068332],[80.49647640336337,29.796138711232572],[80.4663130394153,29.801061717024652],[80.43548702170875,29.803321715125094],[80.40397474124137,29.764774126424868],[80.38921435286017,29.749916193077922],[80.37016524153273,29.727477042331714],[80.37969039209798,29.71157091136854],[80.38521126268967,29.69697340909562],[80.40781011414549,29.65969505428336],[80.41529077564883,29.61946997995568],[80.40806790211207,29.58962720992787],[80.39328852004923,29.569787612508378],[80.35812598222833,29.552785665725935],[80.35535769540138,29.5199778785763],[80.33199846625627,29.50568526446341],[80.31545943470519,29.487002284228083],[80.29793894152897,29.475920996257003],[80.30345199881077,29.451061086400045],[80.2825458944775,29.454346236089975],[80.26015503462719,29.450124714084325],[80.24708525927736,29.432906527114596],[80.26028887623073,29.401974475741497],[80.28047297065115,29.38157179480254],[80.2835974285785,29.35861793956633],[80.30172511432261,29.324866051327263],[80.31729085458932,29.31284314079835],[80.30312166613203,29.25065716979259],[80.3004121949669,29.216034180233294],[80.28835999711623,29.199217983922892],[80.26445503327324,29.211497304656916],[80.25566160529888,29.197225228361674],[80.26581196724857,29.175801569586838],[80.26985681204229,29.154698403108853],[80.25569143491185,29.135901871774024],[80.2260663619731,29.11961436980738],[80.20124301405389,29.12960061177887],[80.16964534295829,29.120343821610106],[80.14891938272336,29.0996646557993],[80.13834645362601,29.04972504177732],[80.14082627031615,29.010407708049343],[80.12117229476564,28.98528779699427],[80.0942945841278,28.970739006500025],[80.06413612867948,28.889084788832008],[80.10701697925026,28.82389647074558],[80.14499885751133,28.813188359155504],[80.1662290901005,28.79369063541452],[80.18527003828171,28.7781169793152],[80.25445255404219,28.756819589852228],[80.26746515229502,28.73421503129873],[80.2748045662778,28.712320167341886],[80.32462231856522,28.691329416119686],[80.33297222428877,28.666030027363945],[80.36926940885621,28.63516809073485],[80.44426488511641,28.633055415075376],[80.46573854080106,28.62017548571015],[80.47178407587444,28.590116297429233],[80.50590844981514,28.5683948515412],[80.52790292717839,28.559333521824612],[80.528646626041,28.57540303532187],[80.50825692681576,28.65865273393655],[80.5599328816972,28.69087531064713],[80.59586590558712,28.65553867487],[80.61739485788644,28.64150116424736],[80.66833534809791,28.63937446725788],[80.67927928710947,28.62137743861797],[80.68250886409288,28.60320132707966],[80.69528135415123,28.584620985570098],[80.71387063851921,28.570810897305137],[80.7473639338985,28.572983076607727],[80.77431550855391,28.549535107759084],[80.80397344541825,28.52087089567533],[80.83765078975222,28.503137828847798],[80.86811994477966,28.4958049628288],[80.89535173649352,28.5027142607546],[80.90006597726313,28.46880523667238],[80.92142915213373,28.461320197269345],[80.93925433382049,28.454142082990813],[80.96434322995617,28.449794615429198],[80.97021751252822,28.434894806050522],[80.99759318767553,28.446447461980824],[81.01656996203417,28.433298414090586],[81.04003644522584,28.428458276328456],[81.02922859792153,28.405914640548247],[81.05398753099979,28.406693364407317],[81.12704435221514,28.37492081024726],[81.20828470457553,28.36023468788062],[81.22123560933596,28.349991023966652],[81.2356413248873,28.330020978985033],[81.23867705300364,28.286367919244128],[81.26090714734704,28.25842562174512],[81.27807574929648,28.23991840321179],[81.32217183845961,28.19512868044427],[81.31047727580568,28.160872312107585],[81.32181095041511,28.144902491157097],[81.37945348259223,28.145284767777866],[81.39056504983722,28.17306607404015],[81.46118854211755,28.13031654247453],[81.50985578811418,28.068041127596018],[81.58077131634326,28.028226100054553],[81.67211001836273,27.989723830890114],[81.71675598090383,27.97523087300641],[81.73859769942436,27.955866499839146],[81.79604269281606,27.909978947670368],[81.84094783097765,27.892792134449508],[81.88630670948709,27.860566867866737],[81.9270822129738,27.87456363920063],[81.94839325144744,27.898822869379956],[81.97030934749847,27.927331865673125],[82.0702030204531,27.92198696092953],[82.08619465356048,27.905073207962232],[82.09841306141374,27.889309440578245],[82.13257305570204,27.863120984745706],[82.17424771575952,27.857572581409556],[82.2214805520859,27.83468287841214],[82.25163321050434,27.813922959776846],[82.28891116242028,27.781751779321212],[82.34909578843997,27.753370085660947],[82.3845305069774,27.71987777773728],[82.42987094668689,27.687808696414265],[82.48439700062113,27.68179025071953],[82.52795439587874,27.688591985231994],[82.59857210731695,27.695844696475604],[82.63345766204151,27.711344191781052],[82.6851962484082,27.717502536013285],[82.71289895032635,27.72470988994951],[82.71516341535937,27.69484757675434],[82.71817981074975,27.674020169395362],[82.72387778752994,27.65485476943212],[82.73892117996854,27.640915427005382],[82.73979582911426,27.62687592438448],[82.74780310662811,27.596367582298114],[82.74550566615363,27.55333890386737],[82.74926238704955,27.52480340725151],[82.74171304881821,27.500754558176368],[82.80851110120642,27.496355919190364],[82.88459057439553,27.4964875673474],[82.94172309564442,27.488615717841128],[83.00242651267348,27.45862331951065],[83.16294256204964,27.454203445732503],[83.19634088812154,27.44404234317966],[83.20996708661181,27.426203450428943],[83.26101261853756,27.389263647199584],[83.27669225524346,27.34985418242462],[83.32052461372001,27.33237484402389],[83.36376776876756,27.344110692754327],[83.38696540323082,27.3697819781558],[83.39816942977541,27.421120455244875],[83.392953936575,27.43814774851984],[83.39876442303972,27.46350286826282],[83.44148128853072,27.475908096781268],[83.57368667180253,27.470297679794157],[83.6734022897839,27.44236322258473],[83.79679915985338,27.38571589906951],[83.85875605105099,27.34968797961659],[83.88198599275944,27.364694112243512],[83.86261528656627,27.39607250704063],[83.8414379341134,27.437072933669015],[83.89227712558892,27.438548391994743],[83.94413416795754,27.44581396174499],[83.97035308922375,27.44429281965796],[84.00097928296759,27.444820290923758],[84.03772873209539,27.442712845721303],[84.06082708230406,27.452584930450257],[84.07017147093671,27.48086489369996],[84.09779025531611,27.493151551103267],[84.1192221033175,27.51887556915227],[84.15424914118495,27.518615600329724],[84.15124658006567,27.490781440011517],[84.18980455413691,27.470070886961935],[84.21300223986157,27.448266930074794],[84.23560801789574,27.451164239038462],[84.26022890324134,27.43459525376801],[84.2781025170176,27.40141974372625],[84.3076731818719,27.390140514073494],[84.35994933529366,27.374497395238677],[84.39326305584541,27.36919745929538],[84.42973536629415,27.370324221685507],[84.47227979307803,27.354534327197484],[84.51239215357509,27.354600915699734],[84.5691444765364,27.348862354314235],[84.61885390278542,27.339866555497167],[84.65504589725043,27.292652717349085],[84.68400262821876,27.239863413465798],[84.68548552034054,27.186004101608034],[84.6828327856046,27.160983446029263],[84.68429214786437,27.1381572009941],[84.68070580442941,27.114666588092632],[84.67444447433309,27.097283031087045],[84.65678294497701,27.080250645850697],[84.64694184998643,27.050197157472894],[84.72610442487934,27.0147196491925],[84.76665878147764,27.009030256441235],[84.792961560028,26.99751091949338],[84.8162265887861,27.01936633289],[84.85609205120727,26.99956103021742],[84.87807659735716,26.98601262758075],[84.93206818869601,26.97170817389315],[84.9794129231679,26.945333720275016],[84.97558717750627,26.919758269328725],[85.02158984289701,26.89336524111303],[85.05700673867011,26.879878892596878],[85.03289841203213,26.874489718725613],[85.02730429435775,26.855855971875656],[85.06155663283238,26.84967282344212],[85.0828297289089,26.857205536806134],[85.09734983013061,26.866500326928588],[85.18324447894958,26.869167179222018],[85.19429986015047,26.83890201111899],[85.18435808425824,26.803202487205056],[85.19425837082719,26.780145181155262],[85.22081602084273,26.75907724921575],[85.25842412107636,26.75565897378266],[85.30779514592928,26.752197515602916],[85.34979554133122,26.752385598916305],[85.38979665029524,26.774663619930152],[85.42563305731977,26.786172189295144],[85.4633392268239,26.786221063851087],[85.49295868349651,26.79670245455469],[85.54500770863888,26.837390652756483],[85.58810962605844,26.85411713180025],[85.6421130452809,26.857950239312117],[85.71349334314334,26.82614069963364],[85.73389235035177,26.764977342330553],[85.72972595229095,26.726889328779578],[85.72504905766795,26.696820366666657],[85.73625128646773,26.65757908140955],[85.80224716337597,26.625174077221914],[85.81581457947931,26.604975126001307],[85.83066318415865,26.61301949785161],[85.85456017101512,26.601672666160653],[85.84754025018248,26.57205863599728],[85.87183059150863,26.5786603738772],[85.9148804049068,26.60928257822843],[85.9366621566333,26.61696319589481],[85.952128485841,26.630315821518025],[85.97192234104324,26.65803024519971],[86.00727157991952,26.656578038845453],[86.04273376645023,26.664685524217646],[86.08407945810058,26.64750343423617],[86.1270094575205,26.628149167650008],[86.14673783937985,26.60637613934739],[86.18208320217809,26.613633035136502],[86.20110870000656,26.594466724160043],[86.2365221459803,26.590524624212094],[86.26088566694006,26.614212964756575],[86.31671490596818,26.61932190088504],[86.35891453178027,26.604405132990564],[86.40739395346822,26.582144994096268],[86.47150396103905,26.55946279077523],[86.53361669665327,26.542530430834745],[86.57298113417204,26.49787343810874],[86.62811107296773,26.478123459030485],[86.68248607767043,26.453675571770248],[86.72353483656349,26.432796468682113],[86.77283409191989,26.45833901073678],[86.83684465515677,26.4397347094893],[86.89613110126936,26.469406638905298],[86.94679805188866,26.517261321352976],[87.04604664293828,26.5730352331895],[87.08894454735304,26.471087225395195],[87.1781340279631,26.404115521114477],[87.23065059265076,26.4137692270682],[87.26773482430275,26.397286291629086],[87.31851706531035,26.36378173943575],[87.3701576705401,26.407415836072005],[87.46288174040006,26.43967867363193],[87.59034529889647,26.382431502312045],[87.67923888366761,26.42298936626628],[87.73706838220016,26.410825341316524],[87.76731048089403,26.415861153569438],[87.77701002888978,26.45146924970618],[87.81605561987101,26.46016626945783],[87.85772382009827,26.446448447138152],[87.86021470474486,26.462927049643667],[87.91137077594061,26.4584544549092],[87.9177434690859,26.433098729023186],[87.95543239139181,26.405423549956936],[87.99284264617125,26.39036872173915],[87.99932016339488,26.362767692674936],[88.07673457314212,26.413062769131557],[88.10842238508508,26.482063852065153],[88.11159952080129,26.543734641040885],[88.11454230668215,26.56886802933616],[88.13505442252364,26.591859125498274],[88.14046690412437,26.62215471316955],[88.16476402633879,26.649973931251964],[88.18673591812819,26.718193635527882],[88.17748366503918,26.816933703127972],[88.17669716654109,26.85995021732873],[88.160231355093,26.87876028076238],[88.14501935056262,26.8888237043505],[88.13678718498068,26.93771501013964],[88.12869080083982,26.96505425285153],[88.11588637945289,26.98781051084643],[88.09403833150384,27.006280020806344],[88.08143959765937,27.035770177451752],[88.0458279384087,27.038191020199463],[88.0240970955046,27.06670111186685],[88.01602337338005,27.09263781508315],[87.99313528646434,27.108270225690433],[88.01135900451453,27.15523661807549],[88.01512968828456,27.184879636985727],[88.01754859299325,27.221314796440765],[88.038960411294,27.285599519802076],[88.0650170903665,27.337909816884576],[88.04551529449532,27.367350565676134],[88.07079749450884,27.425672747899057],[88.0536294519377,27.467640235308636],[88.05487253803727,27.505342872275776],[88.06974428137352,27.534149072921423],[88.07999460926385,27.55754466615349],[88.0860319020507,27.589932751395395],[88.11723097203179,27.617840817999422],[88.1510492527209,27.66864118844012],[88.17479420109157,27.744774716280176],[88.19882455470952,27.78809835345629],[88.18641397612413,27.812888432755017],[88.20269959760839,27.842171524096614],[88.18322480388167,27.8623671415304],[88.15191434567055,27.870535658493907],[88.13156560786655,27.89705977279033],[88.1222392515403,27.917087592018788],[88.1418183099671,27.961098522578823],[88.19731030502663,27.943196299569593],[88.22278676579668,27.965513692902675],[88.23964006094013,27.96675390117167],[88.25705963129701,27.95037743557026],[88.28420043410279,27.960729361670758],[88.32479653723044,27.979292285110944],[88.35881188186289,27.989215393775453],[88.40925656144123,27.982956061972743],[88.43333246482143,28.006147467731523],[88.48657027140098,28.042221595250453],[88.52527506519215,28.043673205354196],[88.54677678512058,28.038230023596782],[88.56085511597087,28.065072259577164],[88.62076001146539,28.109630803518826],[88.63550942272173,28.126404174113418],[88.6462662065203,28.1040816753291],[88.68561381682423,28.077100004861393],[88.7620543552244,28.071691919146815],[88.79066368078429,28.05052619762597],[88.80332169074347,28.036159788743305],[88.82755005888816,28.019506230328318],[88.84501371221313,27.996625333492375],[88.84768161311604,27.930188072921283],[88.88771032677022,27.895028182704493],[88.89256169166879,27.865174918487753],[88.88577409090163,27.836024585066582],[88.86367792539602,27.817894363234302],[88.86019637726105,27.77808911761872],[88.87017708030805,27.738769740631085],[88.84639342601588,27.71023489062776],[88.85272986479151,27.68138314741435],[88.83002217468368,27.642600618024176],[88.81614082683774,27.614085241940415],[88.80505786432906,27.595757250196982],[88.77583125400923,27.567645788422453],[88.78390850687214,27.536463279456825],[88.79634680616022,27.52476190353906],[88.79177447301356,27.49348071915989],[88.79502900528445,27.44992853367495],[88.81742671886803,27.404531118316527],[88.8427949084583,27.382221085934418],[88.85998863746573,27.386102872849335],[88.88637181180974,27.3642248415033],[88.90313301997293,27.332840159545754],[88.91960188192138,27.309143191804935],[88.91081383908744,27.278605911333784],[88.88429307926225,27.2627198712251],[88.83800285924463,27.262148129932314],[88.82602236164274,27.254777135356562],[88.8022476556049,27.20826363345998],[88.7858982281208,27.179738341451355],[88.76757918193374,27.174259072598147],[88.75869869958535,27.148002995841637],[88.79007787499398,27.135648668051658],[88.81279456102021,27.131444417525927],[88.84264750777635,27.115434624408465],[88.87573959310777,27.109200370200995],[88.88424187905952,27.03468175675772],[88.87985673170289,26.956768081182076],[88.89519727453467,26.959809930084248],[88.92388665504518,26.995813698243637],[88.95924109470081,26.968797613419156],[88.9497116489735,26.937308529165364],[89.01198378042716,26.929716009086576],[89.03771081210436,26.929743108357798],[89.0528595996908,26.90353224052052],[89.09720926529542,26.89319240670426],[89.09639187958163,26.87808041937592],[89.10807080572317,26.862676233321565],[89.11711234226084,26.825874546173395],[89.13374443475794,26.812040249957647],[89.17839785627609,26.82142904801219],[89.20070807481784,26.810359761493828],[89.27078403915215,26.819942720480242],[89.31287449446239,26.8443536788792],[89.33102302109563,26.844182631423337],[89.37110500788987,26.865201320984227],[89.39552259878894,26.841760280512574],[89.43353573298776,26.835852594421738],[89.45896188388389,26.830133025818554],[89.46115238417525,26.80934127747804],[89.5063535656646,26.80541841852522],[89.5518493371772,26.81185930995923],[89.59984566194782,26.79296645853526],[89.63252237290925,26.776133587894833],[89.65492205600816,26.775188567698308],[89.64750132442663,26.74694176874766],[89.61994548539587,26.728714986707303],[89.64462474303753,26.722312911811457],[89.6765210879779,26.73961323566232],[89.7123632191873,26.733607477603073],[89.73570809065592,26.723577641894735],[89.753129822983,26.73391839122081],[89.76210606514286,26.716243356745565],[89.78238774319982,26.69921194547493],[89.8604090226583,26.702734973040606],[89.89483980551267,26.72426227418464],[89.99968561419979,26.729887441851986],[90.11959196539692,26.744915500849743],[90.18931776430344,26.809544351590603],[90.38534573451807,26.898997874952045],[90.4882036790566,26.852811781138826],[90.58561231835387,26.797247306118322],[90.6841355926835,26.779892582276887],[90.74562418081138,26.774668532926512],[90.90145022075114,26.778187852587394],[91.04581522858996,26.778524846544485],[91.18456993905153,26.810857917558906],[91.33147206838129,26.779774718928195],[91.41237585036527,26.834842317618893],[91.53478165764744,26.79500881620396],[91.70092254014315,26.810922789255358],[91.83549107735138,26.87537698446033],[91.94557641991588,26.893778350990146],[92.03247830762785,26.848779241768625],[92.1053217718823,26.886178795515036],[92.10762752029387,26.976531635526612],[92.05738209990403,27.051058242144222],[92.02603863387588,27.113877610163627],[92.0393174323537,27.175753060555337],[92.06980032812271,27.243946646720417],[92.09906371891554,27.27202529133416],[92.08210462752658,27.30931789770284],[92.05724856047277,27.403249933337804],[92.024256728865,27.46728802482255],[91.95390630313346,27.460067922096982],[91.84425740335655,27.475036517921012],[91.7380272412642,27.46958346070818],[91.67231910784062,27.49023234544643],[91.61424567989428,27.541091843613742],[91.56832051627885,27.61951344369055],[91.61979565614467,27.695547901314626],[91.63553163447739,27.777017820016454],[91.57099312872998,27.814974357180915],[91.59001290507155,27.855898050055032],[91.66745874792292,27.85788444381211],[91.77643606187479,27.80079091626783],[91.83659935417694,27.78846365447413],[91.88083721606472,27.72544694911744],[91.96060895663811,27.750079740587637],[92.05360020338674,27.756350664651507],[92.20527915640798,27.85640608607207],[92.31213938982103,27.778438576179383],[92.41150324427934,27.821251296809976],[92.4813682312589,27.820650053257395],[92.56987823809027,27.826401028884447],[92.70591901944726,27.932854176978708],[92.68616886050455,28.0577733519587],[92.74161486513395,28.150806787703118],[92.84462665939287,28.178561153874227],[92.9909850945865,28.250493886383822],[93.03732463882108,28.302902527929348],[93.18476863846195,28.31631146640109],[93.22120860749129,28.41285973958537],[93.23433813559654,28.47722666997487],[93.31067862981496,28.56559567390127],[93.33784467209398,28.6331003694865],[93.44684515977639,28.67193789511782],[93.50101540413766,28.6833694681265],[93.64416820230076,28.66110331366707],[93.78038659346657,28.66760723678459],[93.92465413458069,28.669329139927925],[93.98285750107289,28.758335755091082],[94.00032662947041,28.840534300017964],[94.12597723026505,28.929484576252264],[94.18514202868175,29.027885981652787],[94.25165080064397,29.10741358327033],[94.36278143691385,29.1519997993513],[94.44743705647505,29.224915359556235],[94.57799337539404,29.24998256854076],[94.62715330238308,29.32204575220976],[94.7169885798591,29.30372578421759],[94.79839851198182,29.179368252043275],[94.8980372226398,29.174924986898702],[95.01019798195136,29.13440017842555],[95.01617229521531,29.16580801972441],[95.11860171999342,29.119686584468354],[95.25620922017941,29.083976984550247],[95.307494512262,29.06101862011326],[95.42611792570176,29.03908431728746],[95.49048886976561,29.0741251372653],[95.55128327480332,29.143704614676267],[95.58461731193944,29.215471491516155],[95.64782851997029,29.25413269696645],[95.73204138440241,29.30057725683497],[95.80761279009823,29.337465932706664],[95.94038373452179,29.38227516356801],[96.04917953560715,29.448528103589183],[96.15486512132833,29.396997803805675],[96.21452792382468,29.272140381673353],[96.34966329832264,29.2643780749882],[96.39189596882397,29.230562214374743],[96.27655471752627,29.15752076347252],[96.20906573939243,29.111262559319698],[96.16901671095252,29.01673931566694],[96.15396131076596,28.939563827908387],[96.23166718539233,28.925586567366224],[96.32517375086798,29.00909545239324],[96.46250188475426,29.041996269012657],[96.50234180013405,29.027378569765233],[96.51671737580631,28.966152284200632],[96.54055070954769,28.87965491963888],[96.61117787196127,28.793216987673873],[96.53489885269994,28.70654745330239],[96.48652688650668,28.66028632095697],[96.437480837071,28.591914921736304],[96.40901887262294,28.558928647938785],[96.32967459420723,28.523681987533735],[96.33730247293084,28.45755789518074],[96.28997048634892,28.4034443566718],[96.38195890897651,28.35850930975687],[96.44112658162652,28.39541577691665],[96.53581716303171,28.428913205580045],[96.6833076881993,28.44518769705462],[96.77228896136654,28.374334292193907],[96.89545180715521,28.379436949255876],[96.9632327609832,28.324997763536032],[97.04658274929449,28.346942705341633],[97.12712778631834,28.348853027245468],[97.19358528972941,28.286667882716642],[97.29341071223462,28.262575493864006],[97.3752952885468,28.217176928272693],[97.35979972597664,28.179945288744136],[97.339449548358,28.110884332545936],[97.35704474461932,28.058744011826718],[97.4117026670445,28.0181314978704],[97.37856398513986,27.953976078133564],[97.37835493593161,27.883666942975083],[97.30872820094578,27.92082058610123],[97.21243672287653,27.86297382508201],[97.15218643825358,27.8101871382259],[97.10465199719198,27.76618647252775],[97.03725471663194,27.743292777439763],[96.9773844900023,27.662994955053193],[96.9003369523885,27.615446461185286],[96.91541643821813,27.549233406996166],[96.91984630616219,27.488743457544558],[96.9363564281067,27.430172233262],[96.98417477164844,27.352855659860893],[97.0505312434222,27.276353839857848],[97.09388664914962,27.210978838702488],[97.14850357328135,27.167605041839238],[97.14487954825262,27.091920747844313],[97.06121361371737,27.100531766328004],[96.99770238285873,27.143625975658324],[96.89576484497167,27.173420404428157],[96.8841676078489,27.222818482686876],[96.86078803603908,27.262894389164785],[96.81200119190157,27.327102139552153],[96.74712897472244,27.35497187525192],[96.67565809534489,27.36205332679964],[96.60202352446612,27.35198585896029],[96.56129936597301,27.31661862734785],[96.4995482495521,27.300857744089683],[96.43306574408888,27.301626528641407],[96.3548266263478,27.281730667836086],[96.26711399351603,27.26989438102089],[96.15015887013578,27.241813551953896],[96.01664939345483,27.147245667753396],[95.91540868716123,27.037811446041474],[95.80759476588582,27.01316755423926],[95.75211442963729,26.922922312714604],[95.70302989461402,26.87993095345081],[95.6460332636243,26.875751588964704],[95.61102356468581,26.81406914927186],[95.53238433676779,26.824275996739914],[95.47536222528652,26.745470203587104],[95.43186862523692,26.69666397995877],[95.34618733967403,26.671219732005056],[95.26168220277151,26.667112862768477],[95.22772408649746,26.66661594147257],[95.17106251232514,26.623686283794996],[95.14407073977287,26.561472276424468],[95.12031480798208,26.523391286578658],[95.07992098756358,26.475367652994862],[95.08106003379356,26.446813463970216],[95.10479446549226,26.404530451219387],[95.12897504366339,26.35537459096463],[95.13068214666379,26.295837017264603],[95.12874266873922,26.249363237523426],[95.13721918461772,26.202360590768706],[95.11942164179538,26.14819138512439],[95.1368790475301,26.09553148109302],[95.18442791821394,26.07316831856309],[95.16134039134602,26.024244014849444],[95.09201104147644,25.954387426638505],[95.03451265623414,25.924496316252032],[95.020802154396,25.880549219570867],[95.03332266161158,25.819752988010066],[95.0509506804296,25.75544825023661],[94.99162341858596,25.707149991578888],[94.93255310294342,25.654022329466954],[94.9018031157213,25.594056371804186],[94.85136951129397,25.55640089708379],[94.81696079330601,25.499983146205295],[94.76288166016053,25.478694999075003],[94.70083012790815,25.46199730553127],[94.66931764059672,25.405961789904723],[94.62939975039825,25.34414620738164],[94.59714732069233,25.274642716388314],[94.59573761989532,25.19345951684329],[94.64585483922951,25.1677149474869],[94.71155080662447,25.143012045769353],[94.74761768920507,25.072894102880582],[94.73724028531097,25.013418344081344],[94.71129862862887,24.945924638211523],[94.66969717878186,24.875204398664096],[94.63244548347234,24.807836020515992],[94.61526461836752,24.73714210682283],[94.57521665292626,24.723363733149824],[94.54423882696034,24.70070388157893],[94.49578693172157,24.586106325546552],[94.43803304998534,24.513864968193786],[94.39797775866668,24.455589115445378],[94.36285549338635,24.39327271936054],[94.32384202528931,24.33262167884743],[94.29256272319117,24.233572543038463],[94.25536955845843,24.136741281984598],[94.23724708248693,24.059767963620686],[94.19857696205719,23.971873182101717],[94.16545729092132,23.883113046829692],[94.11139021228854,23.860750654119443],[94.05397370762057,23.891890094552252],[94.01082044340882,23.928937391047782],[93.95749545295286,23.941480553984434],[93.88865440887395,23.946533823876905],[93.80576758400684,23.928077541145683],[93.77128704436166,23.97746541659575],[93.71809494042924,24.00076952539331],[93.65294521135246,24.005338116460962],[93.61890453101933,23.9866572945985],[93.57048720122344,23.97880368154472],[93.52226198010635,23.950417315007144],[93.46704079969322,23.969756657343908],[93.43936696241542,24.03059917521182],[93.36886091799704,24.088281274861004],[93.34524695048646,24.08837921462913],[93.33577796618027,24.049528908732213],[93.33578614731289,23.978917383730334],[93.3892014917555,23.930003460891044],[93.3947074003263,23.854535421472576],[93.40252439478508,23.77102321974587],[93.42620448135182,23.649482401091973],[93.425580922022,23.53419633579233],[93.40487489975686,23.47131926007586],[93.40165734760859,23.397693287615198],[93.37406443582512,23.358689332546703],[93.37469586512213,23.308898183104702],[93.38603513711195,23.2310537319442],[93.37668163834701,23.139751944396778],[93.35955249864895,23.091569295386705],[93.33018000930002,23.031965214123375],[93.2715134910548,23.00671194979668],[93.21789282329524,23.04177533826129],[93.16989245517271,23.047528657521582],[93.1336377195052,23.032003162815784],[93.14275567863172,22.984537896706627],[93.15114458705312,22.927407748768644],[93.13646210244411,22.91000957328322],[93.1185375276848,22.851689375864055],[93.09696580632698,22.80738091359831],[93.0984467280341,22.71656698847579],[93.11208076861266,22.65192808511307],[93.13344031741678,22.578491011650897],[93.12325270734664,22.525577032054457],[93.1394701611191,22.46028456078392],[93.18623043068987,22.41044129652869],[93.1967227733374,22.33413964672735],[93.19913758523143,22.277834599787013],[93.14875247224887,22.245191218599928],[93.1601623293281,22.179462933167883],[93.08612719591343,22.19991375751397],[93.04816114931765,22.147592590325814],[93.04357224616228,22.098811998275153],[93.00111613729996,22.05878154083547],[93.00392437471021,21.977539758553064],[92.95831934366282,22.02796308642735],[92.91967181959888,21.978690078684224],[92.89172409379194,22.009905339160127],[92.86080873113809,22.06561327313409],[92.8009506156784,22.100372165543035],[92.73553691399746,22.137279833297725],[92.68841457197499,22.093205977174136],[92.68772279367204,22.03943837458138],[92.62785839195129,21.9835979776646],[92.59906927302859,22.037717465188905],[92.5696524345123,22.1251663502469],[92.61239302501815,22.146143329251288],[92.59471998883646,22.21300848185598],[92.58321377479592,22.297389902621944],[92.56051106603292,22.401017306203755],[92.54308547651357,22.541774646782585],[92.53055643113447,22.616835380548423],[92.51778788999917,22.712331580038438],[92.47220281490803,22.788975708761996],[92.45877456709263,22.8408174167904],[92.44913840601271,22.887243670059377],[92.40238642459389,22.91634482045714],[92.37781027602347,22.9573156800746],[92.39116784881725,23.005497342528372],[92.39671572964727,23.05501700193315],[92.37376853658873,23.099326536190745],[92.36575827512434,23.142763590467382],[92.35984208324561,23.19912216415662],[92.39395447731732,23.240298428929407],[92.39623159311361,23.2677702982607],[92.38349623696183,23.321041823121675],[92.37896276891672,23.372165692292924],[92.3590112796469,23.406091637119403],[92.33252965382053,23.42951436109894],[92.3230067362719,23.471313664494062],[92.3197022673458,23.531289972454317],[92.29388848616475,23.606837520035583],[92.28354392731046,23.65251178539063],[92.2765621458264,23.71915936681137],[92.23866191701393,23.67550990256001],[92.21288197462349,23.69774252130037],[92.1623121993486,23.736135833102253],[92.10059801448682,23.6755709395473],[92.05769109167062,23.646670300194273],[91.9918738965631,23.706172660040295],[91.96161579893004,23.697984997409776],[91.94909294808116,23.641109601327116],[91.95665348826793,23.57087937628222],[91.97099998436187,23.511871393549995],[91.94393955216867,23.466581826690003],[91.91199420586798,23.439323331406683],[91.8480176990576,23.402315998084873],[91.82069505333408,23.346705234958677],[91.78765815669863,23.300452302631697],[91.78858757995289,23.236419719494506],[91.80661644998924,23.171758402328464],[91.8203272333152,23.106718243052512],[91.82031252310452,23.078258889336325],[91.77726308022704,23.063928746514478],[91.74823868786524,23.01299344179398],[91.67734565797582,22.981580834987597],[91.6168675624881,22.944421154712586],[91.58676578861031,22.97500923968471],[91.55281630223061,22.999068939979622],[91.5483569778923,23.041214959902504],[91.5329297548044,23.07649951234265],[91.51720124084466,23.122802216748937],[91.49404552827855,23.15587206814149],[91.47729084020017,23.193760460976534],[91.466158331342,23.22573230220405],[91.42259107052155,23.263857671794142],[91.40207239682371,23.263142176570227],[91.39137414899784,23.217267937065685],[91.38850435659083,23.160804213743518],[91.40868413786274,23.09368995163004],[91.38159625836067,23.068727637770337],[91.35052847860646,23.110278730978678],[91.32736993407525,23.188642716887898],[91.32588270812056,23.256900024516597],[91.30293000491588,23.292819484831398],[91.29536401124017,23.324448179839692],[91.30658662767081,23.354347485747894],[91.28609278245602,23.376557438874727],[91.27247858811643,23.43286966600232],[91.22322554622201,23.504371973088155],[91.19977021552307,23.55164557928009],[91.16322142402953,23.61800931038141],[91.19739727246622,23.646788001665016],[91.1748444689971,23.688649398750783],[91.16406904135323,23.745874592438554],[91.23098535369115,23.771362980017557],[91.25265473063138,23.84317187138481],[91.24705068264296,23.912642810517355],[91.26913775330473,23.94039723514436],[91.2907165649176,23.970392323347085],[91.33822397505645,23.985000858502872],[91.38031289702263,23.993050908672558],[91.40248595366387,24.045258786463876],[91.38208837278023,24.10494626635716],[91.4560209403142,24.101335097137053],[91.51659323618895,24.08376921607652],[91.58499937352235,24.078241865869472],[91.6202704397291,24.094841582772858],[91.64034111435103,24.141587555821104],[91.66261180499089,24.185542334511183],[91.66744262577663,24.231361210851276],[91.68572881523272,24.186696568491868],[91.7262781796943,24.150843862154545],[91.76246910396605,24.167696636590563],[91.78565190770945,24.226726248917316],[91.8551654432307,24.214947806496127],[91.88992279600029,24.140632536062753],[91.92376214780495,24.190039160578863],[91.94316278433507,24.283256558043774],[91.95043841570038,24.348595034133552],[91.99876898609989,24.344587291770154],[91.99534463574639,24.390450667464393],[92.0857501319631,24.374339930843178],[92.13632277337734,24.41536769596246],[92.16438104025286,24.449076492286338],[92.15880730751127,24.52465720236802],[92.23399018000288,24.50577649359036],[92.22909659643085,24.594369114842834],[92.23963570382472,24.64823535058099],[92.23942281361201,24.701609354987795],[92.27050319196877,24.742631828496144],[92.27884142179425,24.785196630320286],[92.2588831354484,24.82938716898269],[92.24308665252704,24.869615408024686],[92.25867381104757,24.908779798548892],[92.31264686825841,24.90488580243789],[92.36271549992045,24.88117276381206],[92.410773335621,24.863495988249326],[92.473507801344,24.87148876509451],[92.49543369101207,24.89618097926882],[92.47839199239661,24.943213903498872],[92.46587489900742,24.962517546347726],[92.42022735251038,24.99177705476734],[92.43242243914432,25.030796284820724],[92.36793696371996,25.04891364544841],[92.33163495698773,25.082324790456767],[92.27720630142971,25.080713281792555],[92.21806496362723,25.11446796422524],[92.1912299644913,25.127465202956785],[92.13762133775458,25.156243676604447],[92.06036463851729,25.185969389975412],[91.93020108321349,25.18214024757441],[91.83924259476998,25.176992385190488],[91.7603313381208,25.16854022385229],[91.7242169416586,25.155554154700553],[91.67488115853871,25.13660696533924],[91.62701314633966,25.14301931319079],[91.60589378576964,25.17310327689478],[91.55046875602835,25.148377145688755],[91.49606190183533,25.134106819474198],[91.44230286618438,25.151608812696622],[91.39110438925621,25.16974733437206],[91.33648282102541,25.17437450098248],[91.29348812167956,25.193007940264295],[91.21589363618244,25.19980194060713],[91.12824646140513,25.192547694220764],[91.06673091609895,25.191581826839865],[91.0047785134177,25.179131643910296],[90.9169138960595,25.16253971693442],[90.81176633514832,25.166786766196367],[90.74432258661813,25.16462904079765],[90.6828213369352,25.169377727400274],[90.63305916454885,25.171914231956293],[90.49284797955067,25.161087702135774],[90.42351089820943,25.149635580517668],[90.35103162520937,25.177082660036774],[90.27826950823129,25.19744447847995],[90.20516316494815,25.20974047174542],[90.12189817965731,25.222532410542385],[90.05496208763032,25.258763222444827],[89.97929445717352,25.297772314440806],[89.89661138091054,25.298987784158953],[89.83768585252011,25.295492519564164],[89.82222534822131,25.396296528562004],[89.8558234523905,25.462720896452254],[89.85620926244758,25.53750784421169],[89.88321007138774,25.61524344952562],[89.84710933742605,25.71465377465205],[89.83828255449635,25.773643141417892],[89.83473284944148,25.852224116649722],[89.87949246200759,25.94440737919723],[89.84739277945329,25.96188688217393],[89.85482100868268,25.99243022947155],[89.82239797578603,25.9866353273585],[89.79901398200974,26.018166815546124],[89.79221169171626,26.037990106458324],[89.80133744976354,26.068546861748302],[89.7325740207745,26.155947277844632],[89.71616886500118,26.15695689814237],[89.69333288480487,26.16528537032366],[89.6790214568748,26.20844387758291],[89.67570019131085,26.2278292373295],[89.64441011353597,26.22695940765061],[89.64974065970375,26.201673779421412],[89.63569400387524,26.18885869027639],[89.66017877592981,26.177255917826415],[89.63855595419398,26.18071961981468],[89.61767207480648,26.177154439226058],[89.60552901035561,26.16429763412856],[89.6024924431718,26.148200488961436],[89.61812308211461,26.122215133321788],[89.62784017408484,26.11382310964882],[89.60089238557521,26.10576183234275],[89.60720102180977,26.09423817325313],[89.62290382415222,26.1023292567898],[89.6415182157931,26.076897968066817],[89.61467493480046,26.062907977621137],[89.59296566573295,26.044018783739944],[89.59125825876168,25.97953360599115],[89.548254780234,25.97069619667218],[89.51533193741903,26.005274414382768],[89.42984063363838,26.04045829401508],[89.3721890596774,26.009954816361756],[89.28236989085781,26.052982169191807],[89.25979086675517,26.09453458170566],[89.15725379132948,26.149598783656984],[89.14617297190517,26.224229533566188],[89.13040079136351,26.248862871824144],[89.10958604645896,26.299040404191373],[89.11786103326011,26.301760424404108],[89.12937694109303,26.29884746453888],[89.11835010976984,26.323923325900807],[89.09610332310996,26.321446429309333],[89.09805699683301,26.35964908303879],[89.0927499247693,26.368465556140563],[89.0984086974035,26.39355192608059],[89.08673136575999,26.39919480859362],[89.03933257124123,26.39480592815113],[89.00959744466638,26.412808898611843],[88.98219529527671,26.414017710648864],[88.98452436220958,26.44945807602943],[88.95391117536053,26.448081198688442],[88.93112560935947,26.410037230333955],[88.91884962690881,26.398711509328734],[88.92091287402997,26.367981871965867],[88.93823715941744,26.362277367006925],[88.95868637757434,26.35730859921256],[88.95873884312317,26.336844428927293],[88.97174889629457,26.349973421036623],[88.9906605561398,26.346157770264938],[89.00413018356119,26.326302644251655],[88.99825542704639,26.299805575267158],[89.01328695922587,26.300214968246223],[89.02839068088525,26.297254454929202],[89.05391730493972,26.296195404294508],[89.05920420071334,26.275720537472864],[89.06034330449995,26.254448947760807],[89.03666211356574,26.24721271929161],[89.00332621573233,26.24670162198231],[88.95644366983953,26.251358331321967],[88.9471472537428,26.263330422960678],[88.93385950251411,26.278465807950738],[88.91753608971885,26.28792040130554],[88.87468536104063,26.28036218136964],[88.86719947537557,26.255694522284443],[88.87853437755956,26.242376464802078],[88.8416807662544,26.236427186865228],[88.83240193909825,26.250179011652108],[88.80543165224901,26.308205524665254],[88.76744962649911,26.30478100164197],[88.75224098633254,26.304666593488548],[88.72722993641247,26.286035308083058],[88.69594332642345,26.2761827548303],[88.68344630500303,26.26417395466433],[88.67182285803852,26.287418048104485],[88.69043948449468,26.301870297276423],[88.67998201755614,26.319768637912375],[88.69666818628781,26.320531294483715],[88.72163171872887,26.314503382525118],[88.74993583417148,26.32431551305052],[88.74935104731304,26.34830046799226],[88.73820049895392,26.351408352313683],[88.71803765821141,26.338683815006107],[88.69361301033223,26.37367286191312],[88.70481311583268,26.38860013209046],[88.68874711508732,26.393060658822378],[88.66908582984723,26.415209160374502],[88.65246165408212,26.426395744568026],[88.62616434610777,26.469941276868497],[88.60074394727542,26.460547049606703],[88.57274236556776,26.45795231214953],[88.5591047645733,26.47709545389216],[88.53267615288223,26.487168580265802],[88.52178630539373,26.50496895595262],[88.49862934277002,26.516377554880307],[88.489462926373,26.536002180156515],[88.47283729640418,26.54654955861531],[88.45300455541593,26.540104354032735],[88.4294656291355,26.567336187115416],[88.40270168723316,26.624616335675398],[88.40488584730406,26.601569776524002],[88.37737863821366,26.57834121077832],[88.36274709480261,26.52625239782992],[88.3497387422492,26.50154722352562],[88.34237884350887,26.473222738438665],[88.36312271194367,26.449150316334055],[88.36530914640002,26.481948106619882],[88.40349530836187,26.480352283930813],[88.41406051767882,26.476255437638372],[88.43606720333884,26.4728677400542],[88.47992769710561,26.463700242672132],[88.50304174048398,26.41578459338433],[88.51119194095537,26.39390820599897],[88.51959687529563,26.379591426203433],[88.52464726465962,26.364705973601872],[88.52278708175845,26.354155098578985],[88.50748426638586,26.361310643471484],[88.49421775084858,26.34972164413864],[88.46668679695819,26.369608697883166],[88.43043694101209,26.333526768745458],[88.42270498194944,26.322895503324844],[88.39536661967384,26.315254294849865],[88.37660592902046,26.304066135943458],[88.35834020633553,26.284666635257054],[88.35940361418551,26.23502855042733],[88.31888720358165,26.20672849632308],[88.30560102346851,26.201884198297137],[88.2181373859317,26.1730195246314],[88.19373741994605,26.155665752272682],[88.16316768474093,26.10503261706168],[88.17374579303396,26.076444704359687],[88.17679939787399,26.054908695979577],[88.18174316271683,26.02804292833855],[88.14614901146774,26.007223255149142],[88.12999380876732,25.971415131802928],[88.12493473195235,25.941933662608506],[88.095404519503,25.91704432243756],[88.1006540475463,25.88951327681633],[88.10098910076647,25.87732521658552],[88.11884664365772,25.851868313371995],[88.1064326674337,25.83752440732559],[88.10646828598266,25.821922720257362],[88.11645568718029,25.808682080913343],[88.13120653735189,25.795444997488687],[88.16799424903542,25.785101039381516],[88.2144588601883,25.795843244270372],[88.24611456273692,25.80626570599759],[88.27710031083075,25.801904602915158],[88.27164026678497,25.77858811405025],[88.29417681950468,25.764269850373353],[88.32136179700939,25.736406132037416],[88.33673564803178,25.73810790295738],[88.36178905062422,25.723270280798886],[88.37837953238954,25.69827847996794],[88.41110303687572,25.66864054222731],[88.44954977290377,25.66320677637168],[88.45811823277029,25.649671689996524],[88.45590511812674,25.62342428090591],[88.45041385321679,25.60124570872256],[88.47041031218623,25.58846487025761],[88.49839761625702,25.579789175230303],[88.50459325717316,25.553075462262825],[88.53947416599999,25.532271279895724],[88.55096509965966,25.512567716626847],[88.57543160558419,25.509349508872788],[88.61284427594262,25.50705944104044],[88.64756391294429,25.48301953932031],[88.67773145873991,25.47454470787204],[88.70709147898862,25.476928230553426],[88.71056431898819,25.495897574713354],[88.74212857307526,25.50122631504246],[88.75263796147283,25.49110524760914],[88.76151546256858,25.51668237669037],[88.7956482712508,25.51993732804533],[88.80559723452484,25.517051201252002],[88.8358594447576,25.481165114778264],[88.82936490786426,25.43976383333427],[88.83077769603392,25.41288578545067],[88.84027084872076,25.397962118856753],[88.84259600809935,25.378296175128412],[88.86353520478593,25.353041963815656],[88.88074568096846,25.333395776394013],[88.90214384756058,25.337539369446404],[88.92866942865129,25.314579705489052],[88.98376077124266,25.30648319094655],[89.00939699117828,25.293436011063136],[89.0029306390378,25.26902821108314],[88.98802850760961,25.27010892009065],[88.95751939840159,25.23670821531192],[88.95681836877276,25.206261883279353],[88.94953634502639,25.181142501025647],[88.93424618401423,25.178187202877155],[88.91614051727112,25.168195888729315],[88.87461296651526,25.19070174668832],[88.85271694063437,25.20647439487749],[88.83319729411988,25.203935646512946],[88.79837761023856,25.17443887445455],[88.75711309499337,25.17826615705758],[88.68673860879983,25.209993529277995],[88.64200219424595,25.20508212474033],[88.5902969133719,25.184475097148038],[88.56235228033353,25.190453698379542],[88.53920141331463,25.196227107595007],[88.52482107573212,25.201071214964657],[88.50188274998897,25.207345844235363],[88.45794034237298,25.1976302631262],[88.44276340061049,25.20742068851399],[88.45615903541119,25.16030038795259],[88.44845628003338,25.12295005230311],[88.45172040447312,25.096034016156977],[88.44188557326066,25.056209899167584],[88.45169108567512,25.0345496278631],[88.44265246923612,25.010514152606106],[88.42728954767455,25.0093012063856],[88.41212929103403,24.974837506545725],[88.39985554339864,24.950113481551966],[88.36649152916078,24.9512728749433],[88.33214155758685,24.91645748802273],[88.34763861303162,24.8964483639009],[88.32824160976253,24.87233479241678],[88.30438758531886,24.880546886030004],[88.28093161969855,24.89301291951068],[88.26848406548731,24.876681200576968],[88.26273377964026,24.916458738979657],[88.25145273695432,24.936516552397052],[88.20467491981174,24.95608915009427],[88.16319431276736,24.935420280621486],[88.15269367926993,24.91429467425985],[88.16467440170231,24.902648023887252],[88.15796388542503,24.89085294760548],[88.16465399878308,24.87442962732547],[88.17704980330586,24.85977164204769],[88.14926722540218,24.853084866973063],[88.14347397714238,24.831465241427793],[88.139652407033,24.813582287292775],[88.1277649685785,24.826606161245422],[88.10789160161619,24.789694016665578],[88.09130979111404,24.776323908221855],[88.07213594022153,24.758776498336772],[88.06839007953857,24.722118453603798],[88.04484269153704,24.698143048562883],[88.01711612790706,24.673284428333773],[88.01924219537108,24.657931707782154],[88.04340949145495,24.639328729437352],[88.05163190928522,24.63060113633344],[88.06485889422265,24.61022795765416],[88.07548072665429,24.590760130075978],[88.08929011254872,24.56734011125718],[88.10404894690146,24.545945896286128],[88.11469334871913,24.53428968432155],[88.13480676631929,24.51599649903926],[88.18462023963241,24.48279495632221],[88.20239781570666,24.458952814620773],[88.23385841393474,24.453431934136518],[88.27835954965354,24.43346624097427],[88.30062588127947,24.41031482536897],[88.33222545534056,24.386139416500896],[88.37036436962,24.37072825800277],[88.44412607405911,24.376899035362214],[88.49906583322166,24.3495299063801],[88.5326607663813,24.336094625866338],[88.54342927194341,24.323099731667355],[88.55411803461965,24.299829134307174],[88.5750606388375,24.323899140832737],[88.60585337803104,24.309330299953444],[88.63004213283824,24.309441961577306],[88.66358327484829,24.314340997738896],[88.72700572643316,24.297676532346145],[88.73251057650197,24.2865760402521],[88.73952061648333,24.274605409112382],[88.73593253915544,24.1988903556055],[88.7376042340482,24.16466972003161],[88.73833953684021,24.13482469270548],[88.70772825025858,24.121156036322077],[88.70855357788537,24.095603294156774],[88.7261216119229,24.07327069958319],[88.74118896409948,24.057949687328232],[88.7430158442059,24.036241778934993],[88.74119409023513,23.999951906755143],[88.77025986040428,23.99520415904476],[88.75718427633336,23.987879044282522],[88.73759342059992,23.96339898647409],[88.74605420733587,23.940336281794032],[88.73749745574304,23.923345159251767],[88.71390764222394,23.916247519007868],[88.70871057433362,23.901817789759264],[88.67074928515143,23.885783350721113],[88.63765102867211,23.863466117467397],[88.61608500901599,23.87603239477926],[88.58869096971256,23.86979245955439],[88.5915263927289,23.850920612696143],[88.59314458425524,23.815311711666197],[88.5932565714337,23.801588559964102],[88.57637384507694,23.78824738181129],[88.5696278946117,23.778882916713314],[88.57772664037219,23.75054776027099],[88.57334107123353,23.69330166094295],[88.57131067634668,23.65912236180759],[88.58183799542718,23.638395420412394],[88.5854134462736,23.60474982574391],[88.60592673752899,23.600266872618135],[88.6409815392667,23.60833706310501],[88.64338744607386,23.594559787504238],[88.65611508694178,23.56767499560459],[88.6652467463403,23.55190797627216],[88.69599951516557,23.527810077273273],[88.71999837812274,23.510123392980233],[88.74962254904148,23.48166538285119],[88.76604396905401,23.487151498243122],[88.78609486848347,23.500341369958335],[88.80215972978777,23.490995841884626],[88.80059321780283,23.477042749723182],[88.7933796477526,23.442919944200128],[88.77647310554943,23.442399008307632],[88.76336347314583,23.412268433641373],[88.75691727391313,23.389772514989602],[88.76279312040623,23.361367019872148],[88.7458553195674,23.35116401610651],[88.7414667736727,23.33391508131598],[88.74705356277178,23.309070014769418],[88.73184960627435,23.319422443590952],[88.72884575103063,23.303484927187696],[88.70726392758826,23.307303283120063],[88.71165944502741,23.290386615450018],[88.72590168901178,23.273025964176952],[88.73460951861443,23.250191595565752],[88.77078448621512,23.24221665227674],[88.79045325291537,23.21987939561768],[88.8111671856172,23.240768849003246],[88.82927156812843,23.24783993586442],[88.82905925258251,23.23471303827614],[88.85599485258047,23.227102822237498],[88.8858488623352,23.229003605032403],[88.92241268239945,23.227317495805835],[88.92401229842886,23.211488849530838],[88.94286342670586,23.207669853281175],[88.98272204798417,23.22450027686631],[88.99065778712725,23.20937611091881],[88.98550333541067,23.184699161836875],[88.97736759064185,23.1914885432617],[88.95543486792485,23.177619869561397],[88.93517187418269,23.15856600711561],[88.9246702469344,23.135099175886296],[88.90056928934126,23.10870039920411],[88.87736608088,23.100291780341422],[88.86934843508226,23.080342563658462],[88.88191035967543,23.04351360097195],[88.87683376496636,23.011898898515426],[88.84999326287885,23.005863334225523],[88.8722903189431,22.983321098689828],[88.87189780803749,22.954362760632932],[88.9007262039512,22.944490248726026],[88.90666588342384,22.907417047259003],[88.91308498878129,22.87937396993283],[88.95117715450215,22.877223387849142],[88.970151042037,22.846517477299813],[88.96135458064941,22.79718191631241],[88.93551694854841,22.78422174403829],[88.92213433053496,22.76474527577392],[88.92942439961638,22.732062657165955],[88.94178085879963,22.71184140185926],[88.95202674224043,22.70215343982943],[88.94728292276875,22.65986542594868],[88.93893039282341,22.624759906044858],[88.95075484545981,22.61775591130629],[88.95578900655744,22.608893001710726],[88.94889000586915,22.6047310013347],[88.94209300628728,22.59905100110285],[88.93855400586273,22.595831000999965],[88.93612000603349,22.592253001474887],[88.93582100573491,22.581251001332703],[88.93731600632867,22.573160001432996],[88.93559300601248,22.569644002069083],[88.91860900700016,22.568021001867805],[88.91542100567494,22.566339001643655],[88.89666800602373,22.563333001516867],[88.89389000561931,22.561945001360755],[88.87869900565465,22.54473700101181],[88.8750000059456,22.544448002073693],[88.87180300600397,22.545975001445186],[88.86759100602018,22.544537001681306],[88.86435700617096,22.52211200176754],[88.86057300613936,22.520731001934223],[88.85803900619521,22.517661001554018],[88.8568810067531,22.513711001961212],[88.85360800600472,22.51000100174491],[88.84551300592057,22.50983700137658],[88.84266600683083,22.506400002058513],[88.84803800544967,22.49997000141451],[88.85208100573391,22.50055200127389],[88.85749000605898,22.500132001690588],[88.86020600630223,22.495581001362154],[88.8642130058256,22.486136001974955],[88.85889400605362,22.48489800154158],[88.85687200633811,22.480764001557475],[88.85681000617689,22.47564100183081],[88.85416400556448,22.47500000104924],[88.85333200586746,22.47194200212175],[88.85500300648363,22.468331001074887],[88.85278300573117,22.456943002017965],[88.85740800587485,22.45121300127903],[88.85942000602853,22.446673002357215],[88.85681000527757,22.441442002146744],[88.85333900619025,22.438304001328675],[88.85299700660664,22.43477100118082],[88.85093700603807,22.43319200120993],[88.84672500605427,22.434999001802566],[88.83632600584053,22.437251001332697],[88.82453100600117,22.43612000133703],[88.8277580064269,22.440542002011853],[88.8297210061196,22.444453001604813],[88.82900300628376,22.44807200212125],[88.82480700613849,22.451119001440816],[88.819435005721,22.452874002333374],[88.81471900587746,22.45555500186191],[88.81445300530203,22.461993001975486],[88.81360700585867,22.466891002118132],[88.81397200650298,22.472680001980564],[88.81156000588965,22.481379002039375],[88.80739600632069,22.484992001379794],[88.80353600638165,22.487326001094118],[88.79923300579861,22.489099001018133],[88.79583700567332,22.49685000142648],[88.7916020055282,22.50044000240422],[88.78615500524933,22.501928001775923],[88.77139300618234,22.5144340020276],[88.7744520060553,22.51830100228949],[88.78366800567397,22.522119001191015],[88.7830440056764,22.52616700080648],[88.77758100645832,22.52655200147376],[88.77346700649719,22.52791000204502],[88.77034700560989,22.531960001752736],[88.76550400620499,22.53484100151104],[88.76529600560622,22.544402001751052],[88.76280300665348,22.548459001781566],[88.76364800605069,22.552669001673166],[88.7664270065012,22.558168001652007],[88.76563400680402,22.560331001574525],[88.76452600607035,22.556101001659954],[88.76126000564483,22.549302001086517],[88.76369400637333,22.54190700180675],[88.76383300648814,22.536551001227792],[88.76617400562594,22.532576001381415],[88.769447005475,22.52972200106956],[88.76471700678451,22.529722001968878],[88.76555600590501,22.52750200211574],[88.76944700637432,22.52889000137253],[88.77281300691482,22.526953001979507],[88.77834200647845,22.52500000184864],[88.78111400570685,22.521944002114083],[88.77697700648372,22.52091300133401],[88.7735670066121,22.51923100110986],[88.7702400060715,22.515200001379014],[88.76626500622513,22.513613001938552],[88.76126000564483,22.514112001567696],[88.75305300579163,22.516902001626136],[88.74495700656064,22.515753001699693],[88.73944900616675,22.51433800119787],[88.73602300555734,22.51205200099912],[88.73290300646863,22.5115690012085],[88.72611300631024,22.518331000974968],[88.72196300648761,22.51979700113077],[88.71159300581263,22.527459001032128],[88.70616200627165,22.52858300070494],[88.70269100628497,22.526381000782635],[88.701943005965,22.527780000546613],[88.6994480060207,22.52972200106956],[88.69472500585442,22.528334000913446],[88.69583100649584,22.526114001060364],[88.69371800618109,22.52406500009971],[88.690292006471,22.525941001176307],[88.69162800602771,22.530420000882373],[88.69054500554762,22.53461600012838],[88.68620300586412,22.536099000168747],[88.68234300592502,22.539363001401455],[88.68154000666601,22.544623001150626],[88.67592700592667,22.54789200081524],[88.67403500591087,22.55356000139301],[88.67388200604978,22.55762600093925],[88.67640800562504,22.561361000509805],[88.67423300604844,22.566419001735596],[88.67717800606022,22.57196800222158],[88.68087000544648,22.577384001070868],[88.67797100665666,22.582263001236583],[88.6786120056396,22.585561001339215],[88.6785050061012,22.589944002014136],[88.67716200532237,22.59289300221036],[88.67772700619645,22.588572000797228],[88.67692500608422,22.584333002266305],[88.67794800559602,22.5804010017049],[88.67787100654175,22.57657000130456],[88.67260800575491,22.564901001879775],[88.67487400593069,22.56060900090472],[88.67174500552767,22.557165000364535],[88.67301900582254,22.55236300105173],[88.67571900622721,22.546504000659127],[88.68113000574522,22.543691001338686],[88.68196900576504,22.535632001116028],[88.68951500571302,22.53388900077681],[88.68987300603447,22.531012001202953],[88.68916400571436,22.529353000240803],[88.69148200559016,22.522383000774937],[88.69892800542317,22.52324500005676],[88.70402600579558,22.5264720004825],[88.70877100607714,22.52744100110135],[88.71305900596843,22.525442000647843],[88.7164320059324,22.521360000363757],[88.72026700561787,22.518732001480714],[88.72452500592436,22.51768400081602],[88.73239900660894,22.510564000728095],[88.73600000629528,22.509894000407826],[88.74022600602541,22.51338100203168],[88.74526300628276,22.514933001656743],[88.75063200656189,22.51549800253082],[88.75594300596504,22.514441001451132],[88.76040800592477,22.512471001435642],[88.76965400602762,22.511423001670266],[88.77883200659187,22.505664001392574],[88.77988500568853,22.501295001363246],[88.779167006752,22.49620300126753],[88.78041200570954,22.4920640019522],[88.78259300556283,22.489012002402035],[88.79032800523333,22.480821002387415],[88.7914270055519,22.476240001574865],[88.7955770062739,22.466433001681708],[88.8000030062338,22.458891001018912],[88.80110800592979,22.44861000085092],[88.80214800532622,22.44448300118961],[88.80470300533949,22.44123900087925],[88.81317200648294,22.433898001391697],[88.81755900554373,22.43086000068854],[88.82674400553151,22.430277000783008],[88.83305300599147,22.43055500101252],[88.83667000641572,22.431943000269314],[88.84722200649048,22.43167400135411],[88.8496170054205,22.426530001558376],[88.85218800617162,22.41697800083415],[88.85582800585786,22.408930001118733],[88.85250100621653,22.394373000713472],[88.85083000560036,22.39194600120703],[88.84610800637944,22.38833200092114],[88.85083000649968,22.385836000031418],[88.85305900586849,22.38387100024653],[88.85617900675584,22.37662400059719],[88.85749000605898,22.37155000133157],[88.86084700618443,22.36531900087124],[88.87528300550633,22.357759001176987],[88.8741000058107,22.356166000560506],[88.8688900056693,22.359140001010303],[88.86515900628319,22.358363001151645],[88.8558740061805,22.361144000795036],[88.85118100649834,22.363591000324448],[88.8471380062141,22.363942001222426],[88.8362500059331,22.36026200059092],[88.83175600553528,22.359263001286536],[88.82774500672673,22.360403000797874],[88.82344800552107,22.360788001465153],[88.82083200539279,22.359724000961933],[88.83194700624938,22.358058000576307],[88.84971500544322,22.363063001156604],[88.85333200586746,22.361112000218668],[88.86083300643816,22.35861400103539],[88.86472400600815,22.356672000512447],[88.8697190061273,22.3580710011758],[88.87638800520233,22.353060001218125],[88.88401000595707,22.349092000795224],[88.89274600592347,22.34108300107971],[88.89515700559139,22.336481000198035],[88.89886500661481,22.332898001341732],[88.90103900614525,22.32908500087217],[88.90200800586484,22.325147000933384],[88.9065710058473,22.31678500112696],[88.9102790059714,22.313054000841532],[88.91083500553111,22.30861200104306],[88.91249900582454,22.305834000638697],[88.91611600534941,22.309446000832338],[88.9215930061124,22.30627400114429],[88.92666600623124,22.304170001244586],[88.93186900604985,22.30302999993461],[88.93621800605621,22.30056200123539],[88.93747800570543,22.29645300060554],[88.93721800630601,22.291915000876656],[88.93628600559475,22.286532000851196],[88.93248000634725,22.275785999923983],[88.92997800608015,22.26124000092534],[88.93165500607375,22.256231000160597],[88.93464700645427,22.25254300005946],[88.93968200572004,22.24812100028396],[88.949646006558,22.245145000641344],[88.95166800537419,22.24094200107254],[88.95391800661076,22.22766400119275],[88.95205800537269,22.224341000836546],[88.94170400633487,22.225011001156815],[88.9304420058939,22.227251001032926],[88.92607100577237,22.228903999919737],[88.92144000625137,22.232074000414855],[88.91668800564702,22.23209900066837],[88.91587900521199,22.222932001510685],[88.91352900565914,22.21989000062308],[88.90853800572444,22.220813000919293],[88.90370100569692,22.223055000887655],[88.89417200603333,22.229132000541426],[88.88896200589193,22.233610000201395],[88.88668100592372,22.237154000856492],[88.88729800559855,22.241861000284985],[88.89451600660846,22.25053300089735],[88.8948670057078,22.254553001020213],[88.89071700588516,22.257951001237757],[88.88905300559179,22.263430000294306],[88.88454500634703,22.267059001271946],[88.8803170065247,22.26941100091699],[88.87877700565434,22.27308000104125],[88.87415200551072,22.274735000919634],[88.8646390056856,22.27111300026479],[88.86355700615098,22.27551000068604],[88.85883400508533,22.278379000790324],[88.85601700558038,22.281499000778297],[88.85247800605521,22.284011000607222],[88.8508230052775,22.287653000385717],[88.84610800637944,22.29028100016808],[88.84557400603563,22.28934600111711],[88.85015100576436,22.286926001034146],[88.8514860061743,22.28358900003235],[88.8552930054679,22.280900001034297],[88.85869500586989,22.277310000955822],[88.86275400599266,22.275077001402565],[88.86447100603215,22.27042500091312],[88.86909500523035,22.271218000610304],[88.87354400535162,22.273702000946628],[88.87785400535813,22.272253001574825],[88.88005100594921,22.26786300057705],[88.88405500623361,22.265981000123134],[88.8878640056194,22.26326800091755],[88.88929700605206,22.257821000638728],[88.8933340060596,22.253890000123477],[88.89112100562994,22.24859500055885],[88.88742800619758,22.244151000668182],[88.8852310056065,22.239493000801417],[88.88701600518453,22.233979000130773],[88.89111400620646,22.22986100088451],[88.90101700603009,22.222508000843618],[88.90666900586996,22.219691000439354],[88.91155300626627,22.21814200095264],[88.9139160055193,22.21503300057259],[88.91336000595959,22.21088300074996],[88.91140700582872,22.206559000997174],[88.90661600612384,22.201563000831868],[88.90445800643192,22.197709001169528],[88.90625900584848,22.192465000359505],[88.91948000669703,22.17828200011428],[88.92136500549066,22.17332700094039],[88.92022700607151,22.167859000592443],[88.91726000594457,22.16532000041775],[88.9130160053844,22.166841000411864],[88.90866800632347,22.170050000906883],[88.90569300582763,22.174031001029903],[88.90207600540339,22.176814000765546],[88.89595000528857,22.17773900115401],[88.89055500650841,22.17517300063355],[88.88755800589729,22.1711440009949],[88.88575800652683,22.167540001170153],[88.88169900640406,22.1690970001265],[88.87227000595607,22.171369001478297],[88.86641000551742,22.189361001109376],[88.86665400597764,22.195505001154913],[88.87314500583739,22.197452000109763],[88.87801300549586,22.197718000685256],[88.88295700596109,22.199656001023698],[88.88565100608912,22.20365300098524],[88.88561200518996,22.20878100094251],[88.88308700566085,22.212501000720636],[88.87844200549421,22.213793000946282],[88.86268600555479,22.2109580006113],[88.85012800560304,22.2113890007019],[88.84300300528452,22.212553000420655],[88.84088200639951,22.21696600068043],[88.8431470065292,22.220842001357312],[88.85350100556701,22.23175900027769],[88.85670600587753,22.23689000037325],[88.85809400603358,22.241731000585276],[88.86317400557596,22.24597200010777],[88.87287800611517,22.25059400101236],[88.8754200055289,22.252794000842528],[88.86035200584047,22.245694000777576],[88.85703400661419,22.24253300069745],[88.85600400588021,22.23835100029845],[88.85061600652352,22.23048300078989],[88.84369600666543,22.223532001300896],[88.84062200520145,22.219621000808615],[88.83943200608229,22.215527000870452],[88.8419500052886,22.21174000159982],[88.84678000589264,22.2102900012826],[88.85137900573659,22.20977900110006],[88.86038900664738,22.209424000916954],[88.86589100586531,22.209932000961146],[88.87612800670223,22.211963000192327],[88.88282700536206,22.211302000287162],[88.88443800590932,22.206899000488534],[88.88360600531297,22.201960001153168],[88.87961500652739,22.19975100090801],[88.87490000583068,22.199079000495544],[88.86441100596323,22.199220000702496],[88.86180200525837,22.203332001470756],[88.85743000599007,22.206240000675564],[88.85177600605789,22.204581000612734],[88.84974700601958,22.19959200077028],[88.84925100562947,22.19323300070249],[88.84660400587023,22.190302000437043],[88.84284200595386,22.190863000227353],[88.84015700624093,22.194003001137617],[88.83863000597006,22.19785300061551],[88.83679300579263,22.207060000718513],[88.83290000523112,22.20962400024746],[88.82624000567176,22.207694001177288],[88.82469300537798,22.20294000048068],[88.82546300671243,22.198400000659547],[88.82054900673131,22.19621900080631],[88.81809200584144,22.19880100116535],[88.81798500630305,22.203352000594407],[88.81314900632162,22.207787000070027],[88.80671700558537,22.208952000734314],[88.80531300559079,22.214212000483485],[88.80615900593341,22.218522000489997],[88.80507600545337,22.222005001030027],[88.80076600544686,22.225389000601922],[88.80414600663295,22.226912000688344],[88.81215800558755,22.22777100073114],[88.81662000630831,22.22968300076991],[88.82009800571842,22.23291500142625],[88.82370800671919,22.237182000349094],[88.82749800522879,22.240279001075066],[88.82818700552593,22.247330001578348],[88.82929200522193,22.25193900098418],[88.82933800554457,22.256862000480965],[88.82860600596246,22.261564000578232],[88.82730000599054,22.265452000909193],[88.82277600600793,22.266391001043928],[88.8167040065847,22.272857001549426],[88.81668900589295,22.27726200054093],[88.81590200647247,22.281481000847577],[88.81259100666966,22.284590001227627],[88.80763400560494,22.283133000587554],[88.81260000618539,22.283390999894777],[88.81500200633758,22.279861000784592],[88.81541400555199,22.269903000223337],[88.8150180061761,22.26537200081725],[88.81932100585976,22.263588001285257],[88.82464500586241,22.265322001209427],[88.82684400564642,22.261359000117807],[88.82766700672704,22.256041000391917],[88.826363005948,22.250478000159603],[88.82504400537658,22.24051100008262],[88.82045800613213,22.236669000973677],[88.8177260060504,22.23235200064437],[88.81371200530486,22.229692000285638],[88.80101000590713,22.22800300153733],[88.79928500639801,22.22478300053507],[88.80388000605751,22.221430000594125],[88.8044130054559,22.216539000774333],[88.8041010063564,22.212184000491277],[88.80584000561186,22.208052000599423],[88.81529100527575,22.205082000334073],[88.81639900600936,22.200164000168513],[88.818229005864,22.195590000578136],[88.82328000586762,22.195508000393943],[88.82776700594263,22.194441000651693],[88.83222300548738,22.18482999990465],[88.83750200611274,22.176944000465312],[88.8378230065266,22.171850001176665],[88.83555500625857,22.167540001170153],[88.83109300643713,22.16802100086852],[88.81475800587731,22.181402001001572],[88.8106240058932,22.18309300074145],[88.80562600653502,22.18245000076695],[88.80114000560684,22.17966300084686],[88.7976010060816,22.175840999962247],[88.79545600608986,22.1718110002775],[88.79302200626063,22.172333000967285],[88.79028200580996,22.176753000650535],[88.78645400644729,22.179656000524062],[88.77598016105566,22.18194074257127],[88.77191300588055,22.184153000160904],[88.769447005475,22.191389001101584],[88.75983220149499,22.193838444988273],[88.7560820060798,22.19613000029932],[88.74724600599842,22.198630000474168],[88.74804800611065,22.202181001452118],[88.7474760058131,22.21170300079291],[88.75163886684027,22.220721755704517],[88.75258600583953,22.23091400088049],[88.75927700592916,22.238513000574585],[88.7632444802486,22.241418268538325],[88.77051600620877,22.244787000319832],[88.77223900562569,22.24945200050945],[88.78079200614621,22.25415700074501],[88.78881900579256,22.259576000631967],[88.78317200618318,22.25722200089467],[88.77362000635827,22.25206900158321],[88.77060000558583,22.24894000028081],[88.76889700529262,22.243511000832086],[88.76139000624386,22.242651000743138],[88.75522700622145,22.236201000975484],[88.74662800627755,22.231741000346915],[88.74333200536779,22.227502000916672],[88.74717700641378,22.22270900022022],[88.74867200520896,22.21869100108887],[88.7453240054985,22.209590000478215],[88.74588700628038,22.205290000932848],[88.74527600688225,22.200834001388102],[88.74305600523053,22.211945000261608],[88.74055400586275,22.214721000573775],[88.73916600570664,22.210001000545788],[88.74138600555978,22.205280001371023],[88.74278300613088,22.200000000699504],[88.73486300602298,22.196251000483358],[88.72947700585917,22.196221000898504],[88.72341900528295,22.197951001537547],[88.71369900580453,22.202386000113847],[88.70498600599944,22.208031001429617],[88.70110200675225,22.209697000016604],[88.69615200601032,22.21055000068202],[88.69114700632935,22.20976100027002],[88.68057200609326,22.209529000363148],[88.67111100596821,22.215833000592568],[88.66684700538502,22.217189001071574],[88.65989800598823,22.21749200065534],[88.65087900646103,22.21139500097854],[88.63949500578997,22.213098001271817],[88.63504100633742,22.216400000659576],[88.6358410063574,22.222251000683173],[88.63829800544863,22.225948001199356],[88.64333300561378,22.22944400054024],[88.64971200660386,22.232500001174174],[88.6547170062849,22.236110000376243],[88.65905000645267,22.241263000587082],[88.66054500524785,22.245229000917732],[88.66083400598467,22.249838001222827],[88.66735000519861,22.266240000375774],[88.67138700610553,22.273331000924998],[88.68181600590401,22.28601900057646],[88.68492000605352,22.294276000037428],[88.68445500619362,22.299712000708325],[88.68083200639205,22.310132000991075],[88.68135800546764,22.31294900049602],[88.6802210060946,22.31724800089455],[88.67972600575064,22.323889001376358],[88.68517300513014,22.32599000023839],[88.68972000617339,22.325555000862664],[88.68638600530994,22.327777000808],[88.68139000604401,22.329170001194655],[88.67749700548245,22.328060000368794],[88.67333300681287,22.325555000862664],[88.67028100546406,22.32694500111097],[88.66750300595902,22.337222000195197],[88.6659780057804,22.338769000489037],[88.66806800593378,22.329749000016363],[88.6697160054893,22.325281000817597],[88.6745370056783,22.320409000075358],[88.67699300652208,22.31139900096315],[88.67817000594107,22.30257000120463],[88.67778000594257,22.29166700113126],[88.67543700581325,22.287391000894047],[88.6638720057885,22.27173100088504],[88.66133800584436,22.267328000187092],[88.65812000583367,22.260559000997148],[88.65812000583367,22.253858001345748],[88.65380800573496,22.246419000936214],[88.64162400594319,22.23360300077792],[88.63433900544078,22.228523000336224],[88.63191900625719,22.224612000743264],[88.63111200591442,22.22025000013747],[88.63140800607465,22.216072000822237],[88.63403400576482,22.21167600044714],[88.63832100650933,22.208688001150392],[88.64200600557274,22.207350000602105],[88.6508860058845,22.207250001386512],[88.65518200614474,22.20807900094519],[88.66005700522669,22.208262001290393],[88.6664110059632,22.20798100092253],[88.6714850061282,22.20574100104642],[88.67231000640174,22.20063100101993],[88.6706160056242,22.195722000370097],[88.6658480060807,22.18724100137115],[88.66278800616163,22.183638000693236],[88.65267300645417,22.17477000093487],[88.64305900556872,22.163611000747153],[88.63948100604364,22.157471000886005],[88.63861100639286,22.15361000090087],[88.63999900654898,22.149442001147463],[88.63931300549086,22.14221900080628],[88.63268900669237,22.136601000735652],[88.63138600595948,22.14111100007267],[88.63028000621739,22.140831000650223],[88.63140200579801,22.135833001292042],[88.62593900657993,22.128852001318876],[88.62278700601559,22.121579000470547],[88.62000400627994,22.111870000600106],[88.61628000631731,22.108290000982834],[88.61075500603874,22.107501000570778],[88.6104660062013,22.116590000628094],[88.60281400586172,22.127366000240784],[88.60056300637768,22.131389001401317],[88.60193700588815,22.126940000380785],[88.59860900620072,22.131111001171803],[88.59999700545751,22.138803000658015],[88.60137900623619,22.13806000146792],[88.60307200516894,22.140391001043895],[88.60555200532087,22.154540000620557],[88.60462900592393,22.159775000116213],[88.60087500547718,22.16277200072733],[88.58585300611139,22.167050000157417],[88.58229800584837,22.171128000257056],[88.58261200593938,22.176158001090926],[88.58213100624101,22.181222000794776],[88.57872900583902,22.184620000112943],[88.5740650056955,22.188062000560933],[88.57504300583014,22.192490000613077],[88.57710400644481,22.19615300046064],[88.57641500614767,22.19738100043287],[88.57283700572327,22.1883310003754],[88.57611900598738,22.18473900110405],[88.5803990064091,22.1818190013459],[88.58130600596746,22.17683000150339],[88.58086400626894,22.172092000645364],[88.58348100644338,22.16723000126359],[88.58909600547634,22.16396000065356],[88.59958700543604,22.16170800112343],[88.6036530058816,22.157074001464025],[88.60167000616593,22.144906000611513],[88.5996620061967,22.140532001250904],[88.5980830062258,22.13503100028049],[88.59771800648087,22.130172000137748],[88.60003600545735,22.12667100056626],[88.60392700592666,22.1238240005772],[88.60869700556242,22.116980000626597],[88.60887900586147,22.111680999978205],[88.6072150055681,22.107221001148332],[88.61055700590117,22.10611100032247],[88.61608100613358,22.106147000183967],[88.62018600567967,22.104000000999292],[88.62070600537788,22.098854001111306],[88.62346600585153,22.08788200055392],[88.62693000551542,22.06794000093032],[88.62697600583806,22.056430000744],[88.62824300581013,22.052510000735992],[88.63173000563529,22.049055000587884],[88.63610100665619,22.046361001359173],[88.6350410054381,22.042158000891106],[88.62329000582918,22.029372001216927],[88.61855400686198,22.021760000923337],[88.61489200526188,22.021409000924677],[88.60394300576519,22.023291000479333],[88.60089100621502,22.026359000767343],[88.601967005473,22.031150001371543],[88.60249300634723,22.039731000485347],[88.60536900677431,22.04416200157516],[88.60626300573318,22.048155000452937],[88.60193700588815,22.055940000630585],[88.5983660057866,22.059739001353876],[88.59673400517028,22.063297000855982],[88.59829700620196,22.067680000631583],[88.60140100545209,22.071110001425495],[88.6006770053396,22.071983001214562],[88.59754300650462,22.068482000743813],[88.59596300648764,22.0635000012241],[88.59764800595076,22.058830000803937],[88.60322500592935,22.051480000901392],[88.60443900615525,22.045771000231525],[88.60144000545193,22.041219000756314],[88.60027300559477,22.035699000708348],[88.60049400589372,22.031369001578184],[88.59948700622044,22.026944999911848],[88.60051700605504,22.02284000036576],[88.60415700574129,22.021110000626095],[88.61165500617363,22.020839000719377],[88.61412100567992,22.017181001102358],[88.61335100614406,22.012121000683692],[88.60668200527039,22.00117000019543],[88.60209000574923,21.99035100039839],[88.60138800665123,21.98556000069351],[88.59979900531988,21.981868001307248],[88.5983360062018,21.96888800078068],[88.59916800589883,21.96363100027048],[88.60250000577071,21.958056000384147],[88.60415700574129,21.953890000722993],[88.60993900618024,21.94408900110659],[88.61377000658058,21.939159000387633],[88.6138910058653,21.93392000070753],[88.61061100659276,21.93172900039309],[88.60593500589584,21.93394900024623],[88.60250000577071,21.934170000545123],[88.6094740063204,21.928558999897973],[88.60916900574506,21.91749900067839],[88.60666600633118,21.913330000878886],[88.60250000577071,21.907780001246124],[88.59860300592402,21.904170001144678],[88.58304500612218,21.892501000820573],[88.57888800597675,21.889998001406695],[88.57722400568338,21.891667000131974],[88.57277800570046,21.904444001189745],[88.58027600523349,21.91444500103603],[88.58083400578482,21.924443000743963],[88.58528100671316,21.92638900055198],[88.58472500625408,21.92777700070809],[88.5808250062691,21.926111000322464],[88.57888800597675,21.920281001267256],[88.57943700521366,21.915830001053735],[88.57472200541628,21.910278001328777],[88.57055600575512,21.908890001172665],[88.56694800574593,21.912781000742655],[88.55166600518203,21.920281000367936],[88.55055200597036,21.92638900055198],[88.55139300518312,21.933332001470717],[88.55000200578797,21.939431001239768],[88.54611200626414,21.9469520000348],[88.54305300549186,21.95527700083295],[88.54332700643624,21.96861000145043],[88.54666800672317,21.97250100102042],[88.5558320057425,21.972779001249933],[88.55999900634913,21.96861000055111],[88.563331006221,21.960832000696314],[88.5661090057261,21.95861000075098],[88.5605090055862,21.969989001191493],[88.55634300592504,21.97392100085358],[88.55090300596902,21.974080000991307],[88.54579300594253,21.973310000556125],[88.54223700653267,21.969531000755126],[88.54110700658316,21.964941000426904],[88.54103800519982,21.95893800058832],[88.54176300535846,21.953345000771208],[88.54333600685129,21.948606000766347],[88.54784400519674,21.940905000865143],[88.54913400533013,21.937010001110707],[88.54857600567817,21.924140000260877],[88.5500020066873,21.919661000554754],[88.55391800561154,21.91664200072779],[88.5676110057434,21.90928000027185],[88.5705870062854,21.904421001028425],[88.56703900544579,21.900699000258726],[88.56239400617852,21.89888000091139],[88.5577310060811,21.900321000813562],[88.55394700515023,21.902709000320158],[88.54504300642964,21.906041001091353],[88.54055800644687,21.903869000753843],[88.53949800522884,21.89935200019471],[88.54683700552346,21.891790001307584],[88.54778200593489,21.886081000637716],[88.54753900552072,21.880750001211652],[88.54452600597045,21.876971001410652],[88.5402840064018,21.873609001054604],[88.53861300668495,21.870270000859875],[88.53917000629082,21.86361100134667],[88.53611100641785,21.85667100056628],[88.53181500615767,21.855424000617177],[88.52833500575599,21.85333200127087],[88.52379700512773,21.854690000942867],[88.51995900620324,21.85823000051414],[88.49759600555126,21.875000001349008],[88.49520000657509,21.877801001015428],[88.49475800597725,21.883261000994423],[88.49648400643179,21.887011000357404],[88.4989770062839,21.890689000896714],[88.50472300596203,21.89722100084856],[88.50614300669446,21.900631000720182],[88.50924700594464,21.90544600063248],[88.51859400530918,21.91085000072701],[88.52221700601007,21.91472900154224],[88.52391800621109,21.919559001246967],[88.52527600588303,21.931529001062586],[88.52440500618616,21.93641100136665],[88.5228050061462,21.940766000750386],[88.51834100533318,21.945696000570024],[88.50637700669358,21.95267700144251],[88.50129000592909,21.954240000675554],[88.4961850061332,21.957194001102323],[88.49301900582253,21.96100000034977],[88.49359800644288,21.966350000652085],[88.49778700626541,21.973577001177716],[88.50138200567505,21.97707300141792],[88.51772300561225,21.98743200068634],[88.52312400646781,21.988268000567814],[88.52771700603506,21.98522100124825],[88.53167800613511,21.981581000662686],[88.53627100570242,21.979110000925857],[88.54091500582291,21.979801000415875],[88.54403800594929,21.983140000610604],[88.55013200638706,21.996730000489208],[88.55504600636817,22.033969000069362],[88.55533500530629,22.023791001053894],[88.5495920057665,22.00811000097582],[88.5485850051939,21.99657500053587],[88.54260200537828,21.98319900063342],[88.5397030056892,21.98030000094434],[88.5353610060057,21.980690000942843],[88.52702400645279,21.987739000454553],[88.5213400060365,21.98948000070152],[88.51714400679055,21.988569000958705],[88.50248000594758,21.980330001428456],[88.49722200539128,21.975562000985633],[88.49419300510317,21.97156900120848],[88.49157000645067,21.96689000037327],[88.49100500647592,21.961110000925828],[88.4938900055194,21.95661100119679],[88.4979170050658,21.953405999986956],[88.51486300592302,21.945931000615246],[88.52000400558046,21.94177100123079],[88.52214000605647,21.938350000851926],[88.52276700619245,21.92962100120826],[88.52170500578143,21.919965000184675],[88.51973800590429,21.914739001104067],[88.5161050065409,21.913339000394615],[88.5058370051737,21.914723000366223],[88.49466700537806,21.913330000878886],[88.48571000601203,21.910900000334777],[88.48107900559171,21.908409000574977],[88.47702900588399,21.903831000800096],[88.47387000589612,21.89551600046309],[88.46357700607405,21.89645100041338],[88.45964100622751,21.89751700100885],[88.45561200658886,21.899949000745835],[88.45616100672515,21.904521000244017],[88.45999900564965,21.912908001203334],[88.46216700670203,21.920808001288265],[88.4616470061045,21.92447000108973],[88.4591510061141,21.92838100068269],[88.45532200580595,21.932707001427048],[88.45375000615792,21.935449001070594],[88.45289500540025,21.939538000778157],[88.45488000610743,21.94405000110669],[88.45981700624992,21.948331000675182],[88.46406500609521,21.95030400082902],[88.46897200575353,21.953750000562138],[88.47048100609362,21.957780000246885],[88.4674610062205,21.962140000760485],[88.46276800563902,21.963633001262053],[88.45681100612308,21.964109000729877],[88.44953100585127,21.963886000338675],[88.44591400542708,21.966557000305386],[88.44866300629275,21.97617000114468],[88.44944700557488,21.982242000567908],[88.44786700645722,21.98743200068634],[88.44344400573635,21.98991100079212],[88.44945600509061,21.997416000647945],[88.45055500630855,22.006389000751824],[88.45830600581758,22.008964999934847],[88.46053300599351,22.011445000086724],[88.45089600584606,22.009500001224126],[88.44889100601517,22.00055500061285],[88.44656400572433,21.99591900086125],[88.44285600649954,21.992981001172325],[88.44227700587919,21.98943000019443],[88.44514400679054,21.987557001054824],[88.4480360052575,21.983931001114854],[88.44753200629714,21.977943001068695],[88.4447240054086,21.96767800073917],[88.44653400613953,21.963437001216676],[88.45096500633002,21.962140000760485],[88.46156300582811,21.962539001174036],[88.46703300626831,21.960809000534994],[88.46882600531598,21.95584000071551],[88.46518000535303,21.953055000887616],[88.45559600585102,21.9477500008619],[88.45230000584064,21.943959001406824],[88.45131600542936,21.938560001542896],[88.45365200613526,21.930025000953094],[88.45887100669165,21.921720000177913],[88.45730500552162,21.91732100056379],[88.45284300570023,21.914682001173446],[88.44735700632083,21.91244100035192],[88.44278000569278,21.911671000816057],[88.43866700577775,21.9088170005042],[88.43498100576886,21.90435000045221],[88.43141200575951,21.90299000068802],[88.42739800591329,21.906151000768148],[88.4212110056834,21.907254000371893],[88.41835000594807,21.9052910006792],[88.41632200595586,21.901531000855073],[88.4163900054944,21.8962890001373],[88.41496400628392,21.890819000596423],[88.41157400643533,21.88729300077142],[88.40705900596839,21.884811000527293],[88.40138900619775,21.886521000243988],[88.39968900604288,21.88972000117718],[88.39501900562266,21.89213900121399],[88.39039700651671,21.89376100136917],[88.38656500607021,21.89635000025237],[88.3848270059616,21.901081999934377],[88.38838200622467,21.906151000768148],[88.39346200576699,21.90898600110313],[88.4019470058497,21.91244100035192],[88.40599100528073,21.915301000940474],[88.40777500571198,21.92000100004617],[88.40602000661806,21.92490100118033],[88.39441700663963,21.93618100065271],[88.39504200578398,21.94088000061157],[88.39919200650593,21.949871000646226],[88.39659800649287,21.954680001181146],[88.38809300638718,21.957322000709837],[88.37786800610365,21.96220800029903],[88.37444300554034,21.96445100031349],[88.3772210059447,21.96889100091903],[88.3822940060636,21.96965400013204],[88.39175500528933,21.970008000269047],[88.38958800608168,21.971370001024752],[88.38347700665861,21.971282000563917],[88.3772210059447,21.970279000175765],[88.37332100595972,21.963952000684344],[88.37819700598709,21.960469000144315],[88.38620100547206,21.956230000714015],[88.39476100631543,21.953668000377945],[88.39833000632478,21.95166500063931],[88.39554500649689,21.946952000934118],[88.39277600650757,21.937459001132027],[88.39497300619934,21.932219000506507],[88.40335800616708,21.925291000279515],[88.40597500634152,21.921722001169485],[88.40561000569727,21.91763100047035],[88.40069600571616,21.914697000066553],[88.39604900635663,21.91289200046549],[88.38664300606996,21.90715100101795],[88.38330900610583,21.903040000295846],[88.3831330051841,21.897928001076423],[88.38583400563493,21.89392500083818],[88.39262300574717,21.889153000210854],[88.39666700517819,21.88250000007497],[88.39440100590178,21.87535000130157],[88.39276000576973,21.850399000913228],[88.39037400635539,21.847160000833412],[88.38748900551326,21.82660000148894],[88.39160200542824,21.814969000219207],[88.39257800636994,21.810010000860927],[88.39244100544812,21.805071000626242],[88.38980200605778,21.79797400159896],[88.38723800562951,21.795025000503415],[88.38363000562032,21.79227100120579],[88.37892100609963,21.792853001065225],[88.37429000567926,21.79554900128545],[88.36767600554327,21.796682000473993],[88.36361700631983,21.798571001250764],[88.36361700542051,21.80764900080078],[88.36100700556892,21.81277000133457],[88.35645400604761,21.818930001218632],[88.3548810054541,21.822800000719496],[88.35609300558781,21.841510001085737],[88.35562200545127,21.84621200118295],[88.35573600621177,21.85663900088923],[88.36286900599987,21.867048000664738],[88.3661650060103,21.874350001051766],[88.37025400571787,21.894520000397733],[88.37033100657078,21.899389001001623],[88.36892000535403,21.90437100052128],[88.36522600677483,21.912139999961084],[88.35951200587442,21.92122900091772],[88.35544600632818,21.924970000764972],[88.35069200563163,21.927390000847936],[88.35749100530569,21.921931000915038],[88.36342500645895,21.91284000076547],[88.36744600572865,21.904979000680385],[88.36857600567816,21.90137100067119],[88.36897300599946,21.89530900080979],[88.36603500631054,21.880153000660528],[88.36376300585812,21.87252900071286],[88.36181000572725,21.868142000752755],[88.35357700647376,21.8571540003569],[88.34452900650848,21.85722000160183],[88.34115600654451,21.85949200025567],[88.33647900580155,21.86166900082378],[88.33027500658636,21.862182000199198],[88.32393700568832,21.861749000915722],[88.31914400589119,21.860486001128095],[88.31504200648345,21.85885400051177],[88.31080700543902,21.855540000570613],[88.3023990053099,21.86054500115091],[88.30377100562748,21.86415100016859],[88.30699200577652,21.867788000615803],[88.30999800680263,21.876488000720713],[88.30842500620912,21.875551000678172],[88.30663400635439,21.869616000378187],[88.30495400532317,21.866615001381263],[88.30117800566052,21.862849000381118],[88.296868005654,21.861311000502326],[88.27945800678162,21.85736100090952],[88.26835600562521,21.8575800002169],[88.2634190063821,21.85853700118173],[88.25892700607653,21.860331001174814],[88.25712700580675,21.864219000606454],[88.25615800608716,21.86864100128122],[88.25760700635834,21.87338600066346],[88.26563200591238,21.881702001046563],[88.26979200619621,21.884350999998674],[88.26683100634591,21.88373100018555],[88.25884300580014,21.87619800083712],[88.2552800060675,21.871941001476102],[88.25524900643654,21.86660100073567],[88.25611900608732,21.862286001397877],[88.25890400591521,21.858806000996196],[88.26400700651817,21.856942001372317],[88.27867100646182,21.855574000339914],[88.29190200597287,21.85883100035045],[88.29740800537519,21.859629000278176],[88.30303300576867,21.857521001093403],[88.30594600610334,21.854731001034907],[88.31031000590212,21.853049000810813],[88.31297200635305,21.849216001217542],[88.31353100605116,21.84470100075066],[88.30719700533757,21.832190001167646],[88.30330000549094,21.82876000127311],[88.29896500613017,21.826778000704223],[88.28848300658552,21.8250820007338],[88.27882400542359,21.82251100088206],[88.26962300559728,21.81807400041481],[88.26505300619135,21.814969001118584],[88.26107900639107,21.811371001570535],[88.25926200623667,21.808239001029108],[88.25823200640201,21.804162000975623],[88.25916200612176,21.79828200051395],[88.26476400635386,21.78580100051579],[88.27223900662489,21.775132001340864],[88.27970800661927,21.76778000044669],[88.28222000554888,21.76306000041876],[88.27961700602009,21.762296000260278],[88.27482600541589,21.76424900039109],[88.27011100651782,21.767139000564498],[88.26492300559227,21.77464500046642],[88.25833900594046,21.78088000021188],[88.25536200625163,21.784461000774627],[88.25286000598453,21.79982900080779],[88.25195300642616,21.800832001195943],[88.25434100593276,21.783292000825213],[88.26270400578528,21.77516000083341],[88.2687160051396,21.766884000496304],[88.27316300516861,21.763570001454468],[88.27755000602804,21.761683000769892],[88.28253200644701,21.758037000807008],[88.28165500647344,21.753469001493272],[88.27523900557571,21.743190000518155],[88.27359100602018,21.739482000394048],[88.2728280059078,21.734029999884626],[88.27115700619095,21.730550000382266],[88.26692200604577,21.730021000269005],[88.26313000564528,21.73181700035434],[88.27124100646733,21.74401100060726],[88.27424500560261,21.753661001354203],[88.26982800605771,21.756899001387865],[88.25229700610203,21.757980000876387],[88.2372890055832,21.760382001028574],[88.2330250067987,21.76216900069886],[88.22795800605718,21.76333100032548],[88.2218710059422,21.763342000832722],[88.21722300563727,21.764445000436467],[88.21806400664866,21.773332001071026],[88.2166670060775,21.780559000697394],[88.21498800599176,21.78483700012748],[88.21251700535555,21.78901000101081],[88.20916700645222,21.801944000315416],[88.20442200617072,21.80978000104625],[88.20177500641148,21.817002000442017],[88.19777800555056,21.824719000181744],[88.19222400573335,21.83305700068007],[88.17908400592222,21.847561000439896],[88.16971500554314,21.866391000943963],[88.16639000509474,21.87610900122945],[88.1638870056808,21.881112000818234],[88.16404700676401,21.88516000133302],[88.16536600553678,21.89074800091953],[88.16925000658262,21.898990000588128],[88.17030300657854,21.903480000801437],[88.17582700591163,21.91889100101895],[88.17720900579104,21.926111000322464],[88.17582700591163,21.931110000626063],[88.17394300536546,21.934129000453083],[88.16571700643476,21.940862000680852],[88.15923300599849,21.94754900058598],[88.15366300544338,21.95917300063354],[88.16221000658658,21.96946100112433],[88.17123500549116,21.974251000783113],[88.17864200622364,21.98199100068416],[88.19024800634048,21.99769900110806],[88.19557200634307,22.00389100156849],[88.1997220061657,22.010834000688646],[88.20444400628594,22.017222001194455],[88.20861100599319,22.024167000406806],[88.21388900567314,22.035551000178543],[88.21721700625989,22.054721001073403],[88.22222200594086,22.06750200051698],[88.22361000519766,22.07444000120512],[88.22389200561162,22.089990000638068],[88.22222200594086,22.09972200066983],[88.22083400578481,22.104444999936845],[88.21637800624006,22.114999001003127],[88.21637800534074,22.120000001398978],[88.21166900582,22.128610000950857],[88.20999900614925,22.150554001166256],[88.20722300583714,22.158333001067206],[88.20417100538765,22.16444300044418],[88.19638800620157,22.1763900009978],[88.18666900586999,22.187501000770624],[88.1777810060886,22.193060000818434],[88.16526800641344,22.19778000084642],[88.16055300571668,22.1986090004051],[88.15249600648559,22.198890000772963],[88.14778000574273,22.19971900123096],[88.14360700575878,22.20138100053282],[88.13556000608946,22.20166600108513],[88.12944700657414,22.203056000434117],[88.12194900614179,22.20694000147995],[88.11333400546005,22.20916600071041],[88.0858310060961,22.208891000619246],[88.07083200599232,22.21111000042623],[88.07472300646162,22.221109001079583],[88.08305300659106,22.23194400071509],[88.08471700598511,22.23500000134902],[88.0869430061149,22.243055000487914],[88.08833400550998,22.25139000084789],[88.08777500581192,22.254444000490253],[88.08860700640827,22.262781000942482],[88.09221700650971,22.271111000172596],[88.1013860057596,22.285554000716616],[88.10472100576987,22.295562000885695],[88.10498700544599,22.301389000701874],[88.09519200610623,22.302340000490688],[88.08695300567672,22.298611000297456],[88.07861300598552,22.284170000745007],[88.07639300523306,22.273331000924998],[88.07555500525933,22.25611200096813],[88.0747230055623,22.251943001168627],[88.07332600589052,22.24917000099481],[88.06276000606948,22.234449001120538],[88.05139100609011,22.22305100070315],[88.04693600569215,22.220001000345917],[88.04250300540946,22.221109001079583],[88.0274970058822,22.222221000199056],[88.02111100546858,22.226670001219645],[88.00972000627331,22.230832000696353],[87.9935670060126,22.239089000157264],[87.9866480062006,22.244320000367793],[87.9784320059324,22.253491000609245],[87.97416700620244,22.2605560008588],[87.97043600591701,22.265222000195195],[87.96501200579951,22.273741000946472],[87.96199900624919,22.277272001002075],[87.95984700593465,22.281080001241094],[87.95861000554737,22.285713000854344],[87.96000000579568,22.2955210007936],[87.96055600535544,22.30456000124309],[87.95722200539132,22.31720700080251],[87.9577320055277,22.322581001312187],[87.95722200539132,22.330660000658554],[87.95832000566378,22.34565000124661],[87.95731300688982,22.358119001590694],[87.95495600611486,22.371762001215416],[87.95115700629088,22.38027900097518],[87.94998100601867,22.384660000658528],[87.94893700553843,22.389371001170844],[87.94861600602394,22.395281000317937],[87.946389005848,22.40555500016319],[87.94000300633371,22.409445000586345],[87.92722400608307,22.420830001303557],[87.92639200548672,22.430290001382502],[87.92500400533066,22.43333100042537],[87.91583300508915,22.434999000903247],[87.90776900643453,22.435273000948314],[87.89392800577292,22.43478000069655],[87.8840555586172,22.44038240742219],[87.88528600564473,22.433960000653542],[87.88836700563286,22.43000100064569],[87.89554600574365,22.423059000672367],[87.90000200618772,22.42139000014845],[87.91027900527195,22.4219440014146],[87.91471800583139,22.41889000087292],[87.92833600610186,22.40472100037391],[87.93083200519294,22.400279000575495],[87.9344490065165,22.38639000129757],[87.93666900636958,22.38249900082826],[87.93945400619748,22.372498000082714],[87.94194700604953,22.367222000494962],[87.94277900574656,22.363920001107203],[87.93888900622272,22.36139000134756],[87.94222300618685,22.356950000742017],[87.94194700604953,22.353889000776803],[87.93860600576261,22.356389000951708],[87.93945400619748,22.35361100054729],[87.9438870055809,22.352223001290554],[87.94555700525166,22.34888000001206],[87.94444300514061,22.347501000270995],[87.94666300589307,22.340280000022005],[87.946389005848,22.331109001579193],[87.9449990055997,22.326111001321692],[87.93944500668175,22.32055500051291],[87.9355540062125,22.318057000430258],[87.93805700562638,22.323611001146844],[87.93972000677297,22.329719000431567],[87.93472200651547,22.331112000818223],[87.93277800590033,22.334444000690155],[87.93611300591056,22.32305500158708],[87.93333400635936,22.31444400108984],[87.93389000591907,22.308332000721293],[87.93554700588965,22.299721001123373],[87.93583700667256,22.293057001379566],[87.93528100621353,22.28194400061517],[87.93833200571754,22.26361000050116],[87.94000300633371,22.260278000629285],[87.95137100626698,22.251387000709542],[87.95784900552724,22.245001001195305],[87.96624000577168,22.241111000772094],[87.97000100654128,22.23838000073647],[87.97245800653184,22.23452900031316],[87.97480800518537,22.224856000304214],[87.9774170067895,22.220188000875567],[87.98023900562566,22.216979001279924],[87.98792200559615,22.21111000042623],[87.9917760061578,22.209050000756974],[88.00083100644582,22.20611200106805],[88.00916300576819,22.201670000370257],[88.01470900611582,22.20028000102127],[88.02278100603866,22.199444001139796],[88.0253980062131,22.200558001250783],[88.030555005709,22.208610000251383],[88.0369420052694,22.208061001014414],[88.0483330062633,22.205280000471703],[88.06445300680087,22.190560000643586],[88.06944200574401,22.18833300136697],[88.07416400586425,22.187221000448858],[88.0780480060107,22.18667100116585],[88.08555500595884,22.186952000634392],[88.08889000596906,22.185833000292803],[88.09443700546348,22.190281000367918],[88.10277700605405,22.191667001331098],[88.10833100587126,22.19083300154182],[88.11472400570835,22.18889100101893],[88.13445200625512,22.18527899992597],[88.13916800609866,22.180271001005963],[88.14221900560267,22.176112000768285],[88.14583600602691,22.1688890004271],[88.15777700540451,22.15361000090087],[88.16750400610505,22.143612001192935],[88.17414800582588,22.134171001090863],[88.19333600575214,22.112221000598765],[88.19220800589483,22.107501000570778],[88.18805700602604,22.098054000192008],[88.18334200622866,22.091670000769966],[88.17389000651866,22.080555000812694],[88.16278200598487,22.070000001498897],[88.15249600558627,22.0624990009282],[88.14943700661263,22.06056000054366],[88.13500100549209,22.054171000891017],[88.1250000056458,22.048888000980526],[88.11333400635937,22.041944000015633],[88.10111300576068,22.032780000996297],[88.08444300594005,22.022220000552636],[88.07333500630557,22.018054000891482],[88.0688790058615,22.01500000124912],[88.06500200513847,22.01416600145984],[88.06055300591657,22.015278000579315],[88.04389300655708,22.02944300089382],[88.03778000614244,22.035280000271825],[88.03221900600238,22.04166600068544],[88.02889200546173,22.045834001338164],[88.02722100574488,22.049720000677553],[88.02861100599318,22.053611001146862],[88.03167000586615,22.055833001092196],[88.03277500556209,22.06194600060752],[88.02944100559802,22.066668000727702],[88.01693800548463,22.077779000500527],[88.00776600609635,22.084181000752608],[87.99999900584947,22.08860900080481],[87.99610900542632,22.09250000037474],[87.99472100616958,22.096666000935272],[87.98448300618583,22.10472000092733],[87.97615000681742,22.104761001019426],[87.97110600533796,22.10416700060665],[87.96182300622684,22.101520999994193],[87.96346200626664,22.09477200082722],[87.96983200594235,22.09432100071365],[87.97540900592094,22.095832001145993],[87.97992700562685,22.098270000260356],[87.98271900577754,22.097361000609737],[87.98444400618598,22.094166000760367],[87.99062300604697,22.08692300039621],[88.00195200598034,22.077498001031984],[88.00611200626412,22.074720001526885],[88.01196200624167,22.06806100111436],[88.0136100057972,22.064444000690116],[88.01500000604551,22.055831000999945],[88.01693800638395,22.048891000219555],[88.0172200058986,22.04166600068544],[88.02556000648917,22.03194500116092],[88.03639200598633,22.02305900057246],[88.0519410062725,22.01500000124912],[88.05277900624623,22.009450000717038],[88.04528100671314,21.998608001658],[88.04164800555105,21.99111000032633],[88.03749800572842,21.984170000445204],[88.03111400540706,21.968367001036313],[88.0222160060639,21.951111000272476],[88.01667100576236,21.938334001013402],[88.01537400620549,21.934031000430366],[88.01167300640418,21.9255600009933],[88.01082700606156,21.920281000367936],[88.00638500626309,21.91028100056775],[88.0037690061348,21.906825001272864],[88.00042100642435,21.899231000909992],[87.99568200641954,21.891790000408264],[87.9891660054069,21.879444000340413],[87.9828580058923,21.86604000094536],[87.98027800562551,21.85805400049179],[87.9751982471015,21.85013134198789],[87.97553808471491,21.845829342350328],[87.9262561691869,21.794847473432185],[87.89268154092042,21.770266272470565],[87.86445653883828,21.741610562577478],[87.82779984938361,21.710395438798514],[87.77402758110804,21.684405945378103],[87.7537933270005,21.678547149131703],[87.65511860324102,21.631832244962197],[87.59514852128729,21.621666075628923],[87.55809308143063,21.61401917444539],[87.49896735046292,21.60408893505638],[87.43763428749241,21.580637163874087],[87.42745149598983,21.571840908431227],[87.40277846075742,21.54791521341639],[87.39335341552777,21.566038705621793],[87.34587756529749,21.580247519107786],[87.37311216379538,21.562718750370095],[87.39088827847132,21.545292561902272],[87.39656435316243,21.532169012489987],[87.35468977561271,21.54052530609806],[87.28153425650078,21.53865989363925],[87.22306263033619,21.535239342022066],[87.12859254920681,21.494817540097472],[87.07356491548853,21.46234487451642],[87.05264785651343,21.42870950334094],[86.98192904239147,21.38487010677005],[86.93941467544698,21.33831912292925],[86.90927067390254,21.285432598735497],[86.88399960929462,21.245626973606022],[86.85369581800768,21.19629326162476],[86.84495257939807,21.13537188130732],[86.85962336472653,21.087855015696448],[86.87304538293813,21.050771354214703],[86.88115930655681,21.034636946537887],[86.89458409647892,21.01456456320409],[86.93571794742542,20.930812242491072],[86.95370663125607,20.89740401128614],[86.97533552791236,20.864536183598034],[86.97532641148479,20.8002363120562],[86.9496436687204,20.788726276796297],[86.88336257452323,20.79513589250746],[86.8663414694833,20.791649054560253],[86.81863997305635,20.75299038250023],[86.7945571709767,20.74987033125086],[86.79815157323657,20.737597932598533],[86.82563167496187,20.74162132046763],[86.84582509625125,20.766948568421753],[86.89147983732471,20.76603701109923],[86.94164976232673,20.76626741201153],[86.99933034571893,20.762962094125385],[87.00810254969298,20.71437862897062],[86.97190119148684,20.712611806489747],[86.92848788560747,20.714121805976617],[86.90956479987568,20.70636832254013],[86.97336969535519,20.701462928171622],[86.97951704987202,20.697117545238598],[87.01472299347142,20.694395946715645],[87.03081003475535,20.69591772642201],[86.97328433800186,20.65689755208041],[86.91880214670175,20.620894114871533],[86.88093359830697,20.59269571203754],[86.80832142529363,20.54479584225436],[86.78438629369253,20.525762784724805],[86.76137625600944,20.511416799445783],[86.75865515211365,20.500591158155487],[86.74211846509513,20.475151095646595],[86.73059310718622,20.47308838721932],[86.73361919457022,20.42386188072129],[86.71589041750883,20.400629219462985],[86.71923124692455,20.39053256592524],[86.73538149525984,20.39412457508911],[86.75603294306592,20.3822556608701],[86.77265770428966,20.370555073657783],[86.7800373305584,20.352960322560875],[86.76367318387042,20.31204809784151],[86.68857406164369,20.27311101186376],[86.64577240807023,20.245741434119964],[86.59701691070194,20.219747261526948],[86.5426671310833,20.18367238936935],[86.52960237934639,20.17001759963256],[86.5036595976124,20.12912843353041],[86.47298899264797,20.085429123455356],[86.45143820480934,20.06482966185945],[86.43840736470816,20.0569693848293],[86.40876479455966,20.010167346246078],[86.3820756951373,20.00119017508655],[86.37766418325549,19.95524160931285],[86.33859107212032,19.942445224267715],[86.26359381070586,19.919388596306703],[86.24629259113021,19.922578578838397],[86.22282280472871,19.907025659306782],[86.20173869128763,19.885464457318903],[86.0952917134419,19.85513936648863],[86.02767385436493,19.838791210645923],[85.92800177076515,19.823463963391248],[85.78047922253813,19.77831458285175],[85.69152778617843,19.748716016530977],[85.54502480744895,19.67454926643552],[85.50344304286222,19.65666588062595],[85.41583627192648,19.617311993054102],[85.33513474297405,19.57416209230678],[85.24113030921643,19.512361238880146],[85.1994524628609,19.482862563856315],[85.09658881032539,19.397852852427263],[85.07619437616961,19.371203135216547],[85.01985647249825,19.33664437343913],[84.95316496998743,19.29404147363516],[84.8908860774306,19.24405166485252],[84.86647205054476,19.219047537014262],[84.81596308113137,19.161191052525112],[84.78020277833559,19.096041047356493],[84.7685819052308,19.08002272866605]]],[[[92.8989788321075,12.915877368345946],[92.90125289650405,12.91579311985663],[92.90673599017384,12.91387899471988],[92.90855399127372,12.909981620755218],[92.91439562126095,12.909410572839704],[92.92217912766466,12.91271336992611],[92.91865941859737,12.908922073694782],[92.9116489271563,12.90502744985696],[92.90987653247606,12.899822358215317],[92.9087104337396,12.893630126629091],[92.9044576737827,12.886248404040657],[92.90951433321999,12.882977875528582],[92.91231399469518,12.884678048353294],[92.91510119516408,12.885179817894311],[92.91908975858553,12.88797962416038],[92.92194486326491,12.88640261169121],[92.92725050090996,12.884565163651416],[92.92816065259211,12.88161481177417],[92.92732905039543,12.875641418516693],[92.93029235340941,12.857816869952615],[92.93470494267905,12.855267120181509],[92.94098023654874,12.855768523698487],[92.93849810770155,12.847833718051675],[92.94032865254536,12.83933747734278],[92.94022288327949,12.83704313503273],[92.94646462614162,12.837173904552117],[92.94609130407048,12.833666484720538],[92.94401087899894,12.827873416325133],[92.9466082568656,12.822331103197882],[92.94691561366471,12.817861276576707],[92.9499912429016,12.815161320238815],[92.95390029006637,12.806385046832474],[92.95048437625303,12.800750229439586],[92.94963468868997,12.79573573381714],[92.94684602232616,12.79185508274594],[92.94259613300517,12.789454535898187],[92.93862709296604,12.783818923504555],[92.93434277220126,12.78215584771425],[92.93358265171804,12.776127743300776],[92.93526987430533,12.77193559135452],[92.93776374380178,12.76966640937735],[92.93907561904462,12.766852474761947],[92.94158956860377,12.768707713190452],[92.94974017916599,12.77034712332113],[92.94907795708212,12.766076102630109],[92.94985166362346,12.761159875028284],[92.95305102248676,12.756980484461849],[92.95793479355592,12.755661441622294],[92.96201662656614,12.753165714126453],[92.96201559594306,12.748284417092236],[92.96781407825716,12.741026666947164],[92.96779241718639,12.73786538537928],[92.96420536418628,12.728303670178263],[92.96584727083496,12.722353375108241],[92.97073106168921,12.719419580649173],[92.97405121659045,12.719991097111517],[92.97818136567753,12.715920296084846],[92.9800994019659,12.710143064750696],[92.9752956094049,12.709125539412184],[92.97202206546604,12.712085816207491],[92.96646741274094,12.707609710519762],[92.96501454718367,12.702051241971276],[92.96245397676967,12.697331278815511],[92.96499273053013,12.693950471836843],[92.96350146572013,12.685670887701349],[92.96458451566292,12.681626023122533],[92.96361185929993,12.674166352695067],[92.9614762518276,12.666999785711596],[92.96259241840545,12.659969188127604],[92.95771098827157,12.643238717892586],[92.95793121695215,12.635687625983223],[92.956162930375,12.624228552605643],[92.94945450502144,12.627991190141358],[92.95823983460076,12.620443498568648],[92.95609312319914,12.603046221505963],[92.95763585261255,12.598659601959127],[92.95708867989873,12.593349025237387],[92.9618006561754,12.584512404623808],[92.96152917333274,12.57994305632701],[92.96211262289927,12.57532523007535],[92.96407603268284,12.57330212689169],[92.96523712309482,12.569207672795926],[92.96983922110326,12.560551878866193],[92.97555742993148,12.542248571714254],[92.97239022722727,12.526175337721725],[92.96964989942336,12.518631454777847],[92.96630377749739,12.513523748921898],[92.96553740133004,12.503689362873843],[92.96823208674147,12.49702767168975],[92.96364720445496,12.491062444276452],[92.96358383732428,12.487736408708372],[92.95660790053427,12.489113727616484],[92.9549323808248,12.49223853807814],[92.94785265597534,12.499442435020399],[92.94527312515464,12.498517481396675],[92.94574636909971,12.495060333667539],[92.94296860431768,12.491764152893381],[92.93992790295044,12.484186701854867],[92.93550708488414,12.481843531753611],[92.93195588515601,12.48095024955444],[92.93207481240273,12.478979480618591],[92.93085531372179,12.476602150668782],[92.93505248028777,12.469790502030094],[92.9243342423315,12.465661498679253],[92.9330127783171,12.46613284685344],[92.93891174997736,12.468751644772624],[92.94436938833667,12.468977949272983],[92.94642391653059,12.4733600056598],[92.95508504254076,12.475806454804115],[92.95837247650866,12.472846292222641],[92.95733905115634,12.468019944664775],[92.95459367635715,12.465828009055429],[92.95164538842397,12.465297882091647],[92.94739324180472,12.462164765491593],[92.94437860998494,12.461107599835941],[92.9450506463703,12.459527699643672],[92.94485413371137,12.45564169131103],[92.94208358598877,12.452995617853503],[92.9385797355664,12.44831084606875],[92.93310126800918,12.44844934526111],[92.92352523560118,12.442675141044958],[92.91963662732854,12.444086427346804],[92.91796264815775,12.442997676601522],[92.91447846141193,12.442565283461136],[92.91959349314527,12.43915666404888],[92.92095244699789,12.436909210591637],[92.92386930362551,12.4354638031121],[92.92075849740678,12.431277878071683],[92.92069733181648,12.426634618992523],[92.91528478366587,12.410896782660416],[92.91579605274569,12.407858281934239],[92.91238095461745,12.406174602675833],[92.90638174811926,12.407912381551228],[92.90918516876059,12.41621438038942],[92.90958117623035,12.420858062149875],[92.90491853496246,12.425067251752296],[92.90019062719574,12.427860267237577],[92.89570471889772,12.432021368291544],[92.89146685351255,12.436937622873074],[92.88586485148176,12.441573311459194],[92.87587219914275,12.446894375175305],[92.86910490236943,12.446061675805765],[92.86182339933049,12.453065447512415],[92.85618841736164,12.456778401102383],[92.85532192236889,12.453648776569821],[92.87236224861891,12.44112671172843],[92.8761660337355,12.442553743360634],[92.89330715779914,12.427759706845052],[92.89889974033082,12.416069533782036],[92.894576218118,12.41721646167042],[92.88656026394506,12.423384032946785],[92.88491907855268,12.422999361431437],[92.87478926791044,12.41394037984469],[92.87286253337925,12.419492242872764],[92.86655560135995,12.425081533885702],[92.85931758054198,12.425762727168149],[92.85855081496817,12.423193064608313],[92.85259907648623,12.424438252423442],[92.84675684755052,12.423472142225648],[92.83963820723756,12.42853262558026],[92.82174467257863,12.434432403033043],[92.80830721480618,12.435431643355685],[92.82865568910881,12.428943924222779],[92.8290348900482,12.42232556597213],[92.82840377371525,12.41893278452045],[92.83279500948214,12.417523583746458],[92.83458192191824,12.410446348220432],[92.83029280057235,12.410933696233144],[92.82660969278317,12.409577836947676],[92.82975765629084,12.410373056171636],[92.83337781873144,12.409193155539754],[92.83860466317475,12.40890476184535],[92.84055767859405,12.402585121506206],[92.83915520205102,12.399652215577362],[92.83694640415331,12.398199935478715],[92.83787269776684,12.397507268645597],[92.83983511290018,12.393330644393757],[92.84580381979049,12.389684337762048],[92.84951201866477,12.3823262340685],[92.85611143449518,12.37428809991593],[92.85859328275387,12.372282933710494],[92.85980516597567,12.368267173891013],[92.85726119075139,12.36704509145784],[92.85850465276758,12.364313665143584],[92.86132310467758,12.361123458680709],[92.86701677640315,12.361625484528531],[92.87030152499545,12.360181148141521],[92.86976943661028,12.357513042193204],[92.87198433371009,12.35461825043194],[92.8738406828013,12.353311352037338],[92.88122723924573,12.35598106867144],[92.884007668719,12.355787235992182],[92.889510721043,12.34868159178211],[92.8925011548045,12.34177012469155],[92.89494968138274,12.339204742904599],[92.89615996471065,12.335847400137482],[92.89341177593275,12.337128112972096],[92.89223467758836,12.340683067369696],[92.88599948718667,12.344527683505817],[92.88342156525312,12.343700966426525],[92.88057372080061,12.34428987038126],[92.87977550053898,12.340271269603477],[92.8805865972937,12.335102283043966],[92.88011991030567,12.333520987103896],[92.88360244769484,12.334052574566726],[92.88125996017908,12.33260047613112],[92.87258936610641,12.329756598588176],[92.86776287465699,12.332219666304582],[92.87101540953358,12.329622695830778],[92.88447627935687,12.331880333210847],[92.88822878153309,12.330930348756624],[92.8867179097038,12.326876588084133],[92.89183168688288,12.325229528320108],[92.89620547310415,12.326890348610732],[92.89768238203635,12.324455396399458],[92.89610817545201,12.324519221285072],[92.89394779525463,12.320344329127522],[92.89031843364887,12.32131739108479],[92.88527502212463,12.323609837623962],[92.88047660481152,12.317978266783655],[92.87853885178663,12.314616723283223],[92.87522221053666,12.315369596129983],[92.8741804862405,12.317837954558001],[92.87115383767951,12.317821825217095],[92.86706817085945,12.314543866506256],[92.86219307914735,12.313688422382825],[92.85629825066377,12.314031250242067],[92.85196907531264,12.312532130753254],[92.8474210319551,12.308178650324521],[92.83010133221075,12.304640018622024],[92.81481628924041,12.313134091964798],[92.80606221919612,12.314305499399325],[92.79986142696333,12.310738887089997],[92.79462340484633,12.306207815738162],[92.79195205144606,12.310973021088103],[92.78679126670363,12.313021823298527],[92.78275312635577,12.313659216000076],[92.77905453853617,12.313517776923902],[92.77282346882811,12.317092000195714],[92.77238615010083,12.319314994791227],[92.77172358447592,12.317526514836857],[92.76939292484366,12.314820660744942],[92.76651080093279,12.30741690206844],[92.76614635966683,12.30409837763807],[92.7636814546355,12.302714854307112],[92.76389703382114,12.312599141936914],[92.76138658622205,12.307716564268048],[92.75726700326965,12.302243655420398],[92.75769060373841,12.297928192931806],[92.75447375485993,12.295930281557276],[92.74984418166372,12.299369726132],[92.7455846857847,12.299361904728187],[92.74155447835653,12.301678558318883],[92.73611172557571,12.300881118668713],[92.73347426942206,12.30304256006616],[92.73004535321053,12.303291458234241],[92.72704082617327,12.302043492413304],[92.72337318402526,12.301848469031654],[92.72083118551086,12.300183483980675],[92.71867249154229,12.30166059795829],[92.71960356235456,12.303628959409025],[92.71511804166437,12.312610169423806],[92.70983339059853,12.310283429936419],[92.70773302126196,12.31673302590849],[92.7067216580781,12.322240921081686],[92.70821044345723,12.325217318224702],[92.7086947220838,12.328420248295856],[92.7047675823581,12.33045087340912],[92.6996912151775,12.326274242862041],[92.69989299966227,12.34561882644772],[92.700839170991,12.356393942926161],[92.69942951156276,12.36460491688348],[92.70490530543555,12.371153268308717],[92.70335744898716,12.377895809444112],[92.69802461944067,12.380107128141503],[92.69621054837819,12.398118243761985],[92.69957846537392,12.409076819239885],[92.69794461485213,12.41812056810977],[92.69775901996286,12.42954805729704],[92.70193783406387,12.439079768416605],[92.70255821608885,12.45130248312313],[92.7045519645016,12.447718513898337],[92.70497797155622,12.452656494301834],[92.70117408211826,12.456696161698574],[92.70034715189962,12.465900242602174],[92.69840076268508,12.469784910944952],[92.70097515927625,12.474472395984321],[92.70240597885288,12.48534761150313],[92.70539072170448,12.487020213811888],[92.70769840905439,12.490596036977593],[92.70827758324396,12.494174984388053],[92.7062181996103,12.497843486287934],[92.70202528054233,12.499992283217352],[92.70124864670771,12.511227078267098],[92.69695611603197,12.512521664942938],[92.69437522813433,12.516040753478023],[92.69991577139581,12.526497657440984],[92.69900661346452,12.538422576940434],[92.70265485363865,12.546577020413224],[92.70612674755142,12.552151608410043],[92.70799221666755,12.561959026487955],[92.70526946161641,12.564204334162753],[92.70523501938072,12.56821390394856],[92.70878785947218,12.572537210324072],[92.70888512115147,12.57575533354185],[92.70552554806562,12.578404592398044],[92.7067094147078,12.58417882898982],[92.70494347895846,12.586085792825145],[92.70422628941179,12.590354230663252],[92.70653508112918,12.592887297111133],[92.70725737792571,12.595621442075924],[92.70207455529658,12.599594966134816],[92.69827621197766,12.600532099277018],[92.6949112132819,12.600526357105764],[92.6916943203367,12.60205077722162],[92.68610402747896,12.601936889775686],[92.68468685331567,12.607884473389788],[92.68589999468907,12.611998806100075],[92.68704470215135,12.611745831305143],[92.69116137579692,12.608000245814765],[92.69449102843828,12.607419790091285],[92.70196794156732,12.613053808886207],[92.70358422473225,12.611141693734226],[92.70327868456371,12.608076386915798],[92.70438856128311,12.607831691279557],[92.7064913785743,12.613624908063116],[92.71014575212484,12.616315618471049],[92.71006837535532,12.619123053686053],[92.71180398686454,12.622318935770295],[92.71187404674993,12.626124390927941],[92.71344444560475,12.62852161118343],[92.71339704863493,12.631541729767036],[92.71538540561204,12.638313560022823],[92.71511880878603,12.641454322658888],[92.71646621714228,12.643832149933814],[92.71872917401225,12.64365789639487],[92.7196440992958,12.641386746701073],[92.71949659609112,12.637249131442331],[92.72219256663368,12.628801057522821],[92.7235490707331,12.626735073764678],[92.7250802438582,12.628270433233979],[92.72766655826513,12.635273212988466],[92.73619393080531,12.639875851489421],[92.73441084588387,12.64804391969119],[92.73265059654784,12.652726105925126],[92.73410030818275,12.656074532813477],[92.73695797952718,12.65768901373707],[92.74179056927943,12.662136547963371],[92.74383228483214,12.66676853853727],[92.74557253954112,12.667972179472542],[92.74726299429182,12.668051996102804],[92.75127294898749,12.665735485504285],[92.75204494771623,12.670961444115392],[92.76188026636129,12.668176511736704],[92.76596362911823,12.668137752755115],[92.77113868430291,12.669178646077683],[92.77913838143121,12.657390624078062],[92.77873583319223,12.649985761034088],[92.77935917848333,12.63781884116662],[92.7819911874434,12.639639597789255],[92.78063224708058,12.64958048155404],[92.78191766247022,12.654622481142667],[92.78391248017687,12.657464527665866],[92.78434768279936,12.665907626535784],[92.78812112928676,12.676010578925116],[92.7863715962722,12.688841442178841],[92.7869143560128,12.695562025467154],[92.7845075750646,12.696708024355871],[92.77520549683629,12.679678711203621],[92.77057167794067,12.6740795600237],[92.76700173903907,12.671389257008627],[92.7619738390215,12.671039558329028],[92.75673447511599,12.672460084265538],[92.7523942875664,12.675142115316419],[92.74643426542906,12.67261104356487],[92.73630786681468,12.672557626533262],[92.73325283385128,12.674152153299303],[92.73597462842645,12.681057969949393],[92.73586302885576,12.68474082412979],[92.73286856433282,12.689925013728441],[92.7283965694462,12.691713485588934],[92.72866695331732,12.69518731394345],[92.73054382134035,12.697728544436814],[92.73552570664611,12.699389081440984],[92.74316598342347,12.69946922542448],[92.74047659951549,12.703825387631582],[92.74057149507848,12.708422584334869],[92.73924742772664,12.711450661918548],[92.74099906425545,12.720137274715512],[92.74515554459276,12.723107743527578],[92.74140343002432,12.72609713767281],[92.74025223485279,12.72936390791807],[92.74000220983419,12.732972927758453],[92.73785115380775,12.733173087168268],[92.73832710830948,12.739290051794512],[92.73523870780019,12.73854821542784],[92.73124037864062,12.743035250576384],[92.73005275103367,12.747051033778234],[92.73116315205789,12.753055537283274],[92.72818846002946,12.759612470039485],[92.72116095791193,12.787261420378286],[92.72208316410678,12.792834797887679],[92.72081294636047,12.804951181252079],[92.72097330987043,12.809856784263218],[92.72200496355828,12.813742338438203],[92.724163163799,12.828282200463207],[92.72748941610371,12.829587276831433],[92.7293203737363,12.833574944528095],[92.7318865442287,12.834431305060718],[92.73282787360756,12.832287908560204],[92.73465126434445,12.822995395521161],[92.73649740972775,12.819525737322977],[92.73622809515052,12.815439012900185],[92.73689571766329,12.811320063070525],[92.7391466622887,12.81353780022937],[92.73895929933224,12.820415873693662],[92.73797985938307,12.824295858367236],[92.7377983006511,12.828279546563863],[92.74122056187946,12.836683539313924],[92.74229131988858,12.829453416342119],[92.74448164571146,12.8269795990293],[92.74399144594855,12.837451431738259],[92.74517123326586,12.840625924346966],[92.74762699039337,12.84157865712939],[92.74991319743617,12.843694222310546],[92.75348453478352,12.845267373090849],[92.75433548589399,12.848176726674637],[92.75902616982194,12.848938920095122],[92.75853678214685,12.852700142997264],[92.75877322470461,12.856037649418056],[92.76077898086533,12.859718975650253],[92.76374367602989,12.852062857315047],[92.76666397796026,12.849378165170208],[92.7690595191815,12.848871787503015],[92.76980326840618,12.859258922960976],[92.76920712041232,12.86249274384511],[92.77177424688404,12.863076314820148],[92.77386019199434,12.86117321357301],[92.77670234553688,12.863153357041824],[92.78007014472144,12.862444326144782],[92.781847270735,12.858599654250668],[92.78534554715935,12.862385619300937],[92.78909009842937,12.861298674394334],[92.79402003079986,12.86349049938707],[92.79287017112154,12.866008330420186],[92.79289639175511,12.869799837992161],[92.79379622461613,12.87210521318508],[92.79274822125348,12.87584908097034],[92.79363952944078,12.881979951813378],[92.7922726399704,12.883807781603878],[92.79137835772508,12.886276987193241],[92.79129696278466,12.889499732027048],[92.79903480880944,12.894043002682452],[92.80295446617572,12.897238016920994],[92.809482739337,12.897568573530918],[92.81647931376938,12.896134972351149],[92.82375297112276,12.895873077180795],[92.82566671854431,12.892148863179557],[92.82750582943055,12.88665973595812],[92.83150992324443,12.884734040143883],[92.8356633279003,12.886277217419718],[92.83846436084161,12.889826402666415],[92.84139234837824,12.891641407225222],[92.84279256042839,12.888844286334802],[92.84267565485766,12.884416944586349],[92.84086684392975,12.88100627651852],[92.84031365924801,12.877886621870175],[92.84374512054092,12.875123086161523],[92.84963520420138,12.876668726680464],[92.85989590577151,12.878184045657235],[92.87549581038343,12.88308031910151],[92.87176393415831,12.88722402546847],[92.8725946244424,12.892856100828453],[92.87752523220377,12.895266989879701],[92.88487835185452,12.8939289704457],[92.89534498018674,12.898024866154685],[92.89822240424064,12.90468044194887],[92.89841558940799,12.908496234813413],[92.89705847376962,12.912947841169967],[92.8948818931849,12.916958492840195],[92.89826439358694,12.92265980520591],[92.8964809786143,12.925653945972897],[92.89889633010159,12.926875581442971],[92.9011511220267,12.922861251545555],[92.89991467921914,12.918809315597514],[92.8989788321075,12.915877368345946]]],[[[93.03018817754241,13.571134792936391],[93.03344635296685,13.563771466879757],[93.0355064038975,13.556490772331301],[93.03825012124616,13.549963994742598],[93.04039787496203,13.539921000154095],[93.04459959929216,13.528791480642383],[93.04280918399672,13.521674922259876],[93.04341580819306,13.512635077347],[93.04314838129284,13.50677680000939],[93.04004578858235,13.500105847606847],[93.03969689569522,13.48895259678494],[93.0351207862953,13.481695396125701],[93.03600024051872,13.478537439351385],[93.03417658538115,13.468162832348867],[93.03047127512929,13.465066016883213],[93.02258571006251,13.467331559304057],[93.01634406522646,13.465316864781528],[93.01822834006589,13.462556272553968],[93.02361693297513,13.46214264646602],[93.03046152378033,13.45947008347764],[93.03363117084194,13.453697029494379],[93.03307847539139,13.448663660699424],[93.0346746596079,13.445857283986527],[93.03511670247389,13.441607042131352],[93.03317189786486,13.433377110465301],[93.02651447396386,13.434266542666876],[93.01930931347408,13.431765942644176],[93.01667996920526,13.431724525266702],[93.02356546027784,13.430618848381187],[93.03317574336592,13.426030263585858],[93.04118027435027,13.426559412087272],[93.03830433237908,13.419870408492613],[93.0416162180141,13.416111950106483],[93.04610754652612,13.405772263779],[93.05634747015966,13.412780381009838],[93.06032480194813,13.420833800039873],[93.06107455414741,13.414174242947013],[93.0588162449738,13.401902438746617],[93.0627501556952,13.401068308555637],[93.0694425929014,13.406969059074868],[93.0686521409836,13.402597788257367],[93.06881571147596,13.396943382730967],[93.06168872995096,13.392804518313937],[93.05651401471005,13.393864739865876],[93.05238096261138,13.391566123078178],[93.05053866992375,13.381889879214611],[93.0484924217879,13.374875347119598],[93.04259667509655,13.375962490776374],[93.03325004445406,13.375798667574486],[93.02549908451522,13.372984145701821],[93.03441940772956,13.374655763252917],[93.04334189561206,13.37393527049636],[93.04923642911797,13.374251990137282],[93.05455656563305,13.382562678225042],[93.05780976960523,13.377207868348478],[93.06115125732475,13.36808621930362],[93.06218872872688,13.36132630056835],[93.0661901884265,13.357314263042838],[93.0681901295709,13.352756253398411],[93.07060385328526,13.348998098083825],[93.07347230120581,13.34762099501296],[93.0774011325563,13.348482860295803],[93.07749645709589,13.345747819606231],[93.08138888299061,13.340998138353427],[93.08775907961791,13.343550094161571],[93.09004695040647,13.336584095779472],[93.0741776619696,13.326798361255442],[93.07042792341002,13.309413514622065],[93.06559311323167,13.30433001941492],[93.06139151480664,13.313894194261707],[93.06118351780515,13.32656701785362],[93.05721448765854,13.32938488610364],[93.04993897860106,13.323479026535892],[93.04007399761696,13.322113904233333],[93.04151958765891,13.330904451679146],[93.04172534804644,13.339252802474903],[93.04603651087632,13.347063786764409],[93.04380740268954,13.354679413124472],[93.03921076806256,13.361088933507517],[93.04186049906286,13.36743459932734],[93.03745457736693,13.36540310636832],[93.0349612078935,13.362541239686493],[93.03772382809223,13.361139686747208],[93.04101071976896,13.355986721609952],[93.03902365601698,13.35049007515687],[93.03468343249449,13.350161153514478],[93.0309539889355,13.345478342251738],[93.01930724413404,13.350567388973843],[93.01661290945827,13.349735688751082],[93.01115221250467,13.35306028000798],[93.00119845584413,13.351622113869496],[92.99243855819299,13.345257127014861],[92.98851704822323,13.335195253857933],[92.98831854806258,13.329614999232888],[92.9832400270057,13.33069187083322],[92.97962590800933,13.336119641808068],[92.97823985578475,13.341800620502283],[92.97629549454149,13.344401556087007],[92.97638839720685,13.348812247787066],[92.97500446558365,13.35030815040085],[92.97219960512774,13.347819056304445],[92.9712716234867,13.34960213313201],[92.97217002912362,13.352685701583937],[92.96959054776562,13.356882895129559],[92.97125997726619,13.359750987817904],[92.96773374631539,13.361063216494301],[92.96397137497905,13.359947592207675],[92.96280944100295,13.35740175089012],[92.96012239533235,13.356345783131417],[92.95832362263712,13.35049374439086],[92.95517701980367,13.345606269014127],[92.95216090500185,13.34510553639143],[92.95088368513404,13.342065093129577],[92.95286086084013,13.333026999196704],[92.95917118690079,13.327506698775153],[92.95988937379565,13.326337620584752],[92.96201329547728,13.327977199787995],[92.9625180138953,13.325989640509533],[92.96610335458621,13.324794527845256],[92.97620739965186,13.323929119233526],[92.98552147033962,13.320048148903027],[92.98672802417906,13.317150500894968],[92.9962174374848,13.316110637296106],[92.99708244859619,13.31075431475989],[92.99549904374595,13.30178346313636],[92.98854480310024,13.301230452023788],[92.98987976304068,13.294004407477473],[92.99598765530612,13.291410787877624],[92.98998316978754,13.296604302546598],[92.98982029716905,13.299983861266242],[92.99613718198543,13.300770183497207],[92.99724657666826,13.306074858867703],[93.00129097449894,13.313850549263464],[93.00801580978185,13.313246801099012],[93.00989945959242,13.309983972582302],[93.01298405956675,13.302202010314602],[93.01751765891288,13.29835561801741],[93.02168413071814,13.29782080288777],[93.02056395855988,13.292574615825913],[93.01668892285556,13.294654356513377],[93.01188054285285,13.294416118009508],[93.01633719890265,13.288868290239463],[93.01223907017703,13.283369851437556],[93.01185060711987,13.276818560128504],[93.01873428605853,13.277178527267267],[93.02941299071699,13.281624546135959],[93.03366681277328,13.275834366362972],[93.03764436399626,13.279749864364817],[93.04271553309542,13.279286078589678],[93.04702142499883,13.278039726152485],[93.04176548748734,13.272837793829183],[93.04164680215825,13.266902153211845],[93.0446954616263,13.260517097985712],[93.05233293521684,13.262139272609375],[93.06121551118696,13.26850786214817],[93.06531684059979,13.269431661941667],[93.06079249168022,13.262982778232697],[93.05721042362222,13.2539395572648],[93.05474100759147,13.242971833883075],[93.05440782586055,13.232173144375167],[93.04576801468221,13.22442340661496],[93.04339585223687,13.219608152194496],[93.04511250963469,13.210234134497739],[93.03632632300145,13.194154830980722],[93.03283318350469,13.18326972112078],[93.03591714226235,13.173478349646189],[93.03353573928302,13.16150594054676],[93.03610977614534,13.148365744683417],[93.03449846892926,13.13505461467878],[93.03189424542313,13.12461137231702],[93.03144521122755,13.115195786156676],[93.0323880523668,13.10675904099702],[93.0345314146931,13.097217947250499],[93.03445453075204,13.087423854427414],[93.02771635582525,13.078377493926268],[93.0284065953881,13.070425662314506],[93.02713182797152,13.063644072615887],[93.02261394068086,13.055269158544888],[93.01518997243932,13.050491068607982],[93.01246378737397,13.044126633037706],[93.0038546349835,13.029636788606979],[92.99719149768953,13.03339731723247],[92.99112998615999,13.033140204656775],[92.98925878836246,13.026357833447321],[92.98191756224577,13.025429537942898],[92.97752619697644,13.028978637753994],[92.97021565392936,13.030439756389683],[92.96576903970947,13.036629432102643],[92.96578040354285,13.026667995231833],[92.9681774978933,13.020011938300343],[92.97167498920942,13.015669076167],[92.97373462015668,13.015759089310563],[92.97588583086645,13.014005151416654],[92.96773717722903,13.013425645377254],[92.96355875613176,13.016808121497661],[92.95976460635154,13.015480403797653],[92.95488027050811,13.018592176787593],[92.95420241550914,13.023816144299644],[92.95146743057751,13.026754668293336],[92.95043382895813,13.029826849529513],[92.94092594267818,13.035094212927618],[92.93425441650817,13.044629037500158],[92.93531708061886,13.050532208094978],[92.94056341337091,13.052003079878261],[92.94198248780162,13.056379619823645],[92.94255631462227,13.063141703227075],[92.9400441870896,13.066475497246472],[92.93702251717548,13.083155804197077],[92.93558772169604,13.084383403970946],[92.93521206318621,13.062737719670054],[92.92965883948392,13.062643090306437],[92.92084272161435,13.057714645414592],[92.91414687777626,13.07474120394346],[92.90831761166851,13.07978263516054],[92.9041080362569,13.079425791367214],[92.91033937666094,13.07517527611816],[92.9130369111246,13.067583236277358],[92.90986583683895,13.061212849893138],[92.899567489648,13.059706328084644],[92.89236499205083,13.054296154144254],[92.88834388126514,13.047836528932692],[92.89035793367174,13.04862962575669],[92.89607956711836,13.056013557979384],[92.90579524175706,13.057738964881366],[92.91565119984307,13.055161490810178],[92.91546296274561,13.050381372902109],[92.90836758339731,13.03178866751307],[92.90429215266079,13.024800917228617],[92.90154588393546,13.02208233233381],[92.90356465418552,13.019362916465468],[92.9051583292935,13.015804587811544],[92.90792626718354,13.006065423780342],[92.9070786840341,13.003781233017548],[92.90829251608682,13.0001826021454],[92.91169822619224,12.998035701886181],[92.91330651258556,13.000672107631715],[92.91585979039706,12.999797299305953],[92.9157345166347,12.993035721321519],[92.91811077549198,12.990536162713795],[92.91905639193902,12.986454172322226],[92.92926029142939,12.989540337116921],[92.93324820913762,12.986998714519132],[92.93074572143797,12.983307599166437],[92.93204814660476,12.980104098925096],[92.9376884723452,12.980681703797643],[92.9384543233084,12.976862846942879],[92.93743769819127,12.9742215803617],[92.93774704788802,12.969617597374281],[92.93233398622453,12.9665376648814],[92.93108216770793,12.965218970079434],[92.93050562313607,12.960959431932281],[92.92598725201015,12.958582954539793],[92.9229847619373,12.960994003670407],[92.91842053797751,12.959495448056543],[92.91422455581863,12.950489458122036],[92.9095706901353,12.94925406931992],[92.90835145765368,12.957023734257973],[92.90978674686096,12.96336435937775],[92.90645521373716,12.968743977052952],[92.90577373177234,12.975987458554414],[92.90584925593845,12.986173592837076],[92.8981927221165,12.986646303484179],[92.89867854038238,12.991388729006701],[92.89971986088295,12.994249708057623],[92.89670292410074,12.995381427510893],[92.89536335693344,12.992833098668598],[92.89232167260718,12.990853194419458],[92.88915148865033,12.984877703043594],[92.88700478534264,12.983294125523514],[92.88610848142133,12.983907546795876],[92.8829304778593,12.983420122340817],[92.8831025289586,12.978262953772344],[92.8818234277091,12.975120470733202],[92.87876643692158,12.973711990316133],[92.88102399336265,12.97077271988519],[92.87458764080702,12.963914301104182],[92.87759322724571,12.959747617058952],[92.87504772677124,12.955616870821984],[92.87313310790665,12.948764885790922],[92.87671679654301,12.947057736025727],[92.87560228471773,12.943982765991905],[92.872298450713,12.938226407023137],[92.86866838763603,12.934362449167736],[92.86024067706563,12.934553558699804],[92.85517501541472,12.939375520264093],[92.85764306087862,12.93547167657664],[92.85791780196507,12.931520614884505],[92.85389416948038,12.926279507193556],[92.85328787983184,12.915532099726647],[92.85552675555539,12.914920814344157],[92.85933651666699,12.91150192197614],[92.85661035858124,12.908907417443402],[92.85836753943045,12.903349835626443],[92.86583923289436,12.903081724342144],[92.86735626777761,12.906157326599384],[92.87038836173355,12.909105072241346],[92.8749152314528,12.90946118578512],[92.87069686966487,12.894598599345954],[92.86973344754063,12.887978454142399],[92.87279550690715,12.882878870063848],[92.8573273322906,12.878781759370725],[92.85296338285389,12.878758058637573],[92.84515080496573,12.876950895267669],[92.84136629771655,12.877477498687654],[92.84196399704086,12.881844736945084],[92.84398772525338,12.886624955577304],[92.84320486721089,12.891263889816685],[92.84019480574574,12.892232866153904],[92.82993849466584,12.886359378582483],[92.82734255121784,12.890067314854718],[92.82641870555886,12.895360144355209],[92.82290090934953,12.897277251643914],[92.81179500333678,12.899855332757454],[92.80345216988178,12.898903620705596],[92.79695948019594,12.911658279006417],[92.794417837813,12.914466665704083],[92.79580250957821,12.92563800099299],[92.79472352097378,12.92720249669793],[92.79405909824885,12.929868696083531],[92.7946123377892,12.931084189184048],[92.79685088885748,12.930037351342719],[92.79947339737947,12.930581850372164],[92.79901898074144,12.932317700201736],[92.80156011051076,12.938081537033383],[92.79993438626298,12.944775492295207],[92.80081563013727,12.947260271444406],[92.80027318605875,12.94920947193964],[92.79402014051715,12.95130980710195],[92.79234217105443,12.957606405011632],[92.79306549397745,12.960774468367049],[92.79243500986786,12.9638039488932],[92.79397506110024,12.967574704608978],[92.79705236487479,12.964022758443605],[92.7968385744407,12.967046547160464],[92.79840872418333,12.97017740106628],[92.79692967036806,12.974265631853484],[92.79522752353142,12.974705331985547],[92.79320442304572,12.97977546236774],[92.794215566795,12.985014766918027],[92.79618893926818,12.988220885985129],[92.79887918202871,12.990681849287967],[92.80106609402509,12.991060202166636],[92.80462003848407,12.98425601160568],[92.81031486403981,12.984095445748267],[92.81240019401378,12.982975261898844],[92.81527648492192,12.986249037862876],[92.81842527670523,12.986152128717833],[92.81885152837538,12.989907095935791],[92.81471166571089,12.991560136191367],[92.81238135771355,12.993735521577094],[92.80956828914526,12.993969130371113],[92.80873292688312,12.995091413238185],[92.80876326101577,12.997577225708426],[92.81268606600918,12.998196786652443],[92.8174765728856,12.999926380797888],[92.81937965434764,13.00300923698677],[92.82343595110831,13.00686375825586],[92.82481608939105,13.010982384329623],[92.82427852233599,13.013228201020695],[92.81863465146807,13.012133812425532],[92.81710845069449,13.01110972563339],[92.8156683537116,13.008877107392664],[92.81308393417629,13.008957737010007],[92.80739216361752,13.007075261714022],[92.80558029319604,13.010511365307309],[92.80356263091073,13.012482886975704],[92.80005997029144,13.009854876401448],[92.79620207656467,13.011652885572232],[92.7917910026527,13.012087803109694],[92.78837772295361,13.017529975827756],[92.79017066804198,13.024513692652818],[92.7935015239762,13.026188096303656],[92.79495089296938,13.0316300792648],[92.79355124839145,13.033179673203392],[92.79275497786,13.035584956780383],[92.79406891165104,13.038754048060923],[92.79649742471645,13.04018846852307],[92.79454741033476,13.042977258094027],[92.79461244930513,13.045395017066426],[92.79594855138458,13.046348836229868],[92.79578143486538,13.051900874625687],[92.79354186756319,13.05636736026554],[92.79351141112278,13.058673089791284],[92.79429348045983,13.06427507653359],[92.79610152336664,13.066815906828708],[92.79626822799639,13.070629943317272],[92.79741081215928,13.072640972203146],[92.79743958866612,13.07590994398879],[92.79684616471877,13.077509313603969],[92.79707685970936,13.083114255518524],[92.79596238385699,13.085918418999881],[92.79713927086073,13.08820191908336],[92.79973979905253,13.09082841429995],[92.80179411500649,13.088175992528079],[92.80158709017212,13.085294678007017],[92.80045047211166,13.082044430106407],[92.80289424757154,13.07718112850631],[92.80779124586934,13.075655461030749],[92.8096668404524,13.075726767376466],[92.81151986205202,13.076526250286292],[92.81176923416291,13.080377244414365],[92.80895235426777,13.07978649325213],[92.80937607974232,13.082979199830277],[92.80509683834845,13.086978764658284],[92.80765510919599,13.093563609672913],[92.80768172013535,13.098117754930513],[92.81070597919762,13.102139510530037],[92.81427275698223,13.103418283526992],[92.81504258294888,13.100252815615022],[92.81883697284809,13.09869558823084],[92.82064522979357,13.094677790547621],[92.82231084167205,13.095736147805042],[92.81976869656813,13.103007727724503],[92.82128793568972,13.10468994198726],[92.82049787857432,13.107321987819546],[92.82204179059624,13.110718272130612],[92.8249201607369,13.113685497088056],[92.82505584954788,13.115592593123722],[92.82137417437872,13.11507572396556],[92.81560548930196,13.11601949680238],[92.81065440667561,13.126056205129828],[92.81141693014729,13.127079040965043],[92.81916307151857,13.1279434036652],[92.82075266820112,13.132883485784305],[92.82440110352815,13.13363666440057],[92.8265140076154,13.130006688557899],[92.82839846052059,13.131602181195774],[92.83038464293696,13.130800423900496],[92.83149736960797,13.127623241419485],[92.83080724515827,13.124829914768782],[92.8334484757666,13.124357483810854],[92.83497257032792,13.127084048390145],[92.83434302061397,13.129568776278063],[92.83618737454776,13.130428546140536],[92.84032301939192,13.127058568797963],[92.84202507989357,13.127265579243158],[92.84327234963928,13.129378735140563],[92.84295119454208,13.134519974017621],[92.84034495115861,13.134788248079246],[92.83992529961296,13.137112664617803],[92.84433328974956,13.13918718474082],[92.84725249720503,13.138783157117075],[92.8475610923706,13.14130343610475],[92.84634480067206,13.141437734563851],[92.84432708083017,13.142966867127257],[92.84327968091259,13.146029826715164],[92.84161155902626,13.14623148979149],[92.83806944874613,13.14506809531639],[92.83716384943216,13.146394640300457],[92.83469897947441,13.145164825496352],[92.82864576059342,13.148794767164816],[92.82548841625749,13.14703170924605],[92.82142420276483,13.146334829089142],[92.81961203736569,13.149430457449682],[92.815194993754,13.151874705053672],[92.8121363626031,13.152414328858242],[92.81061181568282,13.155126345104804],[92.81285312137453,13.159702488678931],[92.81308766456414,13.164606247180586],[92.81516575589495,13.168457550675498],[92.81599420237058,13.171591653831797],[92.81401140230446,13.172780080036716],[92.81616357079224,13.174077669548865],[92.81800880786028,13.172071768597277],[92.82415527294756,13.174465620891738],[92.82572292617215,13.172186793685626],[92.82832607858569,13.173961743339817],[92.83055345917484,13.17195637748489],[92.83535191605813,13.173583172825204],[92.83214319615166,13.17710069564066],[92.82556702959482,13.181993256683484],[92.8253973886786,13.17960939855493],[92.82303284259166,13.180490801609267],[92.823933285193,13.182262956170518],[92.82118621517174,13.183279908640941],[92.82051274706566,13.18553496047008],[92.82312546017192,13.187199020118726],[92.82447022811857,13.192566961895807],[92.81925227707097,13.19621606901643],[92.8224354697212,13.20429149895358],[92.82503987129309,13.205521673486487],[92.82663461659433,13.207805735646218],[92.8292041478532,13.209137964345643],[92.83114528232898,13.212137640439778],[92.83131383146821,13.215202510187737],[92.82571447884021,13.217372549103914],[92.82399995013765,13.217444708006894],[92.82814051697136,13.221360531563334],[92.82924751496091,13.22439289531593],[92.82594535459452,13.224557693382906],[92.82765513577596,13.228315279426681],[92.8276662936646,13.234367225766903],[92.82842546266505,13.237569271804489],[92.830678698763,13.241114282398257],[92.83558235564124,13.243038957481929],[92.83835743954427,13.242897428473611],[92.84034076121719,13.24167478216549],[92.84103713505579,13.24096082748025],[92.84145770390995,13.238884390002625],[92.84549878863822,13.236798591481886],[92.84607195985313,13.238108555665349],[92.85025086028901,13.23937501874218],[92.85327960876697,13.23645135154868],[92.85338156940395,13.237881654015155],[92.85073581790374,13.240397308688898],[92.84996662056312,13.243154239776402],[92.85477721919335,13.256135176497253],[92.85379922265605,13.259027995145914],[92.85209208728008,13.261374856964153],[92.84682146743683,13.263187331730023],[92.84051617308296,13.261492732903378],[92.83759555009465,13.261862586289396],[92.83445460399685,13.269144382507307],[92.82871914257441,13.26889660939105],[92.82227328058747,13.278295909728513],[92.82558168045023,13.281781862742832],[92.82404885796848,13.287482507811546],[92.82854521548938,13.28817798052944],[92.83175575652302,13.285886691417716],[92.83564850977098,13.285095249346341],[92.83805126265571,13.288938671182791],[92.83551056006434,13.294838921678945],[92.83983944583383,13.299603382390217],[92.84029336154947,13.30523299630579],[92.83192990394195,13.306243030291682],[92.82547987089936,13.309175261728967],[92.82233901023722,13.308947059659147],[92.82508218169738,13.311408421361591],[92.82854533689783,13.312028378906632],[92.8316342823963,13.315739458309395],[92.83053731364618,13.317208421731323],[92.82724803966533,13.319601233510184],[92.82654668268333,13.325614376802093],[92.82797615777355,13.330277643998102],[92.83456119344436,13.337472014421962],[92.83381163819661,13.340988071342451],[92.8355594202311,13.344271282993361],[92.83625347471815,13.34772893434291],[92.83377233332658,13.350858901517142],[92.83367863026461,13.3532496952173],[92.83631285425486,13.358650097124325],[92.83592142613298,13.364857146839881],[92.83820000782418,13.368699540751265],[92.83991890903047,13.37564512182496],[92.84233156255164,13.376471324492059],[92.84347446057797,13.376297681592803],[92.84414507513515,13.377198105308366],[92.84608096656342,13.375381372252605],[92.84760280022908,13.372684956545584],[92.84968970761395,13.370648283491562],[92.85175259230834,13.369576707099384],[92.85237758605683,13.370981550658087],[92.85161357780441,13.372373943103014],[92.85225787100399,13.37567552070874],[92.85545706709001,13.378488252031275],[92.85769521706067,13.37989559390661],[92.86676635028692,13.381576589588008],[92.86593328039663,13.384163695398286],[92.86630422645896,13.39043776169342],[92.86424359816357,13.390017853840959],[92.86030135702208,13.386237711900947],[92.85378079105072,13.387132910555408],[92.8511738956588,13.389967099701948],[92.8489826426349,13.390275600438656],[92.84299997107189,13.394984554093924],[92.84247328761217,13.400248165520452],[92.84521401831233,13.404893098237949],[92.84572391053013,13.40965142557286],[92.84896957368693,13.411579974935933],[92.85217766316867,13.409349713818301],[92.8558149945664,13.40928441674248],[92.85987301262946,13.404877181137067],[92.86374102912526,13.402309388267724],[92.86899594410761,13.404306172791678],[92.87113702665249,13.410665758318146],[92.87296441577524,13.411508868239707],[92.87423634133415,13.410353144082364],[92.87336165621554,13.414607693690186],[92.86861777109334,13.416776400710376],[92.86996715705874,13.419984059416834],[92.86920638996298,13.422439662760269],[92.87043692692271,13.425249232965768],[92.8751009999113,13.423267413160659],[92.87836049643983,13.427734047188551],[92.88389357352963,13.430833944630876],[92.8815252853637,13.442501940412285],[92.87894527070773,13.4448834081428],[92.87453258521072,13.44721662544697],[92.8751036610052,13.45574459783495],[92.87434988074244,13.462190803362944],[92.87147795514358,13.464214284261857],[92.87221371389182,13.469310857410164],[92.87205008944011,13.472014327399336],[92.87736141979377,13.472906167985286],[92.8770385469914,13.475557410745978],[92.8863858188505,13.477702891875026],[92.89435844998252,13.475426542301136],[92.90157736470366,13.479908199503825],[92.90385270164091,13.48630668790338],[92.90384124517738,13.494261848805309],[92.90734188142272,13.498530211999707],[92.9126563540076,13.497705501307905],[92.91610717230822,13.49973790977674],[92.92046417987808,13.499691678328361],[92.92328625875388,13.495275821821792],[92.92973764347755,13.50186105894079],[92.92662185321603,13.50739449306144],[92.92294878365948,13.512342216719958],[92.92699376245224,13.514915486460609],[92.92764253157765,13.518899622519598],[92.92723969555556,13.522096771748693],[92.92309644694353,13.520960516114997],[92.91619760273721,13.523954101100912],[92.91405296067563,13.52647396010525],[92.91428875032562,13.529721677313603],[92.9166606088001,13.534912563264243],[92.9303738274902,13.53819138172696],[92.93602638221182,13.5381352811184],[92.94136911059604,13.536621087193453],[92.9494168917762,13.539165624494046],[92.95335729380412,13.543537878270513],[92.96006087900639,13.541012665602068],[92.96835927695912,13.541356972846074],[92.97313624813938,13.535215405466658],[92.97393393870038,13.529560585352783],[92.98131571974471,13.527230124470691],[92.98942087047686,13.52748452379177],[92.99015681088815,13.533400843374295],[92.98959450438292,13.53737786129932],[92.98635753677098,13.545173686616408],[92.98218063372934,13.549077175071602],[92.98446785700605,13.55991218909628],[92.98773015312412,13.56560905341513],[92.9869273040519,13.57071668462737],[92.99035239095014,13.573527982430505],[92.99142994603523,13.572359221700765],[92.99314239280721,13.567248929394623],[92.99714017068237,13.563006026906692],[93.00228508778662,13.560242462419751],[93.00551944017008,13.554708206318708],[93.00716056620723,13.547924485226872],[93.00955755084038,13.54246734419263],[93.01294431402891,13.543601465735094],[93.01341850585942,13.547421314542078],[93.01528903006476,13.550622981965091],[93.0146863916637,13.555457933336982],[93.01514324546446,13.557018207624253],[93.01479714137503,13.560155220087381],[93.01641749756953,13.565597660803462],[93.01632694033611,13.570703668739384],[93.01991891892305,13.572548547877204],[93.0214605529622,13.57104324734803],[93.02505037047825,13.57523183078439],[93.02829951491077,13.577829638527021],[93.03018817754241,13.571134792936391]]],[[[92.69742646865666,12.239906732309919],[92.69981393126795,12.238948321208113],[92.70193305776445,12.234161245245332],[92.70429529439241,12.233227440494034],[92.70813619632844,12.221330831652608],[92.70718600143289,12.219402551186818],[92.71008091819988,12.215728312511658],[92.71039046844544,12.211653821566642],[92.70997269828143,12.207182744887803],[92.70858169259111,12.19979544200612],[92.70657493728356,12.198927077322821],[92.71093071727881,12.192810628907466],[92.7125196952278,12.189183182857676],[92.7097596920562,12.188387468107237],[92.7049333319078,12.177320510832942],[92.70370775650781,12.164567067516202],[92.70683486473729,12.169883220034649],[92.70891546877391,12.171369160858148],[92.71134451603666,12.174362321364072],[92.71347613231774,12.175477864711752],[92.71285631866425,12.171599130995162],[92.71316108631515,12.16984619134871],[92.71178202452086,12.169028485476247],[92.71261376791114,12.167375362483028],[92.71141516947455,12.164211730986665],[92.71169508076343,12.162335254168681],[92.71489823116849,12.167355098958694],[92.71734025924565,12.173399303934787],[92.7176679991789,12.175754908062629],[92.71979763964941,12.177885748228732],[92.72034602105208,12.179862612769398],[92.71979386609411,12.179787460023306],[92.7196163201371,12.18070093200248],[92.72122043007886,12.182012985311076],[92.72077206587818,12.180233894278842],[92.72230613482031,12.178878460372687],[92.72456617608822,12.17856170206096],[92.7301335218446,12.181585359476799],[92.73545432295867,12.18233626100971],[92.74487292904251,12.180106167165945],[92.74595541600968,12.178527490051692],[92.74839288182608,12.177297042124849],[92.75114916809969,12.180092883279997],[92.75350910965773,12.180047741809858],[92.75725395950269,12.1777575588643],[92.7570450074212,12.16854490832094],[92.75785582538612,12.16447121687321],[92.75480606244986,12.157525684362895],[92.75581415749741,12.160109737874166],[92.75559190804017,12.153377858201623],[92.75291959146602,12.14776575948224],[92.74997086016714,12.138919531411318],[92.74581975777568,12.130588837904611],[92.74395643534126,12.120409934171164],[92.74147961609145,12.116182072844424],[92.73920027807043,12.113732799828881],[92.73650176784236,12.10738047542867],[92.73648855680153,12.101156594901],[92.73557205410708,12.095397204317578],[92.73536882980773,12.089134451493805],[92.73740881956144,12.079177190175244],[92.7357357774842,12.074802575678348],[92.73703370604073,12.078484956815373],[92.7399979812219,12.0768850440096],[92.7412852887851,12.072935734196847],[92.73925701449969,12.070610416537534],[92.7420135013221,12.072690085279248],[92.74196930953605,12.074414633328729],[92.75469339358528,12.06887240473776],[92.7581280438742,12.063308122072215],[92.75421988883687,12.057541273411061],[92.75032679924243,12.055958961237138],[92.75179080919855,12.055029296065186],[92.75707681014671,12.054851556753988],[92.76009820576763,12.055792573168787],[92.76183318055689,12.053156971417138],[92.76132348439137,12.051134986990121],[92.76535277900763,12.05194671506888],[92.76537880808559,12.048035571584421],[92.76705400044182,12.04687822055348],[92.76988555187677,12.047631663570485],[92.77207353406641,12.046774584479522],[92.77832196338795,12.050640275328476],[92.7811756237561,12.049653254094437],[92.78349877944515,12.047579911184016],[92.78156502930273,12.044376598900953],[92.77887050846726,12.041359129720092],[92.77590610468303,12.04049327144736],[92.77668897891328,12.038567072912144],[92.77612120812734,12.037087714226686],[92.77569715619887,12.029545305271654],[92.77912517308835,12.026126465064351],[92.77691067348883,12.02443799241945],[92.77376483957573,12.02564953210026],[92.76933411277912,12.026278214867773],[92.76450611226733,12.025802019347736],[92.7650814076809,12.023033368295387],[92.76133895452921,12.021529741404493],[92.75717221292734,12.023375093585742],[92.75726147783502,12.026556602705114],[92.7537612273988,12.027748091101557],[92.75306458646156,12.034408968399248],[92.75135708596082,12.032478402756112],[92.74922086155357,12.036217338659299],[92.74739447427561,12.036887751768404],[92.74394432686927,12.034963692720282],[92.74239098275768,12.038675219985464],[92.74046615299062,12.041123215963694],[92.74129973009855,12.042696693197854],[92.74016118299227,12.04153436172146],[92.73841241709943,12.04134402290839],[92.73999385063576,12.039531683040764],[92.74058896980517,12.036482425523559],[92.73985135665487,12.034441277443022],[92.73750962367023,12.036177368290964],[92.73776315604488,12.03280935596706],[92.73597973207904,12.030878560097506],[92.73845302148982,12.029928698850426],[92.74107616583245,12.030158057448432],[92.74125106778263,12.028137288005496],[92.740741109015,12.026358548608187],[92.73903360761494,12.024502766089824],[92.73450942506997,12.024269890243318],[92.73346996436743,12.02104920215902],[92.73544842970131,12.020341728887729],[92.7385848018472,12.020553336667206],[92.74060215296703,12.019378052255377],[92.7395365022079,12.016646143005119],[92.73631136337877,12.016413420942683],[92.74100802959697,12.013280617306691],[92.74243390560031,12.015788334564036],[92.7459667366756,12.017460255186677],[92.75025214292214,12.013107627315208],[92.75094878835597,12.011665555421075],[92.7477127182674,12.00881761204323],[92.75058624735749,12.007175940117577],[92.75104799167156,12.004182549385177],[92.75342686216004,12.002727100974994],[92.75679157666997,12.002714336897156],[92.75825333922029,12.003802312426842],[92.7620995210761,12.010901600228692],[92.76599515215463,12.011713065705464],[92.76689113142066,12.010311074796334],[92.765586994844,12.006079483081749],[92.76622039365628,12.002674652513235],[92.76884925049256,11.99955396454385],[92.76558235704022,11.99803250589548],[92.76320429504221,11.999095071980037],[92.76003187806879,11.997910564121298],[92.7463113379979,11.99569669584588],[92.74367101120828,11.994662673343726],[92.74317908204904,11.992449587478518],[92.7433021147009,11.988617435945969],[92.74973885216633,11.992502771585691],[92.75384467639077,11.992547502065634],[92.75723798664382,11.98718261078892],[92.75557045920937,11.984316448945037],[92.75225119014038,11.980399374431613],[92.74759847199192,11.978107983696532],[92.74567608478355,11.979508072539545],[92.74589893678655,11.98233426581379],[92.74509554542317,11.983170638913919],[92.73617691473288,11.97698317013726],[92.73351296545104,11.978494096825159],[92.7337682649935,11.984183570515427],[92.73716634075407,11.986510323492666],[92.73722823749324,11.993995966340833],[92.73889449418562,11.99746106947282],[92.73419751140608,11.998369432403422],[92.72842489089606,11.995158678230439],[92.72987128762986,11.994263106357323],[92.73027258671056,11.993159737132203],[92.72758861132542,11.985220093132853],[92.7275175810716,11.982618741162014],[92.72341486490416,11.981057819362945],[92.72486271853967,11.979376292182167],[92.72456658887705,11.975239985437042],[92.72639195632377,11.974906550996593],[92.7286692987492,11.976763461264795],[92.73135418964421,11.974242073412995],[92.73314704120304,11.971007889202781],[92.73136532415043,11.968403377913603],[92.72748792952439,11.968377471143413],[92.72513315637013,11.967287675385933],[92.72589725365538,11.965305437396069],[92.72407803937006,11.963222566168554],[92.7225569566383,11.962772815213327],[92.72036817495137,11.964321940605146],[92.72027609246777,11.962805948036134],[92.71808909143846,11.963438083300957],[92.71929099668222,11.961138559097265],[92.71927852128681,11.957788761642064],[92.71626973236232,11.951046086507745],[92.71809662415995,11.949851865970913],[92.71732295179282,11.947005899302837],[92.71841881797411,11.940570415492346],[92.7183286816234,11.938062590316349],[92.7159157969765,11.93768374281052],[92.71470576815676,11.934481377513634],[92.71552846346788,11.9314708852732],[92.71896170811641,11.935050857011504],[92.72288010283455,11.933280409363476],[92.72452148517846,11.929652988494695],[92.72431427868105,11.928553907237074],[92.72566681047499,11.927016468535271],[92.7253511484368,11.923160821314923],[92.72416175995733,11.919078977512868],[92.72510105956633,11.914851390479328],[92.7245536350423,11.912941553310077],[92.7254894920465,11.910491776674178],[92.72451094782207,11.905760764447791],[92.72287957763047,11.902926366658562],[92.72548985537259,11.903070200629315],[92.72676704826074,11.90067563607181],[92.72385239227413,11.892205240979138],[92.72503125059183,11.891814443281987],[92.72621604713294,11.88831713902482],[92.72431348997566,11.879667768952402],[92.72344196867198,11.878356170700783],[92.72542463294053,11.874916493201624],[92.72554464746759,11.871772772695351],[92.72721182686439,11.86434641855243],[92.72448357335827,11.850380747573467],[92.72052998277252,11.841465536105659],[92.71968148771055,11.838132861742224],[92.71670293039597,11.833251464883233],[92.71554052877246,11.828038255960792],[92.7100276396639,11.819337610142668],[92.70528805240178,11.815368124939084],[92.69902862706954,11.814651554125987],[92.69469429410645,11.817306915781614],[92.69564802603566,11.816544453463791],[92.69625397484111,11.8133493672795],[92.68495876333634,11.818260487631449],[92.6795260667746,11.819048690344857],[92.69336307804366,11.81289207191162],[92.68963746020069,11.806700666802385],[92.68301077063063,11.805158877180475],[92.68058946922866,11.799352123801498],[92.68756000738847,11.805133171858472],[92.69787822779801,11.812345008915088],[92.70994300896274,11.814782513402292],[92.71255770507406,11.819544930853908],[92.71894785226164,11.826259126257696],[92.7195136031703,11.83143791362886],[92.72637414974724,11.843836078872016],[92.72796243791623,11.851335925612545],[92.73072121531192,11.854063474949442],[92.73070363986113,11.86335835950075],[92.7315233530204,11.87281977241463],[92.73311620075214,11.876894247171833],[92.73142060637593,11.882856981664418],[92.73260539572249,11.89124656457733],[92.73158899003994,11.897157133894666],[92.73305488587437,11.904584737195933],[92.73672188770502,11.914683816205184],[92.73992447243648,11.919392077382497],[92.74234406512659,11.924731385644975],[92.74718859247963,11.932659986868941],[92.75129518652369,11.931924802787478],[92.7554249524996,11.933802070109493],[92.7590537718142,11.934743415676166],[92.75932913433212,11.93691637379169],[92.7649648681342,11.94006111682711],[92.76907153682203,11.939325675539521],[92.77320452686746,11.939497711350327],[92.77840119995545,11.938268982927298],[92.78209069472985,11.936487657979058],[92.78424081636064,11.936656224205421],[92.78424475988783,11.934346247181622],[92.78269718582652,11.930175468523089],[92.78775153040885,11.92497458660796],[92.78778249766418,11.918631656525804],[92.78559839155258,11.910203624897406],[92.78402922386965,11.90751260422337],[92.78398925979656,11.904040999892288],[92.78821084565408,11.901050456413486],[92.7862568850473,11.900634752891563],[92.78062206135911,11.897270450271094],[92.77920766879896,11.891630620956448],[92.78198774303996,11.88959966848995],[92.78452186709058,11.88641445146584],[92.78776371981985,11.884714780462787],[92.78616430523857,11.882825633995878],[92.78682603539329,11.87781076335608],[92.78621937792201,11.873956705237788],[92.78647300562477,11.871925199688292],[92.78508575550325,11.862222615581288],[92.78378669649891,11.858968309939598],[92.78619431381657,11.855094768908486],[92.785340899463,11.85238900205087],[92.78056392918205,11.849667998879113],[92.78035242032797,11.842737656817462],[92.77632108065342,11.832947397804219],[92.7763287860447,11.825888519239811],[92.77412641020572,11.815218064062435],[92.7747367647899,11.812808314452184],[92.77440506064511,11.810910258401748],[92.77092706932882,11.804386914424583],[92.77087577739525,11.801774326324164],[92.76928839304497,11.799654145822217],[92.77128745015574,11.789730005635306],[92.77026362146904,11.784585773814456],[92.76712024900036,11.778475450681526],[92.76885500165707,11.776030880221015],[92.76866570156096,11.772538052788946],[92.76477728214593,11.767681235300813],[92.76563721118839,11.764667904800035],[92.76399801419706,11.7604026055958],[92.76545290862487,11.758342574450296],[92.76582143371223,11.753618782880551],[92.76396240554067,11.748880010404207],[92.76107758096566,11.74574142412746],[92.76166118071899,11.74026855484999],[92.75973936637871,11.738120257044272],[92.75885319961554,11.734241222054777],[92.75855866804812,11.728910246910402],[92.75607637282639,11.726453908820872],[92.75670280728878,11.72154006622111],[92.7547806242265,11.717569134008386],[92.75634784397789,11.715014328248685],[92.75761155602856,11.710498988737413],[92.75742103195512,11.707783639603349],[92.75522707556917,11.701894828483603],[92.75271267185241,11.703622986411744],[92.75173225523946,11.705738793510534],[92.74706297697486,11.710900656540105],[92.74599623533805,11.714418792693152],[92.74312401116424,11.713341219621611],[92.7423669798523,11.710213386538612],[92.74382659122426,11.701676967717958],[92.74450342729142,11.69131607177934],[92.73992860392201,11.690675472095393],[92.73662637700573,11.692683136617518],[92.7324936927298,11.69761675800703],[92.72995262321507,11.698632580029596],[92.72831304221319,11.69505459489369],[92.72657765373577,11.69793893743207],[92.72287916124435,11.697895574820961],[92.71988987861505,11.703756278529454],[92.71431867746503,11.703958902981014],[92.71449316482773,11.699236621373018],[92.71232514309094,11.695173525737687],[92.70622206939305,11.705271043523908],[92.70236672524425,11.707628694508685],[92.70223039971324,11.70600593802368],[92.70508055362473,11.703976376808384],[92.70232147045954,11.702266121684204],[92.69724417517858,11.701706377347477],[92.6988362333056,11.70091194413095],[92.70564453736557,11.700952454991864],[92.70737860383957,11.698865744558532],[92.70685048596124,11.69781974668399],[92.70389235764623,11.698034127073356],[92.70233763937063,11.694043669679672],[92.70422831828233,11.683212285318746],[92.70116864121985,11.678393957015544],[92.70133977680933,11.676496785897996],[92.70349495892526,11.673012978666065],[92.70818342332637,11.672398524971982],[92.70859611232078,11.670602634603938],[92.70198132977458,11.667106762966796],[92.6993037530658,11.666698311577875],[92.69238229720531,11.667858300320347],[92.69108735349863,11.664335790764198],[92.68593909901028,11.663227378141016],[92.68399450933919,11.65887036607461],[92.68693764505633,11.656090211793867],[92.68422941045901,11.652515734913266],[92.68067756321904,11.652043217620474],[92.670983295143,11.65432271392217],[92.66592463741216,11.654202490752368],[92.6668941479466,11.653067796341759],[92.66564214866628,11.646978617169509],[92.66900195917316,11.641155438572696],[92.66819256393575,11.636863819809491],[92.67099487751165,11.630746146517481],[92.67292929764903,11.630603359357622],[92.67349083793187,11.628844485984303],[92.67599455500476,11.625535859492345],[92.67962746173805,11.629076690037266],[92.6800623810741,11.634687544994279],[92.68165498778751,11.637916917831546],[92.6848618182184,11.634073663269021],[92.68498353516208,11.629050570127731],[92.68623648772376,11.634846355375032],[92.68641523157771,11.638440037277974],[92.68781762448384,11.640864274067042],[92.69060626926398,11.636700995754381],[92.69096731019329,11.631335568481745],[92.69477876023166,11.622469586802026],[92.69495906620801,11.625329939025505],[92.6934934968275,11.632880458966042],[92.69437395559362,11.639042163964746],[92.69946683162902,11.640555276005216],[92.69971948986262,11.64447909813191],[92.69952521022032,11.648695396875098],[92.69684534743487,11.649533594699676],[92.69505565969098,11.651656816708794],[92.69705197656754,11.653685552346417],[92.70111252442354,11.65489510092823],[92.70498755023533,11.65160246258364],[92.70689580459776,11.645849392435537],[92.71076795078034,11.643949997294612],[92.71187367532991,11.647371120880564],[92.71011996856174,11.652052137096518],[92.71387426308684,11.653452493038174],[92.72053261778615,11.653501488103245],[92.72432143008996,11.656368446746455],[92.72740697255381,11.657400739852335],[92.73011605071525,11.660852331569913],[92.72060296545453,11.663438318623548],[92.71723676256659,11.665265438848962],[92.7169902350114,11.669150652180917],[92.71747283820099,11.672019597426527],[92.71611623427685,11.676850048590893],[92.71783734421814,11.681949917754537],[92.72084372385882,11.685622148243624],[92.72203509804137,11.685147674025984],[92.7236334064566,11.685883945387843],[92.72199206188418,11.688227601122946],[92.72533919644684,11.688584741692523],[92.72635988110369,11.68783316656743],[92.7270987011442,11.680383180939089],[92.73093576837107,11.680140559139545],[92.73153780692434,11.676474966546493],[92.734751506377,11.675792648212166],[92.73901253739876,11.677955035696414],[92.7435916253533,11.676129803147944],[92.74693840108642,11.676869021588118],[92.74749995665775,11.671294573885518],[92.75167951629669,11.66760055642061],[92.75656149321838,11.665623734148085],[92.75543752232386,11.660832174165535],[92.7551950192348,11.657046542763794],[92.75775998913224,11.656649049613975],[92.75683770919301,11.653676000646954],[92.75612025524566,11.647576000831805],[92.75189097838603,11.644477868758713],[92.74780267205574,11.6446315476079],[92.74611093397249,11.640861367458172],[92.74920042535939,11.63939935669498],[92.7518861858988,11.63511397203223],[92.75182346628003,11.628550466131173],[92.75283605074321,11.623858831619827],[92.75217098410371,11.621364325403363],[92.75436924464498,11.619204752797145],[92.75272240701355,11.616408670623684],[92.75322760746815,11.612786053033972],[92.75074502356404,11.607538378493416],[92.74859247106576,11.60496795420778],[92.74804252574205,11.600530281946988],[92.74261991777502,11.596487436346138],[92.74117526482667,11.593294862867651],[92.74428279301657,11.590293561698559],[92.7440501168195,11.587066501917604],[92.74293707088918,11.58317531259064],[92.74073362845422,11.578878985876543],[92.73796716455308,11.578219034580854],[92.738977963862,11.574517443025627],[92.73928344467527,11.570117928999252],[92.73505130167626,11.566187057087063],[92.7301996382028,11.559670383381558],[92.73101782701116,11.555399735909134],[92.73369689209795,11.554451172383722],[92.73359621029692,11.548510916445707],[92.73084762222004,11.546855992110409],[92.72875238081775,11.540036188419435],[92.72484886088625,11.533388370177192],[92.72368430358779,11.526297552190329],[92.72726914515499,11.518036704530346],[92.72058494214144,11.507090294181808],[92.7169448120535,11.498826266519018],[92.71703951965816,11.494470321048539],[92.71424299501825,11.491203105638874],[92.71247147178104,11.48542340206842],[92.71180451386726,11.479059711136813],[92.70907498961913,11.481539218460227],[92.70780125912086,11.484626490320295],[92.70923390881791,11.49125348835787],[92.70490171084532,11.493560483229771],[92.70376847873234,11.49803388645472],[92.7001640993937,11.503590500601149],[92.70070511894613,11.505480974467446],[92.69887075827893,11.507119006836717],[92.6935666476827,11.50607871695928],[92.6907742473337,11.508450456723267],[92.68779874501615,11.508562746073949],[92.68521537229168,11.512045895002075],[92.68104829794066,11.510704052550011],[92.67809741186613,11.511698566935365],[92.67504234922512,11.508487899996624],[92.67455901128938,11.506023256668016],[92.67243918601969,11.504759430403453],[92.66699361926015,11.504137291103177],[92.66449115943954,11.50628104913119],[92.65771208514468,11.514621629784415],[92.65340579574092,11.51700241672819],[92.64721513257234,11.522194867499195],[92.64584011862661,11.523988829720736],[92.6468102937601,11.527065806142105],[92.64407555344411,11.541008576784463],[92.64747366697623,11.544419727788238],[92.64969648170734,11.547799980784532],[92.65043886576109,11.55204347682502],[92.64400369581398,11.556975967766732],[92.64312610948241,11.563094383898772],[92.64535012390917,11.56859321030845],[92.64552864563058,11.572946677247387],[92.63962367099566,11.575694338123242],[92.63546822937536,11.578673183220872],[92.63236627698217,11.577724154746022],[92.6318541697342,11.571936057802873],[92.6298611704567,11.572672748248806],[92.62390101432044,11.56638037895135],[92.62257264730988,11.563932372181284],[92.61998594529518,11.561351961823618],[92.61746491627292,11.563013608591234],[92.62021502870067,11.576523392540594],[92.61965951837215,11.581301359270356],[92.61844877908794,11.585021926520767],[92.61487408816868,11.587273992600728],[92.61095211145084,11.593507833120043],[92.60807748518783,11.593538512592318],[92.60790179273363,11.596427812193838],[92.60896358270321,11.600431277381574],[92.60649076993315,11.605464211803962],[92.60565599223031,11.608981840739432],[92.60877659116682,11.616490858766156],[92.60863917745615,11.619065338094913],[92.60979854836438,11.621513031001655],[92.61184578485512,11.62188803930161],[92.61742647115477,11.621844759428143],[92.62115100261673,11.620000534996734],[92.62498368295064,11.62019410057735],[92.62748764014253,11.626441994802292],[92.63002979693766,11.623965296960932],[92.63073979460592,11.617279767447371],[92.63575992358165,11.615771550416753],[92.64301492090192,11.623418679128804],[92.64493909146597,11.628609367228592],[92.64502208180369,11.633685043729827],[92.64371525985143,11.638424369289282],[92.64166567433148,11.639049854966856],[92.63806731505463,11.634689164673262],[92.6340999090836,11.635847705507274],[92.63502945734365,11.6410223497017],[92.63701524945424,11.643170780607079],[92.63802373930417,11.646025573221664],[92.63585731296467,11.648484610176695],[92.63532556901987,11.651021218154767],[92.63354304347672,11.649794843257439],[92.63209207099231,11.651607051824044],[92.63104247672896,11.650363711216357],[92.63302177393575,11.639049996160452],[92.63177807269994,11.63211947333508],[92.6318982131321,11.628766943739492],[92.62530282536517,11.628752729055236],[92.62033237224125,11.633113499388514],[92.61575634288096,11.634166727812271],[92.61245311142198,11.635745055090297],[92.6104344769696,11.63396976189506],[92.6078893551097,11.634697599414721],[92.60797829716074,11.636883583310748],[92.60682657948314,11.641787554052428],[92.60297219940753,11.648357003572926],[92.59958425990573,11.650701859902938],[92.5995957694293,11.653832366670429],[92.60081121846304,11.656428409043883],[92.59969802684253,11.657047058974626],[92.59841871425232,11.658960725457177],[92.59492017072938,11.666382970597681],[92.59321347602116,11.666858428673606],[92.59119645045587,11.669484150473238],[92.5930684594419,11.672581861663616],[92.59668411717831,11.674758374799183],[92.59825433167214,11.6810774431695],[92.59927523306561,11.692679022219124],[92.5965922298476,11.696319941911838],[92.5954660016547,11.699810759359082],[92.59357999112376,11.702757791838678],[92.59337863111898,11.705429227077218],[92.59510488967896,11.709689058403399],[92.59648185425425,11.710192337006788],[92.5903942192179,11.714642533226368],[92.58835473937978,11.718638889273393],[92.58899930057731,11.72423445395691],[92.58855625226931,11.720843642919817],[92.58582800685707,11.714131845108625],[92.58238169415989,11.716902343368474],[92.5755416026629,11.716200945017647],[92.57464286067955,11.714772524832199],[92.57481944346262,11.7117165817549],[92.5737130767971,11.707936623276566],[92.57293247875094,11.699301454398665],[92.57056887695217,11.698101399060363],[92.5663279394829,11.694710504386308],[92.56554421359465,11.692411735613177],[92.56296656055838,11.69355402299982],[92.56151467796008,11.69545844894833],[92.555132328794,11.714911074386634],[92.55243815779482,11.721376005598245],[92.55278309726219,11.725301558020533],[92.55233558292088,11.735835595936067],[92.55417650684035,11.741873234062552],[92.55310431621126,11.744098852879802],[92.5534650441765,11.751746566151155],[92.5529067729293,11.755379039411196],[92.5517183566169,11.757006180990516],[92.5537963544183,11.761587192594902],[92.55289875727186,11.763641942921367],[92.55892532834127,11.769249083678346],[92.55923863145773,11.771769006534498],[92.55859467460459,11.773675340844363],[92.55605675001908,11.773650649058254],[92.55464931371489,11.780111827398969],[92.55230658697946,11.78466281153959],[92.55316473176703,11.787313733242229],[92.55264766835529,11.791054156624057],[92.55386333502497,11.793594812450692],[92.5508264890513,11.804905038137065],[92.55089479615799,11.807628114246143],[92.54960952825718,11.81027376502226],[92.54977164544516,11.813071162903896],[92.54908580896296,11.81658887457695],[92.54550539385889,11.819673381021744],[92.54146520575472,11.818718648147126],[92.54062977604337,11.821865493797532],[92.54171239700958,11.824961561027294],[92.5453520702419,11.82815659954747],[92.54650803991416,11.8320122818414],[92.546273964372,11.835308818747023],[92.54464927254594,11.830914801377048],[92.54179555102394,11.829185039957679],[92.54187899102266,11.833297381568968],[92.54130643314545,11.836574542581104],[92.53782193883148,11.838788584425686],[92.53506153276356,11.837318312490197],[92.53289593739765,11.833703929992453],[92.52336285750994,11.826393931035113],[92.52024737931316,11.828905071112217],[92.51772731706211,11.833763959738974],[92.51892084781895,11.837496342282407],[92.51888678239914,11.840879794167222],[92.51717081028471,11.845024517667412],[92.5144326057802,11.84699320916934],[92.51557139120678,11.852951463239492],[92.51891516680155,11.856644754951503],[92.51943375816148,11.861478792612218],[92.52067552315691,11.865976910106383],[92.52479572844015,11.872458206281237],[92.52473499722242,11.87645901846895],[92.52588568697496,11.880681097154934],[92.52620907418947,11.88483107719253],[92.52617403480394,11.893385245033073],[92.52942126278111,11.896628149069898],[92.53459584582168,11.899736714178061],[92.53779268298598,11.90478306198878],[92.5356439867806,11.908103536149326],[92.53422958792521,11.911919801157921],[92.53649678779658,11.914461141368633],[92.54023611940147,11.916709809809902],[92.54193007881014,11.921126664563985],[92.54550056449949,11.924066370266814],[92.549108034808,11.925656003821587],[92.55546010110282,11.926297412895337],[92.5600861759363,11.935068135685981],[92.560315271033,11.937044489411733],[92.55820342904508,11.939015094670935],[92.55899221631779,11.941254706939219],[92.56083169592608,11.944422044541795],[92.5631091885383,11.946399293992272],[92.56537303843504,11.943836285516227],[92.57092501747564,11.930216756398238],[92.57597399490402,11.927092311960678],[92.57883189467628,11.927617787630822],[92.57991569285502,11.925446987888222],[92.58090254231854,11.92189289234318],[92.5807306935667,11.91915306726031],[92.58349052496783,11.909673742549217],[92.58285509728495,11.905061721421362],[92.5848133107857,11.901995922673734],[92.58503625901619,11.892808945976128],[92.58582162436852,11.889526014913713],[92.58810930989677,11.887185112003351],[92.59149510631414,11.887020143964548],[92.59224409229108,11.888404956923296],[92.59375449377495,11.896459900304194],[92.5936227080216,11.899126936958623],[92.59608230075764,11.898317626257494],[92.59836590246448,11.896605022104154],[92.6005206304228,11.898525458683025],[92.60240749890698,11.895985936002205],[92.60158870755288,11.892279405370289],[92.60233300536396,11.885069391239483],[92.60138523324196,11.882893820593381],[92.60099137695056,11.879781007987162],[92.60181977036615,11.875389110319247],[92.6006735205666,11.865751984266694],[92.60462678469844,11.8587468734695],[92.60608214047846,11.858305629201482],[92.6039643323881,11.863215652380518],[92.60345509937338,11.86649928671278],[92.60668133087876,11.87011251178302],[92.61052565743319,11.870943107638368],[92.61110152031898,11.873204341407302],[92.6113302592841,11.879239259084613],[92.61001801711785,11.89089087191627],[92.61089017873883,11.904007327476222],[92.61025385533122,11.908006909391418],[92.61169129211947,11.914813761046275],[92.60993318856583,11.916428089085116],[92.60887422066878,11.918821354122258],[92.60576454849519,11.918715468843857],[92.6061311139598,11.92421623688989],[92.60767606379937,11.92706763816102],[92.6110820392048,11.939918161494006],[92.60991714196257,11.944657455577158],[92.60817710129226,11.94862980332283],[92.60912297944202,11.951719161610072],[92.6098062348699,11.957697538910338],[92.61233583802857,11.958419524541455],[92.61330763014308,11.964250363563451],[92.61201357226861,11.970545310317846],[92.6125715845111,11.978622686387894],[92.61198435599329,11.982992818663718],[92.61669662994558,11.991083207024417],[92.61265235082539,11.99806150363554],[92.61663997985124,12.021725872750892],[92.62001285750745,12.025762450976401],[92.62109142882645,12.038451894939044],[92.62005154724119,12.041470151926035],[92.62414039676196,12.041923909361003],[92.62704041088631,12.043902651686096],[92.62160483379608,12.051925744677419],[92.6241811585337,12.059591341866962],[92.62035694261886,12.063562816370904],[92.62049465940106,12.07403260761879],[92.62234700111327,12.090178718173377],[92.62502246621392,12.105200775995058],[92.627920083645,12.111109964853028],[92.62912186748025,12.112372224498586],[92.62951396469776,12.116472870426662],[92.63047624378368,12.11277040922704],[92.63232679224774,12.115688830675026],[92.63197780133453,12.119910858099672],[92.63571806014045,12.119578010017221],[92.63138199957967,12.122700788910322],[92.63692632538965,12.145780478186566],[92.63930605113342,12.152593798664952],[92.6466455712362,12.180996119175632],[92.65363453470604,12.196105559623902],[92.66137275664744,12.215134520741572],[92.6630257825139,12.216990351823313],[92.66500762480212,12.217760190380545],[92.66522209242567,12.215400967380788],[92.66431882955038,12.211288013331227],[92.66152109352373,12.204811336973648],[92.66057741061906,12.2001168165379],[92.65860179074014,12.196605556601185],[92.65658029194697,12.19116778966179],[92.65401422577594,12.18229589493967],[92.65619728147942,12.182769851147782],[92.65890437393779,12.184677364468826],[92.65792865538322,12.188832427474608],[92.66054749646986,12.190929322730085],[92.66469072439747,12.202002585151206],[92.66887548661447,12.205691356870659],[92.67362142938549,12.216963348779586],[92.67705925068395,12.217884331896471],[92.67784534538646,12.214280142314749],[92.67753921256468,12.204845085832119],[92.67801910249966,12.203512420062168],[92.67884328528942,12.205539321082824],[92.67911061955948,12.211517956488535],[92.68028058088419,12.214383982534798],[92.68392450790975,12.212835559513508],[92.68496252879771,12.208777454216204],[92.68661023697291,12.213211530088074],[92.68677904421759,12.216496638409183],[92.68554336403508,12.219037945344951],[92.68513309151899,12.223062786518426],[92.68823070288471,12.230577152813396],[92.68812489314934,12.233120772805478],[92.690002854748,12.235619046282011],[92.69501614707758,12.239778387362719],[92.69727539604276,12.240104008493233],[92.69742646865666,12.239906732309919]]],[[[93.84861388352397,7.240511941073294],[93.84524859704516,7.231975322603091],[93.84481576413629,7.221592670265579],[93.85327528732472,7.214631516531313],[93.8609088839379,7.217217169936475],[93.86955440581124,7.216691244605329],[93.8806787470266,7.204043877223228],[93.88234973145501,7.1997710767738],[93.88175228394078,7.192152000614385],[93.8834202097749,7.185702089879612],[93.8803901446895,7.177165269061959],[93.88405930759103,7.162841490742267],[93.88773815439237,7.155635176422322],[93.88722016467892,7.144834045255038],[93.88517284724918,7.137393166161758],[93.88761291390489,7.125741851904991],[93.89062024143107,7.118117783608852],[93.88792510635864,7.108994348510407],[93.88790618102547,7.095261766517353],[93.88973473836757,7.083954967247962],[93.9011278509696,7.079082509650164],[93.91199311818792,7.056877365198318],[93.91566962315466,7.048833563518201],[93.91264010755498,7.040296876699529],[93.91639291280273,7.027061385074887],[93.92032813473571,7.024292514587898],[93.92737280760906,7.027380586844629],[93.93951064879747,7.01723097313095],[93.93992452219902,7.013713500677568],[93.94653764010008,7.00842844851411],[93.94779559559032,6.999797733978312],[93.94217472758169,6.995870496226473],[93.93271506474849,7.003086084355346],[93.92350845495127,7.011639784548493],[93.91384000281391,6.999851031400055],[93.91969698332917,6.993143910063452],[93.92806855012356,6.986851795274163],[93.9302271667504,6.972781177909098],[93.93608043036761,6.963896792503022],[93.94447409800131,6.954262471435982],[93.93515095225467,6.953712363334944],[93.92777165243984,6.955200306049335],[93.92004964887224,6.946419076479231],[93.91601863025562,6.940228327875104],[93.91517173149026,6.933865613607225],[93.90963317033459,6.928095577748763],[93.91431315053154,6.919129348640581],[93.91379963674387,6.911426384620029],[93.91077708189687,6.90707632880958],[93.8996321569985,6.906589229909059],[93.89886777013152,6.899054037114183],[93.89676359576339,6.892106804885202],[93.90002314715059,6.886073390874344],[93.90152518404005,6.874517126863964],[93.89438495460206,6.869274771813309],[93.8930363501475,6.861966831404175],[93.89470301423279,6.855265701351072],[93.89485753125012,6.845552096052415],[93.91034198089778,6.834645408758661],[93.90421147158219,6.823851815708792],[93.90185858970221,6.818579622051971],[93.90126537709551,6.813556250120882],[93.8947196337042,6.80510765999054],[93.888640778749,6.804604134972919],[93.88499033703448,6.79632819489035],[93.88055084094862,6.796668941718337],[93.87846730332348,6.804961575016705],[93.86976684636295,6.814351312862868],[93.8605548010633,6.816958885444251],[93.85175431970617,6.813787927171177],[93.84807250514206,6.806262044158075],[93.84645866093854,6.79939171475587],[93.84812678012685,6.793444323596702],[93.84576221515414,6.778039597049826],[93.83762003303815,6.764400331410229],[93.83099369600234,6.757123128030003],[93.81725775234344,6.758646595763821],[93.80913813871416,6.763680252341828],[93.80462155544046,6.769714544090959],[93.81359639016131,6.779669007618679],[93.80966381313453,6.783692966557226],[93.81034327881935,6.791730999086383],[93.80917742649711,6.797761457025672],[93.80860116880893,6.806554574733866],[93.8147209662996,6.810148181993043],[93.8159858501669,6.817180653764183],[93.80165719482375,6.814768841109185],[93.79705573983057,6.820300766167463],[93.79362812224014,6.826752447667388],[93.7869328989342,6.833124025653319],[93.7881994393527,6.841915081216086],[93.79239315162272,6.846013522006501],[93.7952480251763,6.851536979048376],[93.7887944568987,6.849534553077206],[93.78586336040581,6.850710158547031],[93.79131266744571,6.853718609326393],[93.78553402057867,6.855902269374269],[93.77716379647211,6.863364200697333],[93.77591556535111,6.871153192965551],[93.77399662884142,6.878607964785772],[93.77902957765292,6.883710433889462],[93.77878766991512,6.892251951866115],[93.77116610533153,6.895358626599375],[93.76882760630906,6.902395153413636],[93.76397450841688,6.90876448669178],[93.76657865817862,6.914790794259773],[93.76079690865049,6.91488076963185],[93.7563500785933,6.909526288907159],[93.74780905074715,6.915229475459967],[93.74320857781368,6.923189382084388],[93.74489140271612,6.929802941552566],[93.75228025872701,6.93075400789121],[93.75111997051027,6.942939103057199],[93.74743470884482,6.957768765316303],[93.74241222634322,6.96321698507586],[93.7357913077227,6.962805141444164],[93.73202672945007,6.969256823843409],[93.73304328262145,6.979890516534169],[93.71361346848681,6.993475597121176],[93.70397506449768,6.993150033547238],[93.7067466329508,6.999176509288532],[93.69854641128791,7.01300121963061],[93.68053067225276,7.017456219129258],[93.67490511607832,7.006407855338296],[93.66484588333088,7.00440711199866],[93.67074580557454,7.012563532181332],[93.67288489971838,7.033342089266057],[93.6648836683467,7.047030031610745],[93.66791092574869,7.057913339229287],[93.66867262364275,7.066035286599231],[93.66255726700433,7.070227661577348],[93.6675097822507,7.077927183892484],[93.66949079626329,7.08431155563386],[93.66064590818218,7.088986765826633],[93.65780285981418,7.097028160920956],[93.66063844290989,7.104377785806207],[93.666337966524,7.103367844450531],[93.67475143093384,7.11359313161779],[93.66836207604905,7.116847886021162],[93.66416739520918,7.113418387048966],[93.65771237002991,7.113424113032465],[93.6601578425105,7.12958345081563],[93.66604979586145,7.132274660347321],[93.6675120989043,7.139083947366316],[93.67544571294934,7.139216367141671],[93.6788117971268,7.152778813591397],[93.67504859841415,7.163082079174671],[93.67604131865198,7.171422022208617],[93.67535677899224,7.177088003808365],[93.68183676485489,7.182402361279969],[93.68645488608416,7.189431967811117],[93.69123542847228,7.19085093252454],[93.69453206430336,7.189884218881673],[93.71171545470452,7.191517510924427],[93.71950806404595,7.186652822569727],[93.72898157374067,7.185805652209126],[93.73652164625702,7.18896030037763],[93.74354417872092,7.197283017797076],[93.75282505723067,7.202314021375059],[93.74795656204577,7.197378860346191],[93.75617474316994,7.198542165788353],[93.75567908991815,7.205241669867235],[93.75451069431313,7.210183439114473],[93.759951799536,7.21432654293568],[93.76590467835825,7.213984912074068],[93.76457596331011,7.209344728676342],[93.7707595748945,7.206694308795363],[93.77704508416338,7.21175622297136],[93.78418531899734,7.215387424590006],[93.78879105206545,7.210357826652398],[93.79524791725765,7.210852587776742],[93.80043919171538,7.204817349940811],[93.80487869769382,7.20316360731465],[93.80380179461719,7.212014611685049],[93.80842681814318,7.211795475680731],[93.8127899950623,7.214302208180413],[93.80675856405657,7.218915089060147],[93.81095431149237,7.22158951094724],[93.80985942467277,7.228754461849007],[93.80575145376662,7.229345641088514],[93.80793579100401,7.23277615449598],[93.8172453902626,7.234439381372397],[93.82454429338446,7.237444727692093],[93.8316723621898,7.237938093967898],[93.83779540533374,7.239353739283672],[93.84778109602081,7.24486728219938],[93.84861388352397,7.240511941073294]]],[[[92.51840403711668,10.897494223379738],[92.52255625017085,10.89537847653554],[92.52752956044094,10.89057543940504],[92.52947921239581,10.887408604523557],[92.52822396206625,10.883176552356076],[92.52900678593448,10.881194082341096],[92.52891200638402,10.879063874398355],[92.52972336394214,10.879940341973224],[92.53007234316419,10.877660799806108],[92.53186701315218,10.88044855785472],[92.52998168430736,10.88370081034418],[92.53559924101222,10.883675028579773],[92.53985125543113,10.880132764515508],[92.5481679707753,10.871450102440349],[92.55202882596961,10.869502872359703],[92.55607238023623,10.86532412930518],[92.55948313643768,10.860466818988527],[92.55623863520492,10.848246893979024],[92.55790390713969,10.84115377102978],[92.5602787450681,10.834338069146611],[92.56264872216087,10.829603746515716],[92.56136749041741,10.824134032059987],[92.56092204451681,10.813739657059557],[92.56462770370564,10.80711376069155],[92.56351625497126,10.805080026621965],[92.56471181999456,10.803578037396562],[92.57064938785902,10.802613122397702],[92.57685737916478,10.794100367438034],[92.58686397549212,10.788128450867362],[92.58748785048397,10.78120839075467],[92.58312807659951,10.756923992148586],[92.58310110233407,10.749960734000695],[92.58222285859813,10.745695663224353],[92.58307091119366,10.740606738810015],[92.58767728457906,10.733143462101168],[92.58927937284483,10.71940433214428],[92.59236283427742,10.71238911566519],[92.59541589232964,10.707655860529599],[92.59778738657866,10.701441561379],[92.59744413783676,10.69594882697686],[92.5961337356834,10.692159350973327],[92.59714130732556,10.683409335072781],[92.59616474430754,10.677664493721466],[92.583485993284,10.678339895369902],[92.57771537466488,10.673688174569634],[92.57590402315219,10.667264398133511],[92.5776693815368,10.659995672662205],[92.58099373627198,10.658573364269387],[92.58016295785427,10.655888275523523],[92.57474385994124,10.65299270854672],[92.56813036612357,10.651423572340036],[92.56050711261321,10.645592253979373],[92.55191201302904,10.637168880839226],[92.54786894439633,10.63144217431693],[92.54216525062589,10.62094790442228],[92.53968718581501,10.608960704173228],[92.54163504362242,10.597397913782743],[92.54557738189072,10.591513518334239],[92.56287609145852,10.586185090969195],[92.56887110082073,10.58022959781772],[92.56702970835443,10.574552556355457],[92.56000592493353,10.566166803655108],[92.55619147745477,10.560515958544727],[92.55161457755077,10.555866498640057],[92.54680499245649,10.553297911669347],[92.54384924374767,10.549128429833218],[92.54421051310476,10.546295457469455],[92.5434401988062,10.543290228960927],[92.53552817838278,10.530752899926426],[92.53371495448164,10.525808506457452],[92.53309056417828,10.521844824579034],[92.53142529134419,10.518706347120258],[92.51323135074631,10.511843500976852],[92.50519030998487,10.511022249077598],[92.49837329419222,10.511206796256715],[92.49461586732849,10.514106862541723],[92.48044731559122,10.519135937073884],[92.47092762211213,10.526335902180165],[92.46352161423118,10.534669911487299],[92.45278295177184,10.542040834117245],[92.43883291280872,10.546469111160604],[92.42876625795651,10.54854960907727],[92.41911231368238,10.54789746929282],[92.40979327873686,10.53591114858068],[92.40498703192605,10.532713588361446],[92.39693391416887,10.530710926767881],[92.38976138288155,10.531042605731727],[92.38511982082315,10.532509498914294],[92.38178262916506,10.53874448786786],[92.38395221212494,10.542261181508366],[92.38711229039995,10.545028262344488],[92.39196127389374,10.551084966098358],[92.39362377411794,10.554750690891694],[92.3935373330815,10.558511979444347],[92.39587973336307,10.563784454588983],[92.39891244515326,10.566902170298988],[92.40175982015961,10.57292827641885],[92.40595738152797,10.576475371641152],[92.40891004466289,10.581147556514566],[92.41033466880998,10.59099935073948],[92.41371632025204,10.603303234656607],[92.4166107163116,10.609454013791776],[92.4206884681983,10.612123679164483],[92.41978084990637,10.619694505796872],[92.41791505523565,10.627791380068174],[92.41086786875718,10.64394518612147],[92.40518857539251,10.653408948963886],[92.39551860160225,10.665409085061299],[92.38996865143218,10.665655093707642],[92.3837474068174,10.667268724771873],[92.3832129550139,10.669874398884474],[92.38367939019179,10.67526715655407],[92.38222864703448,10.677244182073366],[92.38270289012632,10.67987853736463],[92.38145076853817,10.684116931551216],[92.38071750630792,10.695115066407254],[92.38061796035066,10.709061784174025],[92.38265721715692,10.72270912662492],[92.38038532911969,10.73124566505544],[92.37880998399362,10.749239998427242],[92.38080664351185,10.75801162053989],[92.38109027889334,10.765234424828918],[92.37892340019482,10.769140266809927],[92.37661446188798,10.776692320094526],[92.38372993928533,10.790316038254616],[92.38568721569249,10.789571404996366],[92.38589835132791,10.786688207294958],[92.38854880628242,10.78220691072039],[92.3964206360036,10.77881830122368],[92.4002439984618,10.781060620451342],[92.40460611238223,10.782153982020702],[92.4158879293845,10.791911154975878],[92.41983120024975,10.79678662080596],[92.42249808222078,10.803732837700352],[92.42356322036636,10.8082255430744],[92.42634698092849,10.81225995123583],[92.4275825064276,10.819075377027104],[92.4277150988728,10.823185857041722],[92.43046754683985,10.821515482353675],[92.43827030413127,10.825388786863073],[92.4451210831715,10.833967009769708],[92.4487907164185,10.837186386642486],[92.45297736631244,10.836804719762029],[92.45771383202776,10.83951651297673],[92.46051447376402,10.851758724085869],[92.45679741297027,10.85892668591788],[92.46077110790037,10.863497736631302],[92.46437033232502,10.864735713682308],[92.4700706365507,10.867759438547296],[92.47282957312638,10.870223952373578],[92.47556887750176,10.870481634220084],[92.48046097359509,10.872174070177266],[92.48399883997456,10.877649661702549],[92.48865525973252,10.882300459798444],[92.49125629424265,10.887121657838293],[92.49472567634893,10.889713134353713],[92.50169989003797,10.890933914568564],[92.50561069178008,10.889542254171715],[92.5123169308817,10.896551791432103],[92.51538428275848,10.897662541393231],[92.51840403711668,10.897494223379738]]]]}}]}